/home/tyrone1/lavkush/reshaped_image_dataset/dynamicBackground/fall/in000810.jpg,408,480,606,606,car
/home/tyrone1/lavkush/reshaped_image_dataset/dynamicBackground/fall/in000810.jpg,70,521,128,606,person
/home/tyrone1/lavkush/reshaped_image_dataset/dynamicBackground/fall/in000810.jpg,13,496,59,606,person
/home/tyrone1/lavkush/reshaped_image_dataset/dynamicBackground/fall/in000811.jpg,429,485,608,606,car
/home/tyrone1/lavkush/reshaped_image_dataset/dynamicBackground/fall/in000811.jpg,69,523,124,606,person
/home/tyrone1/lavkush/reshaped_image_dataset/dynamicBackground/fall/in000811.jpg,8,491,55,606,person
/home/tyrone1/lavkush/reshaped_image_dataset/dynamicBackground/fall/in000812.jpg,442,477,608,606,car
/home/tyrone1/lavkush/reshaped_image_dataset/dynamicBackground/fall/in000812.jpg,55,513,111,606,person
/home/tyrone1/lavkush/reshaped_image_dataset/dynamicBackground/fall/in000812.jpg,6,509,53,606,person
/home/tyrone1/lavkush/reshaped_image_dataset/dynamicBackground/fall/in000813.jpg,467,471,608,606,car
/home/tyrone1/lavkush/reshaped_image_dataset/dynamicBackground/fall/in000813.jpg,51,515,103,606,person
/home/tyrone1/lavkush/reshaped_image_dataset/dynamicBackground/fall/in000813.jpg,5,499,43,606,person
/home/tyrone1/lavkush/reshaped_image_dataset/dynamicBackground/fall/in000814.jpg,483,473,608,606,car
/home/tyrone1/lavkush/reshaped_image_dataset/dynamicBackground/fall/in000814.jpg,50,519,89,606,person
/home/tyrone1/lavkush/reshaped_image_dataset/dynamicBackground/fall/in000814.jpg,1,501,48,606,person
/home/tyrone1/lavkush/reshaped_image_dataset/dynamicBackground/fall/in000815.jpg,499,471,608,606,car
/home/tyrone1/lavkush/reshaped_image_dataset/dynamicBackground/fall/in000815.jpg,48,516,92,606,person
/home/tyrone1/lavkush/reshaped_image_dataset/dynamicBackground/fall/in000815.jpg,0,492,41,606,person
/home/tyrone1/lavkush/reshaped_image_dataset/dynamicBackground/fall/in000816.jpg,521,476,608,592,car
/home/tyrone1/lavkush/reshaped_image_dataset/dynamicBackground/fall/in000816.jpg,44,513,97,600,person
/home/tyrone1/lavkush/reshaped_image_dataset/dynamicBackground/fall/in000816.jpg,0,496,40,606,person
/home/tyrone1/lavkush/reshaped_image_dataset/dynamicBackground/fall/in000817.jpg,538,476,608,589,car
/home/tyrone1/lavkush/reshaped_image_dataset/dynamicBackground/fall/in000817.jpg,37,523,105,606,person
/home/tyrone1/lavkush/reshaped_image_dataset/dynamicBackground/fall/in000817.jpg,0,495,37,606,person
/home/tyrone1/lavkush/reshaped_image_dataset/dynamicBackground/fall/in000818.jpg,32,519,93,606,person
/home/tyrone1/lavkush/reshaped_image_dataset/dynamicBackground/fall/in000818.jpg,0,496,35,606,person
/home/tyrone1/lavkush/reshaped_image_dataset/dynamicBackground/fall/in000819.jpg,548,469,608,599,car
/home/tyrone1/lavkush/reshaped_image_dataset/dynamicBackground/fall/in000819.jpg,26,513,94,606,person
/home/tyrone1/lavkush/reshaped_image_dataset/dynamicBackground/fall/in000819.jpg,0,499,28,606,person
/home/tyrone1/lavkush/reshaped_image_dataset/dynamicBackground/fall/in000820.jpg,587,476,608,592,car
/home/tyrone1/lavkush/reshaped_image_dataset/dynamicBackground/fall/in000820.jpg,0,504,27,606,person
/home/tyrone1/lavkush/reshaped_image_dataset/dynamicBackground/fall/in000821.jpg,24,519,88,606,person
/home/tyrone1/lavkush/reshaped_image_dataset/dynamicBackground/fall/in000821.jpg,0,516,24,606,person
/home/tyrone1/lavkush/reshaped_image_dataset/dynamicBackground/fall/in000822.jpg,16,513,85,606,person
/home/tyrone1/lavkush/reshaped_image_dataset/dynamicBackground/fall/in000822.jpg,0,519,18,606,person
/home/tyrone1/lavkush/reshaped_image_dataset/dynamicBackground/fall/in000823.jpg,12,515,68,606,person
/home/tyrone1/lavkush/reshaped_image_dataset/dynamicBackground/fall/in000823.jpg,0,525,14,605,person
/home/tyrone1/lavkush/reshaped_image_dataset/dynamicBackground/fall/in000824.jpg,10,515,67,606,person
/home/tyrone1/lavkush/reshaped_image_dataset/dynamicBackground/fall/in000824.jpg,1,532,12,606,person
/home/tyrone1/lavkush/reshaped_image_dataset/dynamicBackground/fall/in000825.jpg,9,511,74,606,person
/home/tyrone1/lavkush/reshaped_image_dataset/dynamicBackground/fall/in000825.jpg,1,535,10,592,person
/home/tyrone1/lavkush/reshaped_image_dataset/dynamicBackground/fall/in000826.jpg,5,511,59,606,person
/home/tyrone1/lavkush/reshaped_image_dataset/dynamicBackground/fall/in000826.jpg,1,543,7,592,person
/home/tyrone1/lavkush/reshaped_image_dataset/dynamicBackground/fall/in000827.jpg,0,516,59,606,person
/home/tyrone1/lavkush/reshaped_image_dataset/dynamicBackground/fall/in000828.jpg,2,519,59,606,person
/home/tyrone1/lavkush/reshaped_image_dataset/dynamicBackground/fall/in000829.jpg,0,519,66,606,person
/home/tyrone1/lavkush/reshaped_image_dataset/dynamicBackground/fall/in000830.jpg,3,515,52,606,person
/home/tyrone1/lavkush/reshaped_image_dataset/dynamicBackground/fall/in000831.jpg,0,524,44,606,person
/home/tyrone1/lavkush/reshaped_image_dataset/dynamicBackground/fall/in000832.jpg,2,524,34,606,person
/home/tyrone1/lavkush/reshaped_image_dataset/dynamicBackground/fall/in000833.jpg,0,525,33,606,person
/home/tyrone1/lavkush/reshaped_image_dataset/dynamicBackground/fall/in000834.jpg,0,535,32,606,person
/home/tyrone1/lavkush/reshaped_image_dataset/dynamicBackground/fall/in000835.jpg,0,551,27,606,person
/home/tyrone1/lavkush/reshaped_image_dataset/dynamicBackground/fall/in000836.jpg,0,553,95,606,car
/home/tyrone1/lavkush/reshaped_image_dataset/dynamicBackground/fall/in000836.jpg,0,551,9,606,person
/home/tyrone1/lavkush/reshaped_image_dataset/dynamicBackground/fall/in000837.jpg,0,534,127,606,car
/home/tyrone1/lavkush/reshaped_image_dataset/dynamicBackground/fall/in000838.jpg,0,528,149,606,car
/home/tyrone1/lavkush/reshaped_image_dataset/dynamicBackground/fall/in000839.jpg,0,521,188,606,car
/home/tyrone1/lavkush/reshaped_image_dataset/dynamicBackground/fall/in000840.jpg,0,515,211,606,car
/home/tyrone1/lavkush/reshaped_image_dataset/dynamicBackground/fall/in000841.jpg,0,523,238,606,car
/home/tyrone1/lavkush/reshaped_image_dataset/dynamicBackground/fall/in000842.jpg,0,523,261,606,car
/home/tyrone1/lavkush/reshaped_image_dataset/dynamicBackground/fall/in000843.jpg,0,518,292,606,car
/home/tyrone1/lavkush/reshaped_image_dataset/dynamicBackground/fall/in000844.jpg,0,516,308,606,car
/home/tyrone1/lavkush/reshaped_image_dataset/dynamicBackground/fall/in000845.jpg,6,515,315,606,car
/home/tyrone1/lavkush/reshaped_image_dataset/dynamicBackground/fall/in000846.jpg,36,513,358,606,car
/home/tyrone1/lavkush/reshaped_image_dataset/dynamicBackground/fall/in000847.jpg,66,504,385,606,car
/home/tyrone1/lavkush/reshaped_image_dataset/dynamicBackground/fall/in000848.jpg,90,509,402,606,car
/home/tyrone1/lavkush/reshaped_image_dataset/dynamicBackground/fall/in000849.jpg,115,509,420,606,car
/home/tyrone1/lavkush/reshaped_image_dataset/dynamicBackground/fall/in000850.jpg,141,501,441,606,car
/home/tyrone1/lavkush/reshaped_image_dataset/dynamicBackground/fall/in000851.jpg,162,507,467,606,car
/home/tyrone1/lavkush/reshaped_image_dataset/dynamicBackground/fall/in000852.jpg,182,501,482,606,car
/home/tyrone1/lavkush/reshaped_image_dataset/dynamicBackground/fall/in000853.jpg,1,561,40,606,car
/home/tyrone1/lavkush/reshaped_image_dataset/dynamicBackground/fall/in000853.jpg,200,504,500,606,car
/home/tyrone1/lavkush/reshaped_image_dataset/dynamicBackground/fall/in000854.jpg,231,499,519,606,car
/home/tyrone1/lavkush/reshaped_image_dataset/dynamicBackground/fall/in000854.jpg,0,545,59,606,person
/home/tyrone1/lavkush/reshaped_image_dataset/dynamicBackground/fall/in000855.jpg,252,504,537,606,car
/home/tyrone1/lavkush/reshaped_image_dataset/dynamicBackground/fall/in000855.jpg,0,523,83,606,car
/home/tyrone1/lavkush/reshaped_image_dataset/dynamicBackground/fall/in000856.jpg,0,515,106,606,car
/home/tyrone1/lavkush/reshaped_image_dataset/dynamicBackground/fall/in000856.jpg,276,499,563,606,car
/home/tyrone1/lavkush/reshaped_image_dataset/dynamicBackground/fall/in000857.jpg,299,491,577,606,car
/home/tyrone1/lavkush/reshaped_image_dataset/dynamicBackground/fall/in000857.jpg,1,501,121,606,car
/home/tyrone1/lavkush/reshaped_image_dataset/dynamicBackground/fall/in000858.jpg,325,497,598,606,car
/home/tyrone1/lavkush/reshaped_image_dataset/dynamicBackground/fall/in000858.jpg,0,495,147,606,car
/home/tyrone1/lavkush/reshaped_image_dataset/dynamicBackground/fall/in000859.jpg,347,494,608,606,car
/home/tyrone1/lavkush/reshaped_image_dataset/dynamicBackground/fall/in000859.jpg,0,494,181,606,car
/home/tyrone1/lavkush/reshaped_image_dataset/dynamicBackground/fall/in000860.jpg,362,491,608,606,car
/home/tyrone1/lavkush/reshaped_image_dataset/dynamicBackground/fall/in000860.jpg,0,492,191,606,car
/home/tyrone1/lavkush/reshaped_image_dataset/dynamicBackground/fall/in000861.jpg,0,485,215,606,car
/home/tyrone1/lavkush/reshaped_image_dataset/dynamicBackground/fall/in000861.jpg,383,500,608,606,car
/home/tyrone1/lavkush/reshaped_image_dataset/dynamicBackground/fall/in000862.jpg,398,488,608,606,car
/home/tyrone1/lavkush/reshaped_image_dataset/dynamicBackground/fall/in000862.jpg,0,487,229,606,car
/home/tyrone1/lavkush/reshaped_image_dataset/dynamicBackground/fall/in000863.jpg,425,482,608,606,car
/home/tyrone1/lavkush/reshaped_image_dataset/dynamicBackground/fall/in000863.jpg,0,487,252,606,car
/home/tyrone1/lavkush/reshaped_image_dataset/dynamicBackground/fall/in000864.jpg,441,492,608,606,car
/home/tyrone1/lavkush/reshaped_image_dataset/dynamicBackground/fall/in000864.jpg,0,487,309,606,car
/home/tyrone1/lavkush/reshaped_image_dataset/dynamicBackground/fall/in000865.jpg,453,482,608,606,car
/home/tyrone1/lavkush/reshaped_image_dataset/dynamicBackground/fall/in000865.jpg,1,483,292,606,car
/home/tyrone1/lavkush/reshaped_image_dataset/dynamicBackground/fall/in000866.jpg,480,483,608,606,car
/home/tyrone1/lavkush/reshaped_image_dataset/dynamicBackground/fall/in000866.jpg,19,488,309,608,car
/home/tyrone1/lavkush/reshaped_image_dataset/dynamicBackground/fall/in000867.jpg,501,481,608,606,car
/home/tyrone1/lavkush/reshaped_image_dataset/dynamicBackground/fall/in000867.jpg,38,491,318,606,car
/home/tyrone1/lavkush/reshaped_image_dataset/dynamicBackground/fall/in000868.jpg,516,485,608,606,car
/home/tyrone1/lavkush/reshaped_image_dataset/dynamicBackground/fall/in000868.jpg,64,490,343,606,car
/home/tyrone1/lavkush/reshaped_image_dataset/dynamicBackground/fall/in000869.jpg,534,482,608,606,car
/home/tyrone1/lavkush/reshaped_image_dataset/dynamicBackground/fall/in000869.jpg,85,491,364,606,car
/home/tyrone1/lavkush/reshaped_image_dataset/dynamicBackground/fall/in000870.jpg,552,487,608,606,car
/home/tyrone1/lavkush/reshaped_image_dataset/dynamicBackground/fall/in000870.jpg,103,483,383,606,car
/home/tyrone1/lavkush/reshaped_image_dataset/dynamicBackground/fall/in000871.jpg,567,495,608,592,car
/home/tyrone1/lavkush/reshaped_image_dataset/dynamicBackground/fall/in000871.jpg,127,481,402,606,car
/home/tyrone1/lavkush/reshaped_image_dataset/dynamicBackground/fall/in000872.jpg,585,506,608,600,car
/home/tyrone1/lavkush/reshaped_image_dataset/dynamicBackground/fall/in000872.jpg,149,481,419,606,car
/home/tyrone1/lavkush/reshaped_image_dataset/dynamicBackground/fall/in000873.jpg,604,516,608,575,car
/home/tyrone1/lavkush/reshaped_image_dataset/dynamicBackground/fall/in000873.jpg,162,478,438,606,car
/home/tyrone1/lavkush/reshaped_image_dataset/dynamicBackground/fall/in000874.jpg,190,477,451,606,car
/home/tyrone1/lavkush/reshaped_image_dataset/dynamicBackground/fall/in000875.jpg,211,481,471,606,car
/home/tyrone1/lavkush/reshaped_image_dataset/dynamicBackground/fall/in000876.jpg,231,469,488,606,car
/home/tyrone1/lavkush/reshaped_image_dataset/dynamicBackground/fall/in000877.jpg,251,485,506,606,car
/home/tyrone1/lavkush/reshaped_image_dataset/dynamicBackground/fall/in000878.jpg,270,476,524,606,car
/home/tyrone1/lavkush/reshaped_image_dataset/dynamicBackground/fall/in000879.jpg,290,476,542,606,car
/home/tyrone1/lavkush/reshaped_image_dataset/dynamicBackground/fall/in000880.jpg,306,466,556,606,car
/home/tyrone1/lavkush/reshaped_image_dataset/dynamicBackground/fall/in000881.jpg,323,463,571,606,car
/home/tyrone1/lavkush/reshaped_image_dataset/dynamicBackground/fall/in000882.jpg,1,557,84,606,car
/home/tyrone1/lavkush/reshaped_image_dataset/dynamicBackground/fall/in000883.jpg,356,467,601,602,car
/home/tyrone1/lavkush/reshaped_image_dataset/dynamicBackground/fall/in000883.jpg,0,538,127,606,car
/home/tyrone1/lavkush/reshaped_image_dataset/dynamicBackground/fall/in000884.jpg,379,458,608,596,car
/home/tyrone1/lavkush/reshaped_image_dataset/dynamicBackground/fall/in000884.jpg,0,542,166,606,car
/home/tyrone1/lavkush/reshaped_image_dataset/dynamicBackground/fall/in000885.jpg,398,463,608,605,car
/home/tyrone1/lavkush/reshaped_image_dataset/dynamicBackground/fall/in000885.jpg,0,521,200,606,car
/home/tyrone1/lavkush/reshaped_image_dataset/dynamicBackground/fall/in000886.jpg,418,458,608,595,car
/home/tyrone1/lavkush/reshaped_image_dataset/dynamicBackground/fall/in000886.jpg,1,519,215,606,car
/home/tyrone1/lavkush/reshaped_image_dataset/dynamicBackground/fall/in000887.jpg,428,462,608,592,car
/home/tyrone1/lavkush/reshaped_image_dataset/dynamicBackground/fall/in000887.jpg,3,519,235,606,car
/home/tyrone1/lavkush/reshaped_image_dataset/dynamicBackground/fall/in000888.jpg,0,524,260,606,car
/home/tyrone1/lavkush/reshaped_image_dataset/dynamicBackground/fall/in000888.jpg,447,459,608,596,car
/home/tyrone1/lavkush/reshaped_image_dataset/dynamicBackground/fall/in000889.jpg,467,456,608,595,car
/home/tyrone1/lavkush/reshaped_image_dataset/dynamicBackground/fall/in000889.jpg,0,509,287,606,car
/home/tyrone1/lavkush/reshaped_image_dataset/dynamicBackground/fall/in000890.jpg,477,463,608,596,car
/home/tyrone1/lavkush/reshaped_image_dataset/dynamicBackground/fall/in000890.jpg,1,515,309,606,car
/home/tyrone1/lavkush/reshaped_image_dataset/dynamicBackground/fall/in000891.jpg,497,459,608,592,car
/home/tyrone1/lavkush/reshaped_image_dataset/dynamicBackground/fall/in000891.jpg,0,519,314,606,car
/home/tyrone1/lavkush/reshaped_image_dataset/dynamicBackground/fall/in000892.jpg,510,459,608,586,car
/home/tyrone1/lavkush/reshaped_image_dataset/dynamicBackground/fall/in000892.jpg,20,515,357,606,car
/home/tyrone1/lavkush/reshaped_image_dataset/dynamicBackground/fall/in000893.jpg,48,515,380,606,car
/home/tyrone1/lavkush/reshaped_image_dataset/dynamicBackground/fall/in000893.jpg,531,463,608,581,car
/home/tyrone1/lavkush/reshaped_image_dataset/dynamicBackground/fall/in000894.jpg,543,466,608,589,car
/home/tyrone1/lavkush/reshaped_image_dataset/dynamicBackground/fall/in000894.jpg,71,509,406,606,car
/home/tyrone1/lavkush/reshaped_image_dataset/dynamicBackground/fall/in000895.jpg,561,458,608,585,car
/home/tyrone1/lavkush/reshaped_image_dataset/dynamicBackground/fall/in000895.jpg,101,515,426,606,car
/home/tyrone1/lavkush/reshaped_image_dataset/dynamicBackground/fall/in000896.jpg,120,511,442,606,car
/home/tyrone1/lavkush/reshaped_image_dataset/dynamicBackground/fall/in000896.jpg,573,472,608,586,car
/home/tyrone1/lavkush/reshaped_image_dataset/dynamicBackground/fall/in000897.jpg,586,480,608,577,car
/home/tyrone1/lavkush/reshaped_image_dataset/dynamicBackground/fall/in000897.jpg,145,515,467,606,car
/home/tyrone1/lavkush/reshaped_image_dataset/dynamicBackground/fall/in000898.jpg,604,494,608,551,car
/home/tyrone1/lavkush/reshaped_image_dataset/dynamicBackground/fall/in000898.jpg,166,500,483,606,car
/home/tyrone1/lavkush/reshaped_image_dataset/dynamicBackground/fall/in000899.jpg,196,507,504,606,car
/home/tyrone1/lavkush/reshaped_image_dataset/dynamicBackground/fall/in000900.jpg,215,504,526,606,car
/home/tyrone1/lavkush/reshaped_image_dataset/dynamicBackground/fall/in000901.jpg,240,499,542,606,car
/home/tyrone1/lavkush/reshaped_image_dataset/dynamicBackground/fall/in000902.jpg,259,497,559,606,car
/home/tyrone1/lavkush/reshaped_image_dataset/dynamicBackground/fall/in000903.jpg,280,501,579,606,car
/home/tyrone1/lavkush/reshaped_image_dataset/dynamicBackground/fall/in000904.jpg,307,496,600,606,car
/home/tyrone1/lavkush/reshaped_image_dataset/dynamicBackground/fall/in000905.jpg,330,496,608,606,car
/home/tyrone1/lavkush/reshaped_image_dataset/dynamicBackground/fall/in000906.jpg,360,515,608,606,car
/home/tyrone1/lavkush/reshaped_image_dataset/dynamicBackground/fall/in000907.jpg,372,488,608,606,car
/home/tyrone1/lavkush/reshaped_image_dataset/dynamicBackground/fall/in000907.jpg,0,553,22,606,car
/home/tyrone1/lavkush/reshaped_image_dataset/dynamicBackground/fall/in000908.jpg,389,491,608,606,car
/home/tyrone1/lavkush/reshaped_image_dataset/dynamicBackground/fall/in000908.jpg,0,540,36,606,car
/home/tyrone1/lavkush/reshaped_image_dataset/dynamicBackground/fall/in000909.jpg,408,486,608,606,car
/home/tyrone1/lavkush/reshaped_image_dataset/dynamicBackground/fall/in000909.jpg,0,540,60,606,car
/home/tyrone1/lavkush/reshaped_image_dataset/dynamicBackground/fall/in000910.jpg,428,480,608,606,car
/home/tyrone1/lavkush/reshaped_image_dataset/dynamicBackground/fall/in000910.jpg,0,519,77,606,car
/home/tyrone1/lavkush/reshaped_image_dataset/dynamicBackground/fall/in000911.jpg,447,485,608,606,car
/home/tyrone1/lavkush/reshaped_image_dataset/dynamicBackground/fall/in000911.jpg,0,504,91,606,car
/home/tyrone1/lavkush/reshaped_image_dataset/dynamicBackground/fall/in000912.jpg,467,483,608,606,car
/home/tyrone1/lavkush/reshaped_image_dataset/dynamicBackground/fall/in000912.jpg,0,490,111,606,car
/home/tyrone1/lavkush/reshaped_image_dataset/dynamicBackground/fall/in000913.jpg,484,485,608,606,car
/home/tyrone1/lavkush/reshaped_image_dataset/dynamicBackground/fall/in000913.jpg,2,488,131,606,car
/home/tyrone1/lavkush/reshaped_image_dataset/dynamicBackground/fall/in000914.jpg,501,485,608,592,car
/home/tyrone1/lavkush/reshaped_image_dataset/dynamicBackground/fall/in000914.jpg,0,486,152,606,car
/home/tyrone1/lavkush/reshaped_image_dataset/dynamicBackground/fall/in000915.jpg,513,492,608,595,car
/home/tyrone1/lavkush/reshaped_image_dataset/dynamicBackground/fall/in000915.jpg,0,581,42,606,car
/home/tyrone1/lavkush/reshaped_image_dataset/dynamicBackground/fall/in000915.jpg,2,485,166,606,car
/home/tyrone1/lavkush/reshaped_image_dataset/dynamicBackground/fall/in000916.jpg,530,487,608,604,car
/home/tyrone1/lavkush/reshaped_image_dataset/dynamicBackground/fall/in000916.jpg,0,487,184,606,car
/home/tyrone1/lavkush/reshaped_image_dataset/dynamicBackground/fall/in000916.jpg,0,561,67,606,car
/home/tyrone1/lavkush/reshaped_image_dataset/dynamicBackground/fall/in000917.jpg,549,482,608,606,car
/home/tyrone1/lavkush/reshaped_image_dataset/dynamicBackground/fall/in000917.jpg,0,539,96,606,car
/home/tyrone1/lavkush/reshaped_image_dataset/dynamicBackground/fall/in000917.jpg,0,486,202,606,car
/home/tyrone1/lavkush/reshaped_image_dataset/dynamicBackground/fall/in000918.jpg,570,496,608,606,car
/home/tyrone1/lavkush/reshaped_image_dataset/dynamicBackground/fall/in000918.jpg,0,532,135,606,car
/home/tyrone1/lavkush/reshaped_image_dataset/dynamicBackground/fall/in000918.jpg,0,486,221,606,car
/home/tyrone1/lavkush/reshaped_image_dataset/dynamicBackground/fall/in000919.jpg,585,500,608,583,car
/home/tyrone1/lavkush/reshaped_image_dataset/dynamicBackground/fall/in000919.jpg,1,485,238,606,car
/home/tyrone1/lavkush/reshaped_image_dataset/dynamicBackground/fall/in000919.jpg,1,519,162,606,car
/home/tyrone1/lavkush/reshaped_image_dataset/dynamicBackground/fall/in000920.jpg,2,511,185,606,car
/home/tyrone1/lavkush/reshaped_image_dataset/dynamicBackground/fall/in000920.jpg,16,483,256,606,car
/home/tyrone1/lavkush/reshaped_image_dataset/dynamicBackground/fall/in000921.jpg,33,485,271,606,car
/home/tyrone1/lavkush/reshaped_image_dataset/dynamicBackground/fall/in000921.jpg,0,509,210,606,car
/home/tyrone1/lavkush/reshaped_image_dataset/dynamicBackground/fall/in000922.jpg,0,516,246,606,car
/home/tyrone1/lavkush/reshaped_image_dataset/dynamicBackground/fall/in000922.jpg,50,487,290,606,car
/home/tyrone1/lavkush/reshaped_image_dataset/dynamicBackground/fall/in000923.jpg,67,483,304,606,car
/home/tyrone1/lavkush/reshaped_image_dataset/dynamicBackground/fall/in000923.jpg,0,516,266,606,car
/home/tyrone1/lavkush/reshaped_image_dataset/dynamicBackground/fall/in000924.jpg,0,513,292,606,car
/home/tyrone1/lavkush/reshaped_image_dataset/dynamicBackground/fall/in000924.jpg,91,485,314,606,car
/home/tyrone1/lavkush/reshaped_image_dataset/dynamicBackground/fall/in000925.jpg,107,485,313,594,car
/home/tyrone1/lavkush/reshaped_image_dataset/dynamicBackground/fall/in000925.jpg,22,509,313,606,car
/home/tyrone1/lavkush/reshaped_image_dataset/dynamicBackground/fall/in000926.jpg,53,509,314,606,car
/home/tyrone1/lavkush/reshaped_image_dataset/dynamicBackground/fall/in000926.jpg,120,471,349,605,car
/home/tyrone1/lavkush/reshaped_image_dataset/dynamicBackground/fall/in000927.jpg,65,509,352,606,car
/home/tyrone1/lavkush/reshaped_image_dataset/dynamicBackground/fall/in000927.jpg,141,478,364,599,car
/home/tyrone1/lavkush/reshaped_image_dataset/dynamicBackground/fall/in000928.jpg,154,480,381,592,car
/home/tyrone1/lavkush/reshaped_image_dataset/dynamicBackground/fall/in000928.jpg,92,509,376,606,car
/home/tyrone1/lavkush/reshaped_image_dataset/dynamicBackground/fall/in000929.jpg,117,509,398,606,car
/home/tyrone1/lavkush/reshaped_image_dataset/dynamicBackground/fall/in000929.jpg,166,472,396,575,car
/home/tyrone1/lavkush/reshaped_image_dataset/dynamicBackground/fall/in000930.jpg,187,467,409,582,car
/home/tyrone1/lavkush/reshaped_image_dataset/dynamicBackground/fall/in000930.jpg,139,501,422,606,car
/home/tyrone1/lavkush/reshaped_image_dataset/dynamicBackground/fall/in000931.jpg,168,507,439,606,car
/home/tyrone1/lavkush/reshaped_image_dataset/dynamicBackground/fall/in000931.jpg,206,469,423,563,car
/home/tyrone1/lavkush/reshaped_image_dataset/dynamicBackground/fall/in000932.jpg,214,466,437,561,car
/home/tyrone1/lavkush/reshaped_image_dataset/dynamicBackground/fall/in000932.jpg,184,500,461,606,car
/home/tyrone1/lavkush/reshaped_image_dataset/dynamicBackground/fall/in000933.jpg,206,496,477,606,car
/home/tyrone1/lavkush/reshaped_image_dataset/dynamicBackground/fall/in000933.jpg,233,458,453,557,car
/home/tyrone1/lavkush/reshaped_image_dataset/dynamicBackground/fall/in000934.jpg,231,509,503,606,car
/home/tyrone1/lavkush/reshaped_image_dataset/dynamicBackground/fall/in000934.jpg,220,463,466,544,car
/home/tyrone1/lavkush/reshaped_image_dataset/dynamicBackground/fall/in000935.jpg,233,463,477,585,car
/home/tyrone1/lavkush/reshaped_image_dataset/dynamicBackground/fall/in000935.jpg,255,500,516,606,car
/home/tyrone1/lavkush/reshaped_image_dataset/dynamicBackground/fall/in000936.jpg,279,490,535,606,car
/home/tyrone1/lavkush/reshaped_image_dataset/dynamicBackground/fall/in000936.jpg,250,452,450,585,car
/home/tyrone1/lavkush/reshaped_image_dataset/dynamicBackground/fall/in000937.jpg,265,472,461,586,car
/home/tyrone1/lavkush/reshaped_image_dataset/dynamicBackground/fall/in000937.jpg,301,501,554,606,car
/home/tyrone1/lavkush/reshaped_image_dataset/dynamicBackground/fall/in000938.jpg,332,494,571,606,car
/home/tyrone1/lavkush/reshaped_image_dataset/dynamicBackground/fall/in000938.jpg,282,462,467,582,car
/home/tyrone1/lavkush/reshaped_image_dataset/dynamicBackground/fall/in000939.jpg,296,456,482,587,car
/home/tyrone1/lavkush/reshaped_image_dataset/dynamicBackground/fall/in000939.jpg,342,485,587,606,car
/home/tyrone1/lavkush/reshaped_image_dataset/dynamicBackground/fall/in000940.jpg,363,490,605,606,car
/home/tyrone1/lavkush/reshaped_image_dataset/dynamicBackground/fall/in000940.jpg,325,458,500,589,car
/home/tyrone1/lavkush/reshaped_image_dataset/dynamicBackground/fall/in000941.jpg,382,490,608,606,car
/home/tyrone1/lavkush/reshaped_image_dataset/dynamicBackground/fall/in000941.jpg,334,453,522,599,car
/home/tyrone1/lavkush/reshaped_image_dataset/dynamicBackground/fall/in000942.jpg,339,462,518,586,car
/home/tyrone1/lavkush/reshaped_image_dataset/dynamicBackground/fall/in000942.jpg,397,486,608,606,car
/home/tyrone1/lavkush/reshaped_image_dataset/dynamicBackground/fall/in000943.jpg,425,494,608,606,car
/home/tyrone1/lavkush/reshaped_image_dataset/dynamicBackground/fall/in000943.jpg,359,466,546,595,car
/home/tyrone1/lavkush/reshaped_image_dataset/dynamicBackground/fall/in000944.jpg,0,564,37,606,car
/home/tyrone1/lavkush/reshaped_image_dataset/dynamicBackground/fall/in000944.jpg,374,458,544,587,car
/home/tyrone1/lavkush/reshaped_image_dataset/dynamicBackground/fall/in000944.jpg,445,487,608,606,car
/home/tyrone1/lavkush/reshaped_image_dataset/dynamicBackground/fall/in000945.jpg,460,482,608,606,car
/home/tyrone1/lavkush/reshaped_image_dataset/dynamicBackground/fall/in000945.jpg,386,459,564,595,car
/home/tyrone1/lavkush/reshaped_image_dataset/dynamicBackground/fall/in000945.jpg,1,562,55,606,car
/home/tyrone1/lavkush/reshaped_image_dataset/dynamicBackground/fall/in000946.jpg,0,540,76,606,car
/home/tyrone1/lavkush/reshaped_image_dataset/dynamicBackground/fall/in000946.jpg,396,456,571,591,car
/home/tyrone1/lavkush/reshaped_image_dataset/dynamicBackground/fall/in000946.jpg,481,487,608,606,car
/home/tyrone1/lavkush/reshaped_image_dataset/dynamicBackground/fall/in000947.jpg,500,485,608,606,car
/home/tyrone1/lavkush/reshaped_image_dataset/dynamicBackground/fall/in000947.jpg,416,457,579,592,car
/home/tyrone1/lavkush/reshaped_image_dataset/dynamicBackground/fall/in000947.jpg,0,519,101,606,car
/home/tyrone1/lavkush/reshaped_image_dataset/dynamicBackground/fall/in000948.jpg,0,509,114,606,car
/home/tyrone1/lavkush/reshaped_image_dataset/dynamicBackground/fall/in000948.jpg,430,458,585,589,car
/home/tyrone1/lavkush/reshaped_image_dataset/dynamicBackground/fall/in000948.jpg,515,483,608,606,car
/home/tyrone1/lavkush/reshaped_image_dataset/dynamicBackground/fall/in000949.jpg,537,473,608,606,car
/home/tyrone1/lavkush/reshaped_image_dataset/dynamicBackground/fall/in000949.jpg,444,454,603,596,car
/home/tyrone1/lavkush/reshaped_image_dataset/dynamicBackground/fall/in000949.jpg,0,499,135,606,car
/home/tyrone1/lavkush/reshaped_image_dataset/dynamicBackground/fall/in000950.jpg,0,492,149,606,car
/home/tyrone1/lavkush/reshaped_image_dataset/dynamicBackground/fall/in000950.jpg,455,448,608,582,car
/home/tyrone1/lavkush/reshaped_image_dataset/dynamicBackground/fall/in000950.jpg,553,478,608,606,car
/home/tyrone1/lavkush/reshaped_image_dataset/dynamicBackground/fall/in000951.jpg,571,478,608,606,car
/home/tyrone1/lavkush/reshaped_image_dataset/dynamicBackground/fall/in000951.jpg,472,459,608,582,car
/home/tyrone1/lavkush/reshaped_image_dataset/dynamicBackground/fall/in000951.jpg,1,495,168,606,car
/home/tyrone1/lavkush/reshaped_image_dataset/dynamicBackground/fall/in000952.jpg,0,497,185,606,car
/home/tyrone1/lavkush/reshaped_image_dataset/dynamicBackground/fall/in000952.jpg,478,456,608,586,car
/home/tyrone1/lavkush/reshaped_image_dataset/dynamicBackground/fall/in000952.jpg,579,495,608,605,car
/home/tyrone1/lavkush/reshaped_image_dataset/dynamicBackground/fall/in000953.jpg,495,453,608,576,car
/home/tyrone1/lavkush/reshaped_image_dataset/dynamicBackground/fall/in000953.jpg,597,518,608,582,car
/home/tyrone1/lavkush/reshaped_image_dataset/dynamicBackground/fall/in000953.jpg,0,491,206,606,car
/home/tyrone1/lavkush/reshaped_image_dataset/dynamicBackground/fall/in000954.jpg,506,452,608,578,car
/home/tyrone1/lavkush/reshaped_image_dataset/dynamicBackground/fall/in000954.jpg,0,494,220,606,car
/home/tyrone1/lavkush/reshaped_image_dataset/dynamicBackground/fall/in000955.jpg,521,452,608,580,car
/home/tyrone1/lavkush/reshaped_image_dataset/dynamicBackground/fall/in000955.jpg,0,495,234,606,car
/home/tyrone1/lavkush/reshaped_image_dataset/dynamicBackground/fall/in000956.jpg,537,459,608,589,car
/home/tyrone1/lavkush/reshaped_image_dataset/dynamicBackground/fall/in000956.jpg,0,496,249,606,car
/home/tyrone1/lavkush/reshaped_image_dataset/dynamicBackground/fall/in000957.jpg,549,457,608,583,car
/home/tyrone1/lavkush/reshaped_image_dataset/dynamicBackground/fall/in000957.jpg,3,494,266,606,car
/home/tyrone1/lavkush/reshaped_image_dataset/dynamicBackground/fall/in000958.jpg,0,477,283,606,car
/home/tyrone1/lavkush/reshaped_image_dataset/dynamicBackground/fall/in000958.jpg,558,452,608,575,car
/home/tyrone1/lavkush/reshaped_image_dataset/dynamicBackground/fall/in000959.jpg,575,459,608,577,car
/home/tyrone1/lavkush/reshaped_image_dataset/dynamicBackground/fall/in000959.jpg,14,491,293,606,car
/home/tyrone1/lavkush/reshaped_image_dataset/dynamicBackground/fall/in000960.jpg,581,472,608,577,car
/home/tyrone1/lavkush/reshaped_image_dataset/dynamicBackground/fall/in000960.jpg,31,492,311,606,car
/home/tyrone1/lavkush/reshaped_image_dataset/dynamicBackground/fall/in000961.jpg,596,481,608,557,car
/home/tyrone1/lavkush/reshaped_image_dataset/dynamicBackground/fall/in000961.jpg,48,488,315,606,car
/home/tyrone1/lavkush/reshaped_image_dataset/dynamicBackground/fall/in000962.jpg,67,491,342,606,car
/home/tyrone1/lavkush/reshaped_image_dataset/dynamicBackground/fall/in000963.jpg,86,485,358,606,car
/home/tyrone1/lavkush/reshaped_image_dataset/dynamicBackground/fall/in000964.jpg,103,482,373,606,car
/home/tyrone1/lavkush/reshaped_image_dataset/dynamicBackground/fall/in000965.jpg,114,477,385,606,car
/home/tyrone1/lavkush/reshaped_image_dataset/dynamicBackground/fall/in000966.jpg,126,480,401,606,car
/home/tyrone1/lavkush/reshaped_image_dataset/dynamicBackground/fall/in000967.jpg,152,485,413,606,car
/home/tyrone1/lavkush/reshaped_image_dataset/dynamicBackground/fall/in000968.jpg,163,480,425,606,car
/home/tyrone1/lavkush/reshaped_image_dataset/dynamicBackground/fall/in000969.jpg,178,473,445,606,car
/home/tyrone1/lavkush/reshaped_image_dataset/dynamicBackground/fall/in000970.jpg,191,482,453,606,car
/home/tyrone1/lavkush/reshaped_image_dataset/dynamicBackground/fall/in000971.jpg,218,472,466,606,car
/home/tyrone1/lavkush/reshaped_image_dataset/dynamicBackground/fall/in000972.jpg,229,473,481,606,car
/home/tyrone1/lavkush/reshaped_image_dataset/dynamicBackground/fall/in000973.jpg,242,480,490,606,car
/home/tyrone1/lavkush/reshaped_image_dataset/dynamicBackground/fall/in000974.jpg,262,477,514,606,car
/home/tyrone1/lavkush/reshaped_image_dataset/dynamicBackground/fall/in000975.jpg,278,472,520,606,car
/home/tyrone1/lavkush/reshaped_image_dataset/dynamicBackground/fall/in000976.jpg,290,476,535,596,car
/home/tyrone1/lavkush/reshaped_image_dataset/dynamicBackground/fall/in000977.jpg,306,476,546,602,car
/home/tyrone1/lavkush/reshaped_image_dataset/dynamicBackground/fall/in000978.jpg,329,473,561,601,car
/home/tyrone1/lavkush/reshaped_image_dataset/dynamicBackground/fall/in000979.jpg,336,469,570,605,car
/home/tyrone1/lavkush/reshaped_image_dataset/dynamicBackground/fall/in000980.jpg,349,471,587,594,car
/home/tyrone1/lavkush/reshaped_image_dataset/dynamicBackground/fall/in000981.jpg,352,476,586,606,car
/home/tyrone1/lavkush/reshaped_image_dataset/dynamicBackground/fall/in000982.jpg,377,467,607,589,car
/home/tyrone1/lavkush/reshaped_image_dataset/dynamicBackground/fall/in000983.jpg,392,472,608,591,car
/home/tyrone1/lavkush/reshaped_image_dataset/dynamicBackground/fall/in000984.jpg,401,475,608,586,car
/home/tyrone1/lavkush/reshaped_image_dataset/dynamicBackground/fall/in000985.jpg,416,475,608,585,car
/home/tyrone1/lavkush/reshaped_image_dataset/dynamicBackground/fall/in000986.jpg,434,469,608,576,car
/home/tyrone1/lavkush/reshaped_image_dataset/dynamicBackground/fall/in000987.jpg,444,469,608,583,car
/home/tyrone1/lavkush/reshaped_image_dataset/dynamicBackground/fall/in000988.jpg,459,467,608,581,car
/home/tyrone1/lavkush/reshaped_image_dataset/dynamicBackground/fall/in000989.jpg,470,463,608,581,car
/home/tyrone1/lavkush/reshaped_image_dataset/dynamicBackground/fall/in000990.jpg,483,466,608,581,car
/home/tyrone1/lavkush/reshaped_image_dataset/dynamicBackground/fall/in000991.jpg,497,463,608,585,car
/home/tyrone1/lavkush/reshaped_image_dataset/dynamicBackground/fall/in000992.jpg,509,459,608,577,car
/home/tyrone1/lavkush/reshaped_image_dataset/dynamicBackground/fall/in000993.jpg,524,467,608,578,car
/home/tyrone1/lavkush/reshaped_image_dataset/dynamicBackground/fall/in000994.jpg,535,469,608,578,car
/home/tyrone1/lavkush/reshaped_image_dataset/dynamicBackground/fall/in000995.jpg,548,459,608,575,car
/home/tyrone1/lavkush/reshaped_image_dataset/dynamicBackground/fall/in000996.jpg,564,467,608,571,car
/home/tyrone1/lavkush/reshaped_image_dataset/dynamicBackground/fall/in000997.jpg,576,478,608,580,car
/home/tyrone1/lavkush/reshaped_image_dataset/dynamicBackground/fall/in000998.jpg,589,482,608,573,car
/home/tyrone1/lavkush/reshaped_image_dataset/dynamicBackground/fall/in000999.jpg,599,491,608,556,car
