/home/tyrone1/lavkush/reshaped_image_dataset/badWeather/skating/in003344.jpg,564,104,608,179,car
/home/tyrone1/lavkush/reshaped_image_dataset/badWeather/skating/in003345.jpg,555,101,608,182,car
/home/tyrone1/lavkush/reshaped_image_dataset/badWeather/skating/in003346.jpg,567,97,608,170,car
/home/tyrone1/lavkush/reshaped_image_dataset/badWeather/skating/in003347.jpg,571,101,608,180,car
/home/tyrone1/lavkush/reshaped_image_dataset/badWeather/skating/in003348.jpg,569,103,608,175,car
/home/tyrone1/lavkush/reshaped_image_dataset/badWeather/skating/in003349.jpg,567,104,608,179,car
/home/tyrone1/lavkush/reshaped_image_dataset/badWeather/skating/in003350.jpg,561,101,608,187,car
/home/tyrone1/lavkush/reshaped_image_dataset/badWeather/skating/in003542.jpg,291,403,514,606,person
/home/tyrone1/lavkush/reshaped_image_dataset/badWeather/skating/in003543.jpg,331,425,532,606,person
/home/tyrone1/lavkush/reshaped_image_dataset/badWeather/skating/in003632.jpg,573,103,608,172,car
/home/tyrone1/lavkush/reshaped_image_dataset/badWeather/skating/in003633.jpg,577,116,608,182,car
/home/tyrone1/lavkush/reshaped_image_dataset/badWeather/skating/in003634.jpg,571,99,608,179,car
/home/tyrone1/lavkush/reshaped_image_dataset/badWeather/skating/in003635.jpg,575,114,608,184,car
/home/tyrone1/lavkush/reshaped_image_dataset/badWeather/skating/in003636.jpg,574,106,608,172,car
/home/tyrone1/lavkush/reshaped_image_dataset/badWeather/skating/in003637.jpg,566,96,608,177,car
/home/tyrone1/lavkush/reshaped_image_dataset/badWeather/skating/in003638.jpg,566,97,608,175,car
/home/tyrone1/lavkush/reshaped_image_dataset/badWeather/skating/in003639.jpg,567,94,608,170,car
/home/tyrone1/lavkush/reshaped_image_dataset/badWeather/skating/in003640.jpg,559,94,608,173,car
/home/tyrone1/lavkush/reshaped_image_dataset/badWeather/skating/in003641.jpg,571,97,608,170,car
/home/tyrone1/lavkush/reshaped_image_dataset/badWeather/skating/in003642.jpg,567,91,608,179,car
/home/tyrone1/lavkush/reshaped_image_dataset/badWeather/skating/in003643.jpg,569,104,608,177,car
/home/tyrone1/lavkush/reshaped_image_dataset/badWeather/skating/in003644.jpg,564,99,608,184,car
/home/tyrone1/lavkush/reshaped_image_dataset/badWeather/skating/in003645.jpg,567,106,608,175,car
/home/tyrone1/lavkush/reshaped_image_dataset/badWeather/skating/in003646.jpg,568,108,608,172,car
/home/tyrone1/lavkush/reshaped_image_dataset/badWeather/skating/in003647.jpg,569,103,608,180,car
/home/tyrone1/lavkush/reshaped_image_dataset/badWeather/skating/in003649.jpg,569,109,608,179,car
/home/tyrone1/lavkush/reshaped_image_dataset/badWeather/skating/in003690.jpg,570,111,608,175,car
/home/tyrone1/lavkush/reshaped_image_dataset/badWeather/skating/in003691.jpg,574,106,608,180,car
/home/tyrone1/lavkush/reshaped_image_dataset/badWeather/skating/in003692.jpg,574,116,608,170,car
/home/tyrone1/lavkush/reshaped_image_dataset/badWeather/skating/in003693.jpg,564,94,608,168,car
/home/tyrone1/lavkush/reshaped_image_dataset/badWeather/skating/in003694.jpg,571,108,608,172,car
/home/tyrone1/lavkush/reshaped_image_dataset/badWeather/skating/in003695.jpg,562,108,608,197,car
/home/tyrone1/lavkush/reshaped_image_dataset/badWeather/skating/in003696.jpg,568,118,608,175,car
/home/tyrone1/lavkush/reshaped_image_dataset/badWeather/skating/in003697.jpg,569,108,608,180,car
/home/tyrone1/lavkush/reshaped_image_dataset/badWeather/skating/in003698.jpg,573,119,608,177,car
/home/tyrone1/lavkush/reshaped_image_dataset/badWeather/skating/in003699.jpg,566,121,608,177,car
/home/tyrone1/lavkush/reshaped_image_dataset/badWeather/skating/in003700.jpg,573,113,608,172,car
/home/tyrone1/lavkush/reshaped_image_dataset/badWeather/skating/in003701.jpg,566,109,608,179,car
/home/tyrone1/lavkush/reshaped_image_dataset/badWeather/skating/in003702.jpg,567,118,608,179,car
/home/tyrone1/lavkush/reshaped_image_dataset/badWeather/skating/in003734.jpg,568,113,608,184,car
/home/tyrone1/lavkush/reshaped_image_dataset/badWeather/skating/in003735.jpg,570,119,608,177,car
/home/tyrone1/lavkush/reshaped_image_dataset/badWeather/skating/in003736.jpg,573,123,608,180,car
/home/tyrone1/lavkush/reshaped_image_dataset/badWeather/skating/in003737.jpg,568,116,608,180,car
/home/tyrone1/lavkush/reshaped_image_dataset/badWeather/skating/in003738.jpg,568,113,608,182,car
/home/tyrone1/lavkush/reshaped_image_dataset/badWeather/skating/in003739.jpg,571,118,608,185,car
/home/tyrone1/lavkush/reshaped_image_dataset/badWeather/skating/in003740.jpg,568,103,608,180,car
/home/tyrone1/lavkush/reshaped_image_dataset/badWeather/skating/in003741.jpg,569,114,608,180,car
/home/tyrone1/lavkush/reshaped_image_dataset/badWeather/skating/in003742.jpg,567,109,608,187,car
/home/tyrone1/lavkush/reshaped_image_dataset/badWeather/skating/in003743.jpg,569,119,608,177,car
/home/tyrone1/lavkush/reshaped_image_dataset/badWeather/skating/in003744.jpg,571,123,608,177,car
/home/tyrone1/lavkush/reshaped_image_dataset/badWeather/skating/in003745.jpg,560,109,608,187,car
/home/tyrone1/lavkush/reshaped_image_dataset/badWeather/skating/in003746.jpg,566,121,608,179,car
/home/tyrone1/lavkush/reshaped_image_dataset/badWeather/skating/in003747.jpg,569,119,608,185,car
/home/tyrone1/lavkush/reshaped_image_dataset/badWeather/skating/in003789.jpg,568,113,608,179,car
/home/tyrone1/lavkush/reshaped_image_dataset/badWeather/skating/in003790.jpg,567,116,608,177,car
/home/tyrone1/lavkush/reshaped_image_dataset/badWeather/skating/in003791.jpg,569,119,608,180,car
/home/tyrone1/lavkush/reshaped_image_dataset/badWeather/skating/in003792.jpg,574,113,608,179,car
/home/tyrone1/lavkush/reshaped_image_dataset/badWeather/skating/in003793.jpg,566,109,608,173,car
/home/tyrone1/lavkush/reshaped_image_dataset/badWeather/skating/in003794.jpg,565,109,608,182,car
/home/tyrone1/lavkush/reshaped_image_dataset/badWeather/skating/in003795.jpg,567,116,608,173,car
/home/tyrone1/lavkush/reshaped_image_dataset/badWeather/skating/in003796.jpg,567,113,608,179,car
/home/tyrone1/lavkush/reshaped_image_dataset/badWeather/skating/in003797.jpg,569,113,608,179,car
/home/tyrone1/lavkush/reshaped_image_dataset/badWeather/skating/in003798.jpg,574,116,608,180,car
/home/tyrone1/lavkush/reshaped_image_dataset/badWeather/skating/in003799.jpg,573,109,608,172,car
/home/tyrone1/lavkush/reshaped_image_dataset/badWeather/skating/in003800.jpg,571,121,606,173,car
/home/tyrone1/lavkush/reshaped_image_dataset/badWeather/skating/in003830.jpg,0,175,40,601,person
/home/tyrone1/lavkush/reshaped_image_dataset/badWeather/skating/in003831.jpg,0,163,63,608,person
/home/tyrone1/lavkush/reshaped_image_dataset/badWeather/skating/in003832.jpg,0,146,68,608,person
/home/tyrone1/lavkush/reshaped_image_dataset/badWeather/skating/in003833.jpg,0,145,82,606,person
/home/tyrone1/lavkush/reshaped_image_dataset/badWeather/skating/in003834.jpg,0,135,94,606,person
/home/tyrone1/lavkush/reshaped_image_dataset/badWeather/skating/in003835.jpg,0,155,96,606,person
/home/tyrone1/lavkush/reshaped_image_dataset/badWeather/skating/in003836.jpg,0,150,117,594,person
/home/tyrone1/lavkush/reshaped_image_dataset/badWeather/skating/in003837.jpg,575,126,608,177,car
/home/tyrone1/lavkush/reshaped_image_dataset/badWeather/skating/in003837.jpg,0,162,128,608,person
/home/tyrone1/lavkush/reshaped_image_dataset/badWeather/skating/in003838.jpg,566,116,608,180,car
/home/tyrone1/lavkush/reshaped_image_dataset/badWeather/skating/in003838.jpg,0,155,135,608,person
/home/tyrone1/lavkush/reshaped_image_dataset/badWeather/skating/in003839.jpg,561,113,608,170,car
/home/tyrone1/lavkush/reshaped_image_dataset/badWeather/skating/in003839.jpg,10,145,155,586,person
/home/tyrone1/lavkush/reshaped_image_dataset/badWeather/skating/in003840.jpg,567,113,608,179,car
/home/tyrone1/lavkush/reshaped_image_dataset/badWeather/skating/in003840.jpg,21,150,166,606,person
/home/tyrone1/lavkush/reshaped_image_dataset/badWeather/skating/in003841.jpg,566,116,608,177,car
/home/tyrone1/lavkush/reshaped_image_dataset/badWeather/skating/in003841.jpg,30,113,174,602,person
/home/tyrone1/lavkush/reshaped_image_dataset/badWeather/skating/in003842.jpg,566,123,608,175,car
/home/tyrone1/lavkush/reshaped_image_dataset/badWeather/skating/in003842.jpg,39,135,197,606,person
/home/tyrone1/lavkush/reshaped_image_dataset/badWeather/skating/in003843.jpg,577,126,608,173,car
/home/tyrone1/lavkush/reshaped_image_dataset/badWeather/skating/in003843.jpg,47,150,192,606,person
/home/tyrone1/lavkush/reshaped_image_dataset/badWeather/skating/in003844.jpg,567,113,608,170,car
/home/tyrone1/lavkush/reshaped_image_dataset/badWeather/skating/in003844.jpg,65,138,203,606,person
/home/tyrone1/lavkush/reshaped_image_dataset/badWeather/skating/in003845.jpg,569,119,608,172,car
/home/tyrone1/lavkush/reshaped_image_dataset/badWeather/skating/in003845.jpg,61,150,212,587,person
/home/tyrone1/lavkush/reshaped_image_dataset/badWeather/skating/in003846.jpg,575,116,608,173,car
/home/tyrone1/lavkush/reshaped_image_dataset/badWeather/skating/in003846.jpg,72,140,219,582,person
/home/tyrone1/lavkush/reshaped_image_dataset/badWeather/skating/in003847.jpg,569,116,608,175,car
/home/tyrone1/lavkush/reshaped_image_dataset/badWeather/skating/in003847.jpg,92,158,224,594,person
/home/tyrone1/lavkush/reshaped_image_dataset/badWeather/skating/in003848.jpg,90,150,235,575,person
/home/tyrone1/lavkush/reshaped_image_dataset/badWeather/skating/in003849.jpg,100,157,247,574,person
/home/tyrone1/lavkush/reshaped_image_dataset/badWeather/skating/in003850.jpg,106,131,254,591,person
/home/tyrone1/lavkush/reshaped_image_dataset/badWeather/skating/in003851.jpg,129,135,252,553,person
/home/tyrone1/lavkush/reshaped_image_dataset/badWeather/skating/in003852.jpg,123,140,261,575,person
/home/tyrone1/lavkush/reshaped_image_dataset/badWeather/skating/in003853.jpg,127,153,267,577,person
/home/tyrone1/lavkush/reshaped_image_dataset/badWeather/skating/in003854.jpg,133,157,284,582,person
/home/tyrone1/lavkush/reshaped_image_dataset/badWeather/skating/in003855.jpg,138,146,281,560,person
/home/tyrone1/lavkush/reshaped_image_dataset/badWeather/skating/in003856.jpg,152,157,294,572,person
/home/tyrone1/lavkush/reshaped_image_dataset/badWeather/skating/in003857.jpg,152,135,296,565,person
/home/tyrone1/lavkush/reshaped_image_dataset/badWeather/skating/in003858.jpg,158,131,292,562,person
/home/tyrone1/lavkush/reshaped_image_dataset/badWeather/skating/in003859.jpg,164,145,300,555,person
/home/tyrone1/lavkush/reshaped_image_dataset/badWeather/skating/in003860.jpg,161,135,308,550,person
/home/tyrone1/lavkush/reshaped_image_dataset/badWeather/skating/in003861.jpg,183,155,309,562,person
/home/tyrone1/lavkush/reshaped_image_dataset/badWeather/skating/in003862.jpg,183,140,306,547,person
/home/tyrone1/lavkush/reshaped_image_dataset/badWeather/skating/in003863.jpg,182,131,328,538,person
/home/tyrone1/lavkush/reshaped_image_dataset/badWeather/skating/in003864.jpg,197,148,322,548,person
/home/tyrone1/lavkush/reshaped_image_dataset/badWeather/skating/in003865.jpg,206,148,316,532,person
/home/tyrone1/lavkush/reshaped_image_dataset/badWeather/skating/in003866.jpg,213,138,325,538,person
/home/tyrone1/lavkush/reshaped_image_dataset/badWeather/skating/in003867.jpg,215,140,326,538,person
/home/tyrone1/lavkush/reshaped_image_dataset/badWeather/skating/in003868.jpg,225,140,327,538,person
/home/tyrone1/lavkush/reshaped_image_dataset/badWeather/skating/in003869.jpg,233,145,331,535,person
/home/tyrone1/lavkush/reshaped_image_dataset/badWeather/skating/in003870.jpg,231,150,337,543,person
/home/tyrone1/lavkush/reshaped_image_dataset/badWeather/skating/in003871.jpg,235,135,344,533,person
/home/tyrone1/lavkush/reshaped_image_dataset/badWeather/skating/in003872.jpg,252,165,350,538,person
/home/tyrone1/lavkush/reshaped_image_dataset/badWeather/skating/in003873.jpg,248,140,352,552,person
/home/tyrone1/lavkush/reshaped_image_dataset/badWeather/skating/in003874.jpg,258,123,350,537,person
/home/tyrone1/lavkush/reshaped_image_dataset/badWeather/skating/in003875.jpg,264,136,358,543,person
/home/tyrone1/lavkush/reshaped_image_dataset/badWeather/skating/in003876.jpg,261,148,369,528,person
/home/tyrone1/lavkush/reshaped_image_dataset/badWeather/skating/in003877.jpg,267,128,367,523,person
/home/tyrone1/lavkush/reshaped_image_dataset/badWeather/skating/in003878.jpg,264,172,365,533,person
/home/tyrone1/lavkush/reshaped_image_dataset/badWeather/skating/in003879.jpg,256,163,397,530,person
/home/tyrone1/lavkush/reshaped_image_dataset/badWeather/skating/in003880.jpg,263,165,410,504,person
/home/tyrone1/lavkush/reshaped_image_dataset/badWeather/skating/in003881.jpg,276,141,410,520,person
/home/tyrone1/lavkush/reshaped_image_dataset/badWeather/skating/in003882.jpg,273,123,432,530,person
/home/tyrone1/lavkush/reshaped_image_dataset/badWeather/skating/in003883.jpg,291,138,432,521,person
/home/tyrone1/lavkush/reshaped_image_dataset/badWeather/skating/in003884.jpg,293,135,445,518,person
/home/tyrone1/lavkush/reshaped_image_dataset/badWeather/skating/in003885.jpg,309,119,448,542,person
/home/tyrone1/lavkush/reshaped_image_dataset/badWeather/skating/in003886.jpg,325,152,454,520,person
/home/tyrone1/lavkush/reshaped_image_dataset/badWeather/skating/in003887.jpg,326,128,463,518,person
/home/tyrone1/lavkush/reshaped_image_dataset/badWeather/skating/in003888.jpg,356,116,478,493,person
/home/tyrone1/lavkush/reshaped_image_dataset/badWeather/skating/in003889.jpg,370,126,493,499,person
/home/tyrone1/lavkush/reshaped_image_dataset/badWeather/skating/in003890.jpg,383,145,493,488,person
/home/tyrone1/lavkush/reshaped_image_dataset/badWeather/skating/in003891.jpg,387,140,501,481,person
/home/tyrone1/lavkush/reshaped_image_dataset/badWeather/skating/in003892.jpg,380,111,510,491,person
/home/tyrone1/lavkush/reshaped_image_dataset/badWeather/skating/in003893.jpg,390,133,512,476,person
/home/tyrone1/lavkush/reshaped_image_dataset/badWeather/skating/in003894.jpg,391,124,519,484,person
/home/tyrone1/lavkush/reshaped_image_dataset/badWeather/skating/in003895.jpg,406,140,543,493,person
/home/tyrone1/lavkush/reshaped_image_dataset/badWeather/skating/in003896.jpg,412,109,528,484,person
/home/tyrone1/lavkush/reshaped_image_dataset/badWeather/skating/in003897.jpg,415,128,552,499,person
/home/tyrone1/lavkush/reshaped_image_dataset/badWeather/skating/in003898.jpg,410,126,561,496,person
/home/tyrone1/lavkush/reshaped_image_dataset/badWeather/skating/in003899.jpg,416,116,550,469,person
/home/tyrone1/lavkush/reshaped_image_dataset/badWeather/skating/in003900.jpg,435,138,547,477,person
