/home/tyrone1/lavkush/reshaped_image_dataset/shadow/backdoor/in000186.jpg,509,2,608,608,person
/home/tyrone1/lavkush/reshaped_image_dataset/shadow/backdoor/in000187.jpg,518,2,608,570,person
/home/tyrone1/lavkush/reshaped_image_dataset/shadow/backdoor/in000188.jpg,524,2,608,597,person
/home/tyrone1/lavkush/reshaped_image_dataset/shadow/backdoor/in000189.jpg,518,2,608,580,person
/home/tyrone1/lavkush/reshaped_image_dataset/shadow/backdoor/in000190.jpg,528,5,608,597,person
/home/tyrone1/lavkush/reshaped_image_dataset/shadow/backdoor/in000236.jpg,0,103,45,466,person
/home/tyrone1/lavkush/reshaped_image_dataset/shadow/backdoor/in000237.jpg,0,83,41,463,person
/home/tyrone1/lavkush/reshaped_image_dataset/shadow/backdoor/in000238.jpg,0,76,51,488,person
/home/tyrone1/lavkush/reshaped_image_dataset/shadow/backdoor/in000239.jpg,0,83,51,483,person
/home/tyrone1/lavkush/reshaped_image_dataset/shadow/backdoor/in000240.jpg,0,86,45,461,person
/home/tyrone1/lavkush/reshaped_image_dataset/shadow/backdoor/in000241.jpg,1,83,57,491,person
/home/tyrone1/lavkush/reshaped_image_dataset/shadow/backdoor/in000242.jpg,0,86,60,463,person
/home/tyrone1/lavkush/reshaped_image_dataset/shadow/backdoor/in000243.jpg,1,76,64,461,person
/home/tyrone1/lavkush/reshaped_image_dataset/shadow/backdoor/in000244.jpg,1,88,81,478,person
/home/tyrone1/lavkush/reshaped_image_dataset/shadow/backdoor/in000245.jpg,0,81,77,483,person
/home/tyrone1/lavkush/reshaped_image_dataset/shadow/backdoor/in000246.jpg,0,81,83,478,person
/home/tyrone1/lavkush/reshaped_image_dataset/shadow/backdoor/in000247.jpg,0,88,76,468,person
/home/tyrone1/lavkush/reshaped_image_dataset/shadow/backdoor/in000248.jpg,0,86,79,473,person
/home/tyrone1/lavkush/reshaped_image_dataset/shadow/backdoor/in000249.jpg,0,83,81,473,person
/home/tyrone1/lavkush/reshaped_image_dataset/shadow/backdoor/in000250.jpg,1,86,83,458,person
/home/tyrone1/lavkush/reshaped_image_dataset/shadow/backdoor/in000251.jpg,1,70,87,453,person
/home/tyrone1/lavkush/reshaped_image_dataset/shadow/backdoor/in000252.jpg,11,91,91,471,person
/home/tyrone1/lavkush/reshaped_image_dataset/shadow/backdoor/in000253.jpg,9,83,89,463,person
/home/tyrone1/lavkush/reshaped_image_dataset/shadow/backdoor/in000254.jpg,17,76,95,473,person
/home/tyrone1/lavkush/reshaped_image_dataset/shadow/backdoor/in000255.jpg,19,70,95,468,person
/home/tyrone1/lavkush/reshaped_image_dataset/shadow/backdoor/in000256.jpg,19,76,106,473,person
/home/tyrone1/lavkush/reshaped_image_dataset/shadow/backdoor/in000257.jpg,22,83,115,458,person
/home/tyrone1/lavkush/reshaped_image_dataset/shadow/backdoor/in000258.jpg,22,81,125,473,person
/home/tyrone1/lavkush/reshaped_image_dataset/shadow/backdoor/in000259.jpg,26,76,123,456,person
/home/tyrone1/lavkush/reshaped_image_dataset/shadow/backdoor/in000260.jpg,28,83,131,456,person
/home/tyrone1/lavkush/reshaped_image_dataset/shadow/backdoor/in000261.jpg,28,78,142,463,person
/home/tyrone1/lavkush/reshaped_image_dataset/shadow/backdoor/in000262.jpg,30,93,134,471,person
/home/tyrone1/lavkush/reshaped_image_dataset/shadow/backdoor/in000263.jpg,28,81,140,463,person
/home/tyrone1/lavkush/reshaped_image_dataset/shadow/backdoor/in000264.jpg,36,88,148,463,person
/home/tyrone1/lavkush/reshaped_image_dataset/shadow/backdoor/in000265.jpg,39,93,146,478,person
/home/tyrone1/lavkush/reshaped_image_dataset/shadow/backdoor/in000266.jpg,45,83,142,458,person
/home/tyrone1/lavkush/reshaped_image_dataset/shadow/backdoor/in000267.jpg,41,76,155,473,person
/home/tyrone1/lavkush/reshaped_image_dataset/shadow/backdoor/in000268.jpg,57,91,148,450,person
/home/tyrone1/lavkush/reshaped_image_dataset/shadow/backdoor/in000269.jpg,58,63,155,463,person
/home/tyrone1/lavkush/reshaped_image_dataset/shadow/backdoor/in000270.jpg,53,65,157,463,person
/home/tyrone1/lavkush/reshaped_image_dataset/shadow/backdoor/in000271.jpg,68,65,157,463,person
/home/tyrone1/lavkush/reshaped_image_dataset/shadow/backdoor/in000272.jpg,70,76,159,478,person
/home/tyrone1/lavkush/reshaped_image_dataset/shadow/backdoor/in000273.jpg,74,76,165,461,person
/home/tyrone1/lavkush/reshaped_image_dataset/shadow/backdoor/in000274.jpg,77,68,184,473,person
/home/tyrone1/lavkush/reshaped_image_dataset/shadow/backdoor/in000275.jpg,76,81,184,488,person
/home/tyrone1/lavkush/reshaped_image_dataset/shadow/backdoor/in000277.jpg,87,78,182,448,person
/home/tyrone1/lavkush/reshaped_image_dataset/shadow/backdoor/in000278.jpg,85,83,191,483,person
/home/tyrone1/lavkush/reshaped_image_dataset/shadow/backdoor/in000279.jpg,85,88,191,486,person
/home/tyrone1/lavkush/reshaped_image_dataset/shadow/backdoor/in000280.jpg,87,78,190,463,person
/home/tyrone1/lavkush/reshaped_image_dataset/shadow/backdoor/in000281.jpg,91,73,190,468,person
/home/tyrone1/lavkush/reshaped_image_dataset/shadow/backdoor/in000282.jpg,89,70,203,466,person
/home/tyrone1/lavkush/reshaped_image_dataset/shadow/backdoor/in000283.jpg,108,70,199,466,person
/home/tyrone1/lavkush/reshaped_image_dataset/shadow/backdoor/in000284.jpg,115,73,191,456,person
/home/tyrone1/lavkush/reshaped_image_dataset/shadow/backdoor/in000285.jpg,117,58,195,463,person
/home/tyrone1/lavkush/reshaped_image_dataset/shadow/backdoor/in000286.jpg,117,58,197,450,person
/home/tyrone1/lavkush/reshaped_image_dataset/shadow/backdoor/in000288.jpg,125,73,220,463,person
/home/tyrone1/lavkush/reshaped_image_dataset/shadow/backdoor/in000289.jpg,134,70,228,471,person
/home/tyrone1/lavkush/reshaped_image_dataset/shadow/backdoor/in000290.jpg,138,78,239,471,person
/home/tyrone1/lavkush/reshaped_image_dataset/shadow/backdoor/in000291.jpg,129,65,241,463,person
/home/tyrone1/lavkush/reshaped_image_dataset/shadow/backdoor/in000292.jpg,136,70,247,478,person
/home/tyrone1/lavkush/reshaped_image_dataset/shadow/backdoor/in000293.jpg,150,76,256,488,person
/home/tyrone1/lavkush/reshaped_image_dataset/shadow/backdoor/in000294.jpg,148,68,252,478,person
/home/tyrone1/lavkush/reshaped_image_dataset/shadow/backdoor/in000295.jpg,150,81,250,476,person
/home/tyrone1/lavkush/reshaped_image_dataset/shadow/backdoor/in000296.jpg,153,73,260,468,person
/home/tyrone1/lavkush/reshaped_image_dataset/shadow/backdoor/in000297.jpg,163,65,258,468,person
/home/tyrone1/lavkush/reshaped_image_dataset/shadow/backdoor/in000298.jpg,165,68,258,473,person
/home/tyrone1/lavkush/reshaped_image_dataset/shadow/backdoor/in000299.jpg,172,73,256,463,person
/home/tyrone1/lavkush/reshaped_image_dataset/shadow/backdoor/in000300.jpg,165,63,262,478,person
/home/tyrone1/lavkush/reshaped_image_dataset/shadow/backdoor/in000301.jpg,184,68,264,481,person
/home/tyrone1/lavkush/reshaped_image_dataset/shadow/backdoor/in000302.jpg,186,65,269,463,person
/home/tyrone1/lavkush/reshaped_image_dataset/shadow/backdoor/in000303.jpg,191,70,275,471,person
/home/tyrone1/lavkush/reshaped_image_dataset/shadow/backdoor/in000304.jpg,191,78,281,478,person
/home/tyrone1/lavkush/reshaped_image_dataset/shadow/backdoor/in000305.jpg,199,76,296,473,person
/home/tyrone1/lavkush/reshaped_image_dataset/shadow/backdoor/in000306.jpg,203,68,309,473,person
/home/tyrone1/lavkush/reshaped_image_dataset/shadow/backdoor/in000307.jpg,197,65,305,476,person
/home/tyrone1/lavkush/reshaped_image_dataset/shadow/backdoor/in000308.jpg,199,65,311,481,person
/home/tyrone1/lavkush/reshaped_image_dataset/shadow/backdoor/in000309.jpg,203,78,309,486,person
/home/tyrone1/lavkush/reshaped_image_dataset/shadow/backdoor/in000310.jpg,203,86,307,466,person
/home/tyrone1/lavkush/reshaped_image_dataset/shadow/backdoor/in000311.jpg,209,73,311,476,person
/home/tyrone1/lavkush/reshaped_image_dataset/shadow/backdoor/in000312.jpg,209,70,317,471,person
/home/tyrone1/lavkush/reshaped_image_dataset/shadow/backdoor/in000313.jpg,218,63,311,471,person
/home/tyrone1/lavkush/reshaped_image_dataset/shadow/backdoor/in000314.jpg,226,63,319,471,person
/home/tyrone1/lavkush/reshaped_image_dataset/shadow/backdoor/in000315.jpg,229,55,332,481,person
/home/tyrone1/lavkush/reshaped_image_dataset/shadow/backdoor/in000316.jpg,231,65,323,476,person
/home/tyrone1/lavkush/reshaped_image_dataset/shadow/backdoor/in000317.jpg,241,48,334,494,person
/home/tyrone1/lavkush/reshaped_image_dataset/shadow/backdoor/in000318.jpg,243,55,336,496,person
/home/tyrone1/lavkush/reshaped_image_dataset/shadow/backdoor/in000319.jpg,245,55,343,483,person
/home/tyrone1/lavkush/reshaped_image_dataset/shadow/backdoor/in000320.jpg,258,58,362,471,person
/home/tyrone1/lavkush/reshaped_image_dataset/shadow/backdoor/in000321.jpg,260,60,362,496,person
/home/tyrone1/lavkush/reshaped_image_dataset/shadow/backdoor/in000322.jpg,254,73,372,488,person
/home/tyrone1/lavkush/reshaped_image_dataset/shadow/backdoor/in000323.jpg,262,60,385,488,person
/home/tyrone1/lavkush/reshaped_image_dataset/shadow/backdoor/in000324.jpg,267,53,393,511,person
/home/tyrone1/lavkush/reshaped_image_dataset/shadow/backdoor/in000325.jpg,264,58,393,483,person
/home/tyrone1/lavkush/reshaped_image_dataset/shadow/backdoor/in000326.jpg,275,60,393,478,person
/home/tyrone1/lavkush/reshaped_image_dataset/shadow/backdoor/in000327.jpg,275,63,387,486,person
/home/tyrone1/lavkush/reshaped_image_dataset/shadow/backdoor/in000328.jpg,292,65,399,483,person
/home/tyrone1/lavkush/reshaped_image_dataset/shadow/backdoor/in000329.jpg,294,73,404,476,person
/home/tyrone1/lavkush/reshaped_image_dataset/shadow/backdoor/in000330.jpg,300,58,406,476,person
/home/tyrone1/lavkush/reshaped_image_dataset/shadow/backdoor/in000331.jpg,300,65,397,476,person
/home/tyrone1/lavkush/reshaped_image_dataset/shadow/backdoor/in000332.jpg,304,63,404,486,person
/home/tyrone1/lavkush/reshaped_image_dataset/shadow/backdoor/in000333.jpg,307,60,412,486,person
/home/tyrone1/lavkush/reshaped_image_dataset/shadow/backdoor/in000334.jpg,313,60,416,494,person
/home/tyrone1/lavkush/reshaped_image_dataset/shadow/backdoor/in000335.jpg,321,58,423,491,person
/home/tyrone1/lavkush/reshaped_image_dataset/shadow/backdoor/in000336.jpg,313,63,438,494,person
/home/tyrone1/lavkush/reshaped_image_dataset/shadow/backdoor/in000337.jpg,323,81,433,476,person
/home/tyrone1/lavkush/reshaped_image_dataset/shadow/backdoor/in000338.jpg,321,55,442,471,person
/home/tyrone1/lavkush/reshaped_image_dataset/shadow/backdoor/in000339.jpg,313,68,448,506,person
/home/tyrone1/lavkush/reshaped_image_dataset/shadow/backdoor/in000340.jpg,315,38,446,509,person
/home/tyrone1/lavkush/reshaped_image_dataset/shadow/backdoor/in000341.jpg,330,58,450,491,person
/home/tyrone1/lavkush/reshaped_image_dataset/shadow/backdoor/in000342.jpg,342,70,440,501,person
/home/tyrone1/lavkush/reshaped_image_dataset/shadow/backdoor/in000343.jpg,345,53,442,488,person
/home/tyrone1/lavkush/reshaped_image_dataset/shadow/backdoor/in000344.jpg,353,53,456,491,person
/home/tyrone1/lavkush/reshaped_image_dataset/shadow/backdoor/in000345.jpg,366,53,454,504,person
/home/tyrone1/lavkush/reshaped_image_dataset/shadow/backdoor/in000346.jpg,361,30,473,526,person
/home/tyrone1/lavkush/reshaped_image_dataset/shadow/backdoor/in000347.jpg,368,48,480,506,person
/home/tyrone1/lavkush/reshaped_image_dataset/shadow/backdoor/in000348.jpg,372,35,486,496,person
/home/tyrone1/lavkush/reshaped_image_dataset/shadow/backdoor/in000349.jpg,380,35,486,481,person
/home/tyrone1/lavkush/reshaped_image_dataset/shadow/backdoor/in000350.jpg,383,48,499,486,person
/home/tyrone1/lavkush/reshaped_image_dataset/shadow/backdoor/in000351.jpg,376,35,501,483,person
/home/tyrone1/lavkush/reshaped_image_dataset/shadow/backdoor/in000352.jpg,391,63,513,506,person
/home/tyrone1/lavkush/reshaped_image_dataset/shadow/backdoor/in000353.jpg,389,70,514,499,person
/home/tyrone1/lavkush/reshaped_image_dataset/shadow/backdoor/in000354.jpg,389,55,513,506,person
/home/tyrone1/lavkush/reshaped_image_dataset/shadow/backdoor/in000355.jpg,408,53,518,499,person
/home/tyrone1/lavkush/reshaped_image_dataset/shadow/backdoor/in000356.jpg,406,58,518,494,person
/home/tyrone1/lavkush/reshaped_image_dataset/shadow/backdoor/in000357.jpg,408,58,520,488,person
/home/tyrone1/lavkush/reshaped_image_dataset/shadow/backdoor/in000358.jpg,419,63,528,499,person
/home/tyrone1/lavkush/reshaped_image_dataset/shadow/backdoor/in000359.jpg,431,55,526,499,person
/home/tyrone1/lavkush/reshaped_image_dataset/shadow/backdoor/in000360.jpg,423,48,526,481,person
/home/tyrone1/lavkush/reshaped_image_dataset/shadow/backdoor/in000361.jpg,440,53,526,496,person
/home/tyrone1/lavkush/reshaped_image_dataset/shadow/backdoor/in000362.jpg,438,58,530,476,person
/home/tyrone1/lavkush/reshaped_image_dataset/shadow/backdoor/in000363.jpg,437,48,545,499,person
/home/tyrone1/lavkush/reshaped_image_dataset/shadow/backdoor/in000364.jpg,448,53,547,496,person
/home/tyrone1/lavkush/reshaped_image_dataset/shadow/backdoor/in000365.jpg,446,45,556,494,person
/home/tyrone1/lavkush/reshaped_image_dataset/shadow/backdoor/in000366.jpg,452,48,560,509,person
/home/tyrone1/lavkush/reshaped_image_dataset/shadow/backdoor/in000367.jpg,452,53,575,504,person
/home/tyrone1/lavkush/reshaped_image_dataset/shadow/backdoor/in000368.jpg,463,73,581,499,person
/home/tyrone1/lavkush/reshaped_image_dataset/shadow/backdoor/in000369.jpg,459,50,589,506,person
/home/tyrone1/lavkush/reshaped_image_dataset/shadow/backdoor/in000370.jpg,461,65,587,501,person
/home/tyrone1/lavkush/reshaped_image_dataset/shadow/backdoor/in000371.jpg,461,53,587,504,person
/home/tyrone1/lavkush/reshaped_image_dataset/shadow/backdoor/in000372.jpg,463,58,587,506,person
/home/tyrone1/lavkush/reshaped_image_dataset/shadow/backdoor/in000373.jpg,475,48,587,488,person
/home/tyrone1/lavkush/reshaped_image_dataset/shadow/backdoor/in000374.jpg,476,55,583,496,person
/home/tyrone1/lavkush/reshaped_image_dataset/shadow/backdoor/in000375.jpg,494,60,585,488,person
/home/tyrone1/lavkush/reshaped_image_dataset/shadow/backdoor/in000376.jpg,511,38,598,496,person
/home/tyrone1/lavkush/reshaped_image_dataset/shadow/backdoor/in000377.jpg,509,40,608,486,person
/home/tyrone1/lavkush/reshaped_image_dataset/shadow/backdoor/in000378.jpg,513,38,608,504,person
/home/tyrone1/lavkush/reshaped_image_dataset/shadow/backdoor/in000379.jpg,511,43,608,499,person
/home/tyrone1/lavkush/reshaped_image_dataset/shadow/backdoor/in000380.jpg,520,45,608,496,person
/home/tyrone1/lavkush/reshaped_image_dataset/shadow/backdoor/in000381.jpg,524,35,608,501,person
/home/tyrone1/lavkush/reshaped_image_dataset/shadow/backdoor/in000382.jpg,524,50,608,486,person
/home/tyrone1/lavkush/reshaped_image_dataset/shadow/backdoor/in000383.jpg,535,48,608,491,person
/home/tyrone1/lavkush/reshaped_image_dataset/shadow/backdoor/in000384.jpg,533,55,608,491,person
/home/tyrone1/lavkush/reshaped_image_dataset/shadow/backdoor/in000385.jpg,539,50,608,491,person
/home/tyrone1/lavkush/reshaped_image_dataset/shadow/backdoor/in000386.jpg,545,55,608,499,person
/home/tyrone1/lavkush/reshaped_image_dataset/shadow/backdoor/in000387.jpg,543,48,608,496,person
/home/tyrone1/lavkush/reshaped_image_dataset/shadow/backdoor/in000388.jpg,537,40,608,483,person
/home/tyrone1/lavkush/reshaped_image_dataset/shadow/backdoor/in000389.jpg,554,60,608,494,person
/home/tyrone1/lavkush/reshaped_image_dataset/shadow/backdoor/in001370.jpg,551,30,608,501,person
/home/tyrone1/lavkush/reshaped_image_dataset/shadow/backdoor/in001371.jpg,547,43,608,506,person
/home/tyrone1/lavkush/reshaped_image_dataset/shadow/backdoor/in001372.jpg,533,38,608,506,person
/home/tyrone1/lavkush/reshaped_image_dataset/shadow/backdoor/in001373.jpg,532,45,608,511,person
/home/tyrone1/lavkush/reshaped_image_dataset/shadow/backdoor/in001374.jpg,518,40,608,511,person
/home/tyrone1/lavkush/reshaped_image_dataset/shadow/backdoor/in001375.jpg,518,43,608,521,person
/home/tyrone1/lavkush/reshaped_image_dataset/shadow/backdoor/in001376.jpg,513,48,608,501,person
/home/tyrone1/lavkush/reshaped_image_dataset/shadow/backdoor/in001377.jpg,497,45,608,519,person
/home/tyrone1/lavkush/reshaped_image_dataset/shadow/backdoor/in001378.jpg,501,58,608,514,person
/home/tyrone1/lavkush/reshaped_image_dataset/shadow/backdoor/in001379.jpg,490,43,608,539,person
/home/tyrone1/lavkush/reshaped_image_dataset/shadow/backdoor/in001380.jpg,488,48,608,511,person
/home/tyrone1/lavkush/reshaped_image_dataset/shadow/backdoor/in001381.jpg,501,45,608,511,person
/home/tyrone1/lavkush/reshaped_image_dataset/shadow/backdoor/in001382.jpg,494,50,608,514,person
/home/tyrone1/lavkush/reshaped_image_dataset/shadow/backdoor/in001383.jpg,482,43,608,511,person
/home/tyrone1/lavkush/reshaped_image_dataset/shadow/backdoor/in001384.jpg,480,45,608,511,person
/home/tyrone1/lavkush/reshaped_image_dataset/shadow/backdoor/in001385.jpg,480,43,608,526,person
/home/tyrone1/lavkush/reshaped_image_dataset/shadow/backdoor/in001386.jpg,478,38,598,519,person
/home/tyrone1/lavkush/reshaped_image_dataset/shadow/backdoor/in001387.jpg,457,48,590,521,person
/home/tyrone1/lavkush/reshaped_image_dataset/shadow/backdoor/in001388.jpg,454,43,583,514,person
/home/tyrone1/lavkush/reshaped_image_dataset/shadow/backdoor/in001389.jpg,446,43,585,514,person
/home/tyrone1/lavkush/reshaped_image_dataset/shadow/backdoor/in001390.jpg,440,40,577,506,person
/home/tyrone1/lavkush/reshaped_image_dataset/shadow/backdoor/in001391.jpg,438,53,579,511,person
/home/tyrone1/lavkush/reshaped_image_dataset/shadow/backdoor/in001392.jpg,442,60,583,529,person
/home/tyrone1/lavkush/reshaped_image_dataset/shadow/backdoor/in001393.jpg,444,55,579,514,person
/home/tyrone1/lavkush/reshaped_image_dataset/shadow/backdoor/in001394.jpg,435,50,564,511,person
/home/tyrone1/lavkush/reshaped_image_dataset/shadow/backdoor/in001395.jpg,431,50,558,504,person
/home/tyrone1/lavkush/reshaped_image_dataset/shadow/backdoor/in001396.jpg,433,53,549,511,person
/home/tyrone1/lavkush/reshaped_image_dataset/shadow/backdoor/in001397.jpg,431,40,541,509,person
/home/tyrone1/lavkush/reshaped_image_dataset/shadow/backdoor/in001398.jpg,425,27,528,506,person
/home/tyrone1/lavkush/reshaped_image_dataset/shadow/backdoor/in001399.jpg,404,38,533,499,person
/home/tyrone1/lavkush/reshaped_image_dataset/shadow/backdoor/in001400.jpg,402,53,530,509,person
/home/tyrone1/lavkush/reshaped_image_dataset/shadow/backdoor/in001401.jpg,380,43,526,516,person
/home/tyrone1/lavkush/reshaped_image_dataset/shadow/backdoor/in001402.jpg,383,45,520,519,person
/home/tyrone1/lavkush/reshaped_image_dataset/shadow/backdoor/in001403.jpg,372,58,520,506,person
/home/tyrone1/lavkush/reshaped_image_dataset/shadow/backdoor/in001404.jpg,378,53,520,494,person
/home/tyrone1/lavkush/reshaped_image_dataset/shadow/backdoor/in001405.jpg,368,58,513,506,person
/home/tyrone1/lavkush/reshaped_image_dataset/shadow/backdoor/in001406.jpg,361,63,501,506,person
/home/tyrone1/lavkush/reshaped_image_dataset/shadow/backdoor/in001407.jpg,353,68,501,499,person
/home/tyrone1/lavkush/reshaped_image_dataset/shadow/backdoor/in001408.jpg,359,68,492,496,person
/home/tyrone1/lavkush/reshaped_image_dataset/shadow/backdoor/in001409.jpg,357,53,488,501,person
/home/tyrone1/lavkush/reshaped_image_dataset/shadow/backdoor/in001410.jpg,357,58,475,486,person
/home/tyrone1/lavkush/reshaped_image_dataset/shadow/backdoor/in001411.jpg,349,43,469,496,person
/home/tyrone1/lavkush/reshaped_image_dataset/shadow/backdoor/in001412.jpg,351,48,467,481,person
/home/tyrone1/lavkush/reshaped_image_dataset/shadow/backdoor/in001413.jpg,355,53,463,491,person
/home/tyrone1/lavkush/reshaped_image_dataset/shadow/backdoor/in001414.jpg,353,50,465,486,person
/home/tyrone1/lavkush/reshaped_image_dataset/shadow/backdoor/in001415.jpg,347,60,452,488,person
/home/tyrone1/lavkush/reshaped_image_dataset/shadow/backdoor/in001416.jpg,334,63,452,496,person
/home/tyrone1/lavkush/reshaped_image_dataset/shadow/backdoor/in001417.jpg,343,53,438,504,person
/home/tyrone1/lavkush/reshaped_image_dataset/shadow/backdoor/in001418.jpg,326,63,452,506,person
/home/tyrone1/lavkush/reshaped_image_dataset/shadow/backdoor/in001419.jpg,328,60,450,488,person
/home/tyrone1/lavkush/reshaped_image_dataset/shadow/backdoor/in001420.jpg,324,53,442,496,person
/home/tyrone1/lavkush/reshaped_image_dataset/shadow/backdoor/in001421.jpg,321,50,442,499,person
/home/tyrone1/lavkush/reshaped_image_dataset/shadow/backdoor/in001422.jpg,332,60,442,501,person
/home/tyrone1/lavkush/reshaped_image_dataset/shadow/backdoor/in001423.jpg,315,70,440,501,person
/home/tyrone1/lavkush/reshaped_image_dataset/shadow/backdoor/in001424.jpg,313,63,433,501,person
/home/tyrone1/lavkush/reshaped_image_dataset/shadow/backdoor/in001425.jpg,315,45,423,486,person
/home/tyrone1/lavkush/reshaped_image_dataset/shadow/backdoor/in001426.jpg,307,58,418,491,person
/home/tyrone1/lavkush/reshaped_image_dataset/shadow/backdoor/in001427.jpg,304,55,416,494,person
/home/tyrone1/lavkush/reshaped_image_dataset/shadow/backdoor/in001428.jpg,294,50,412,486,person
/home/tyrone1/lavkush/reshaped_image_dataset/shadow/backdoor/in001429.jpg,288,50,404,488,person
/home/tyrone1/lavkush/reshaped_image_dataset/shadow/backdoor/in001430.jpg,286,60,404,496,person
/home/tyrone1/lavkush/reshaped_image_dataset/shadow/backdoor/in001431.jpg,279,50,400,481,person
/home/tyrone1/lavkush/reshaped_image_dataset/shadow/backdoor/in001432.jpg,271,65,387,486,person
/home/tyrone1/lavkush/reshaped_image_dataset/shadow/backdoor/in001433.jpg,275,63,391,491,person
/home/tyrone1/lavkush/reshaped_image_dataset/shadow/backdoor/in001434.jpg,254,68,389,491,person
/home/tyrone1/lavkush/reshaped_image_dataset/shadow/backdoor/in001435.jpg,262,81,387,481,person
/home/tyrone1/lavkush/reshaped_image_dataset/shadow/backdoor/in001436.jpg,260,78,380,486,person
/home/tyrone1/lavkush/reshaped_image_dataset/shadow/backdoor/in001437.jpg,254,73,372,476,person
/home/tyrone1/lavkush/reshaped_image_dataset/shadow/backdoor/in001438.jpg,254,73,378,488,person
/home/tyrone1/lavkush/reshaped_image_dataset/shadow/backdoor/in001439.jpg,247,68,372,486,person
/home/tyrone1/lavkush/reshaped_image_dataset/shadow/backdoor/in001440.jpg,248,68,366,476,person
/home/tyrone1/lavkush/reshaped_image_dataset/shadow/backdoor/in001441.jpg,243,58,364,488,person
/home/tyrone1/lavkush/reshaped_image_dataset/shadow/backdoor/in001442.jpg,247,65,368,478,person
/home/tyrone1/lavkush/reshaped_image_dataset/shadow/backdoor/in001443.jpg,239,65,357,491,person
/home/tyrone1/lavkush/reshaped_image_dataset/shadow/backdoor/in001444.jpg,247,70,353,478,person
/home/tyrone1/lavkush/reshaped_image_dataset/shadow/backdoor/in001445.jpg,243,65,359,499,person
/home/tyrone1/lavkush/reshaped_image_dataset/shadow/backdoor/in001446.jpg,237,60,349,491,person
/home/tyrone1/lavkush/reshaped_image_dataset/shadow/backdoor/in001447.jpg,231,60,364,504,person
/home/tyrone1/lavkush/reshaped_image_dataset/shadow/backdoor/in001448.jpg,237,73,345,514,person
/home/tyrone1/lavkush/reshaped_image_dataset/shadow/backdoor/in001449.jpg,226,78,353,501,person
/home/tyrone1/lavkush/reshaped_image_dataset/shadow/backdoor/in001450.jpg,229,70,343,491,person
/home/tyrone1/lavkush/reshaped_image_dataset/shadow/backdoor/in001451.jpg,224,63,342,488,person
/home/tyrone1/lavkush/reshaped_image_dataset/shadow/backdoor/in001452.jpg,229,63,342,481,person
/home/tyrone1/lavkush/reshaped_image_dataset/shadow/backdoor/in001453.jpg,222,63,343,483,person
/home/tyrone1/lavkush/reshaped_image_dataset/shadow/backdoor/in001454.jpg,224,76,332,481,person
/home/tyrone1/lavkush/reshaped_image_dataset/shadow/backdoor/in001455.jpg,222,65,328,473,person
/home/tyrone1/lavkush/reshaped_image_dataset/shadow/backdoor/in001456.jpg,216,81,324,478,person
/home/tyrone1/lavkush/reshaped_image_dataset/shadow/backdoor/in001457.jpg,212,70,317,478,person
/home/tyrone1/lavkush/reshaped_image_dataset/shadow/backdoor/in001458.jpg,209,65,307,481,person
/home/tyrone1/lavkush/reshaped_image_dataset/shadow/backdoor/in001459.jpg,199,73,313,478,person
/home/tyrone1/lavkush/reshaped_image_dataset/shadow/backdoor/in001460.jpg,193,76,302,481,person
/home/tyrone1/lavkush/reshaped_image_dataset/shadow/backdoor/in001461.jpg,193,58,304,471,person
/home/tyrone1/lavkush/reshaped_image_dataset/shadow/backdoor/in001462.jpg,188,65,296,476,person
/home/tyrone1/lavkush/reshaped_image_dataset/shadow/backdoor/in001463.jpg,178,73,294,466,person
/home/tyrone1/lavkush/reshaped_image_dataset/shadow/backdoor/in001464.jpg,171,68,288,486,person
/home/tyrone1/lavkush/reshaped_image_dataset/shadow/backdoor/in001465.jpg,174,76,285,478,person
/home/tyrone1/lavkush/reshaped_image_dataset/shadow/backdoor/in001466.jpg,165,70,288,476,person
/home/tyrone1/lavkush/reshaped_image_dataset/shadow/backdoor/in001467.jpg,165,73,281,481,person
/home/tyrone1/lavkush/reshaped_image_dataset/shadow/backdoor/in001468.jpg,165,76,281,468,person
/home/tyrone1/lavkush/reshaped_image_dataset/shadow/backdoor/in001469.jpg,169,78,279,456,person
/home/tyrone1/lavkush/reshaped_image_dataset/shadow/backdoor/in001470.jpg,167,70,269,468,person
/home/tyrone1/lavkush/reshaped_image_dataset/shadow/backdoor/in001471.jpg,163,68,275,468,person
/home/tyrone1/lavkush/reshaped_image_dataset/shadow/backdoor/in001472.jpg,165,78,277,463,person
/home/tyrone1/lavkush/reshaped_image_dataset/shadow/backdoor/in001473.jpg,167,70,262,468,person
/home/tyrone1/lavkush/reshaped_image_dataset/shadow/backdoor/in001474.jpg,171,73,256,471,person
/home/tyrone1/lavkush/reshaped_image_dataset/shadow/backdoor/in001475.jpg,165,76,260,473,person
/home/tyrone1/lavkush/reshaped_image_dataset/shadow/backdoor/in001476.jpg,165,65,266,471,person
/home/tyrone1/lavkush/reshaped_image_dataset/shadow/backdoor/in001477.jpg,155,73,254,468,person
/home/tyrone1/lavkush/reshaped_image_dataset/shadow/backdoor/in001478.jpg,163,73,256,476,person
/home/tyrone1/lavkush/reshaped_image_dataset/shadow/backdoor/in001479.jpg,159,81,266,514,person
/home/tyrone1/lavkush/reshaped_image_dataset/shadow/backdoor/in001480.jpg,150,70,252,463,person
/home/tyrone1/lavkush/reshaped_image_dataset/shadow/backdoor/in001481.jpg,159,68,252,471,person
/home/tyrone1/lavkush/reshaped_image_dataset/shadow/backdoor/in001482.jpg,148,68,254,458,person
/home/tyrone1/lavkush/reshaped_image_dataset/shadow/backdoor/in001483.jpg,144,76,245,481,person
/home/tyrone1/lavkush/reshaped_image_dataset/shadow/backdoor/in001484.jpg,142,86,250,463,person
/home/tyrone1/lavkush/reshaped_image_dataset/shadow/backdoor/in001485.jpg,140,68,241,458,person
/home/tyrone1/lavkush/reshaped_image_dataset/shadow/backdoor/in001486.jpg,125,63,239,463,person
/home/tyrone1/lavkush/reshaped_image_dataset/shadow/backdoor/in001487.jpg,125,65,229,471,person
/home/tyrone1/lavkush/reshaped_image_dataset/shadow/backdoor/in001488.jpg,121,63,228,466,person
/home/tyrone1/lavkush/reshaped_image_dataset/shadow/backdoor/in001489.jpg,108,65,224,466,person
/home/tyrone1/lavkush/reshaped_image_dataset/shadow/backdoor/in001490.jpg,106,63,218,476,person
/home/tyrone1/lavkush/reshaped_image_dataset/shadow/backdoor/in001491.jpg,106,68,209,463,person
/home/tyrone1/lavkush/reshaped_image_dataset/shadow/backdoor/in001492.jpg,102,70,209,466,person
/home/tyrone1/lavkush/reshaped_image_dataset/shadow/backdoor/in001493.jpg,102,73,201,456,person
/home/tyrone1/lavkush/reshaped_image_dataset/shadow/backdoor/in001494.jpg,98,81,205,466,person
/home/tyrone1/lavkush/reshaped_image_dataset/shadow/backdoor/in001495.jpg,96,78,207,468,person
/home/tyrone1/lavkush/reshaped_image_dataset/shadow/backdoor/in001496.jpg,81,81,203,478,person
/home/tyrone1/lavkush/reshaped_image_dataset/shadow/backdoor/in001497.jpg,89,78,203,448,person
/home/tyrone1/lavkush/reshaped_image_dataset/shadow/backdoor/in001498.jpg,91,76,191,466,person
/home/tyrone1/lavkush/reshaped_image_dataset/shadow/backdoor/in001499.jpg,83,76,186,463,person
/home/tyrone1/lavkush/reshaped_image_dataset/shadow/backdoor/in001500.jpg,93,91,184,461,person
/home/tyrone1/lavkush/reshaped_image_dataset/shadow/backdoor/in001501.jpg,83,86,184,471,person
/home/tyrone1/lavkush/reshaped_image_dataset/shadow/backdoor/in001502.jpg,85,81,180,453,person
/home/tyrone1/lavkush/reshaped_image_dataset/shadow/backdoor/in001503.jpg,83,73,182,453,person
/home/tyrone1/lavkush/reshaped_image_dataset/shadow/backdoor/in001504.jpg,83,81,172,458,person
/home/tyrone1/lavkush/reshaped_image_dataset/shadow/backdoor/in001505.jpg,77,86,182,463,person
/home/tyrone1/lavkush/reshaped_image_dataset/shadow/backdoor/in001506.jpg,89,83,178,456,person
/home/tyrone1/lavkush/reshaped_image_dataset/shadow/backdoor/in001507.jpg,76,78,178,456,person
/home/tyrone1/lavkush/reshaped_image_dataset/shadow/backdoor/in001508.jpg,66,88,172,473,person
/home/tyrone1/lavkush/reshaped_image_dataset/shadow/backdoor/in001509.jpg,70,83,167,463,person
/home/tyrone1/lavkush/reshaped_image_dataset/shadow/backdoor/in001510.jpg,62,91,169,476,person
/home/tyrone1/lavkush/reshaped_image_dataset/shadow/backdoor/in001511.jpg,66,93,167,456,person
/home/tyrone1/lavkush/reshaped_image_dataset/shadow/backdoor/in001512.jpg,62,91,169,466,person
/home/tyrone1/lavkush/reshaped_image_dataset/shadow/backdoor/in001513.jpg,57,78,165,458,person
/home/tyrone1/lavkush/reshaped_image_dataset/shadow/backdoor/in001514.jpg,57,83,159,458,person
/home/tyrone1/lavkush/reshaped_image_dataset/shadow/backdoor/in001515.jpg,49,81,152,456,person
/home/tyrone1/lavkush/reshaped_image_dataset/shadow/backdoor/in001516.jpg,49,86,152,448,person
/home/tyrone1/lavkush/reshaped_image_dataset/shadow/backdoor/in001517.jpg,43,93,146,471,person
/home/tyrone1/lavkush/reshaped_image_dataset/shadow/backdoor/in001518.jpg,34,73,142,456,person
/home/tyrone1/lavkush/reshaped_image_dataset/shadow/backdoor/in001519.jpg,26,78,138,461,person
/home/tyrone1/lavkush/reshaped_image_dataset/shadow/backdoor/in001520.jpg,30,88,134,445,person
/home/tyrone1/lavkush/reshaped_image_dataset/shadow/backdoor/in001521.jpg,32,96,125,448,person
/home/tyrone1/lavkush/reshaped_image_dataset/shadow/backdoor/in001522.jpg,20,96,129,445,person
/home/tyrone1/lavkush/reshaped_image_dataset/shadow/backdoor/in001523.jpg,13,83,123,450,person
/home/tyrone1/lavkush/reshaped_image_dataset/shadow/backdoor/in001524.jpg,9,96,115,448,person
/home/tyrone1/lavkush/reshaped_image_dataset/shadow/backdoor/in001525.jpg,3,91,115,456,person
/home/tyrone1/lavkush/reshaped_image_dataset/shadow/backdoor/in001526.jpg,11,98,117,453,person
/home/tyrone1/lavkush/reshaped_image_dataset/shadow/backdoor/in001527.jpg,5,86,104,448,person
/home/tyrone1/lavkush/reshaped_image_dataset/shadow/backdoor/in001528.jpg,5,91,106,453,person
/home/tyrone1/lavkush/reshaped_image_dataset/shadow/backdoor/in001529.jpg,1,83,96,453,person
/home/tyrone1/lavkush/reshaped_image_dataset/shadow/backdoor/in001530.jpg,5,86,95,450,person
/home/tyrone1/lavkush/reshaped_image_dataset/shadow/backdoor/in001531.jpg,1,96,91,448,person
/home/tyrone1/lavkush/reshaped_image_dataset/shadow/backdoor/in001532.jpg,0,81,89,456,person
/home/tyrone1/lavkush/reshaped_image_dataset/shadow/backdoor/in001533.jpg,1,88,85,453,person
/home/tyrone1/lavkush/reshaped_image_dataset/shadow/backdoor/in001534.jpg,0,91,85,458,person
/home/tyrone1/lavkush/reshaped_image_dataset/shadow/backdoor/in001535.jpg,0,91,79,463,person
/home/tyrone1/lavkush/reshaped_image_dataset/shadow/backdoor/in001536.jpg,0,93,83,456,person
/home/tyrone1/lavkush/reshaped_image_dataset/shadow/backdoor/in001537.jpg,1,96,85,468,person
/home/tyrone1/lavkush/reshaped_image_dataset/shadow/backdoor/in001538.jpg,0,91,77,463,person
/home/tyrone1/lavkush/reshaped_image_dataset/shadow/backdoor/in001539.jpg,0,88,76,463,person
/home/tyrone1/lavkush/reshaped_image_dataset/shadow/backdoor/in001540.jpg,1,91,76,468,person
/home/tyrone1/lavkush/reshaped_image_dataset/shadow/backdoor/in001541.jpg,1,98,76,463,person
/home/tyrone1/lavkush/reshaped_image_dataset/shadow/backdoor/in001542.jpg,0,91,76,471,person
/home/tyrone1/lavkush/reshaped_image_dataset/shadow/backdoor/in001543.jpg,0,91,76,453,person
/home/tyrone1/lavkush/reshaped_image_dataset/shadow/backdoor/in001544.jpg,0,106,55,458,person
/home/tyrone1/lavkush/reshaped_image_dataset/shadow/backdoor/in001545.jpg,0,114,49,443,person
/home/tyrone1/lavkush/reshaped_image_dataset/shadow/backdoor/in001638.jpg,1,76,53,473,person
/home/tyrone1/lavkush/reshaped_image_dataset/shadow/backdoor/in001639.jpg,1,73,57,473,person
/home/tyrone1/lavkush/reshaped_image_dataset/shadow/backdoor/in001640.jpg,0,78,57,473,person
/home/tyrone1/lavkush/reshaped_image_dataset/shadow/backdoor/in001641.jpg,0,81,62,466,person
/home/tyrone1/lavkush/reshaped_image_dataset/shadow/backdoor/in001642.jpg,0,68,62,466,person
/home/tyrone1/lavkush/reshaped_image_dataset/shadow/backdoor/in001643.jpg,0,70,66,488,person
/home/tyrone1/lavkush/reshaped_image_dataset/shadow/backdoor/in001644.jpg,0,70,72,471,person
/home/tyrone1/lavkush/reshaped_image_dataset/shadow/backdoor/in001645.jpg,0,76,76,486,person
/home/tyrone1/lavkush/reshaped_image_dataset/shadow/backdoor/in001646.jpg,0,73,72,473,person
/home/tyrone1/lavkush/reshaped_image_dataset/shadow/backdoor/in001647.jpg,0,65,81,481,person
/home/tyrone1/lavkush/reshaped_image_dataset/shadow/backdoor/in001648.jpg,0,76,85,481,person
/home/tyrone1/lavkush/reshaped_image_dataset/shadow/backdoor/in001649.jpg,0,63,87,481,person
/home/tyrone1/lavkush/reshaped_image_dataset/shadow/backdoor/in001650.jpg,0,63,102,483,person
/home/tyrone1/lavkush/reshaped_image_dataset/shadow/backdoor/in001651.jpg,0,68,110,476,person
/home/tyrone1/lavkush/reshaped_image_dataset/shadow/backdoor/in001652.jpg,0,70,117,468,person
/home/tyrone1/lavkush/reshaped_image_dataset/shadow/backdoor/in001653.jpg,0,68,117,478,person
/home/tyrone1/lavkush/reshaped_image_dataset/shadow/backdoor/in001654.jpg,5,76,115,483,person
/home/tyrone1/lavkush/reshaped_image_dataset/shadow/backdoor/in001655.jpg,1,76,114,478,person
/home/tyrone1/lavkush/reshaped_image_dataset/shadow/backdoor/in001656.jpg,3,76,117,488,person
/home/tyrone1/lavkush/reshaped_image_dataset/shadow/backdoor/in001657.jpg,15,81,117,478,person
/home/tyrone1/lavkush/reshaped_image_dataset/shadow/backdoor/in001658.jpg,13,76,117,476,person
/home/tyrone1/lavkush/reshaped_image_dataset/shadow/backdoor/in001659.jpg,24,63,125,473,person
/home/tyrone1/lavkush/reshaped_image_dataset/shadow/backdoor/in001660.jpg,24,73,127,473,person
/home/tyrone1/lavkush/reshaped_image_dataset/shadow/backdoor/in001661.jpg,30,68,127,473,person
/home/tyrone1/lavkush/reshaped_image_dataset/shadow/backdoor/in001662.jpg,36,68,136,466,person
/home/tyrone1/lavkush/reshaped_image_dataset/shadow/backdoor/in001663.jpg,38,65,136,481,person
/home/tyrone1/lavkush/reshaped_image_dataset/shadow/backdoor/in001664.jpg,55,70,142,476,person
/home/tyrone1/lavkush/reshaped_image_dataset/shadow/backdoor/in001665.jpg,55,65,157,486,person
/home/tyrone1/lavkush/reshaped_image_dataset/shadow/backdoor/in001666.jpg,55,63,157,471,person
/home/tyrone1/lavkush/reshaped_image_dataset/shadow/backdoor/in001667.jpg,62,73,159,471,person
/home/tyrone1/lavkush/reshaped_image_dataset/shadow/backdoor/in001668.jpg,55,63,163,463,person
/home/tyrone1/lavkush/reshaped_image_dataset/shadow/backdoor/in001669.jpg,68,70,167,471,person
/home/tyrone1/lavkush/reshaped_image_dataset/shadow/backdoor/in001670.jpg,62,76,178,481,person
/home/tyrone1/lavkush/reshaped_image_dataset/shadow/backdoor/in001671.jpg,70,60,172,481,person
/home/tyrone1/lavkush/reshaped_image_dataset/shadow/backdoor/in001672.jpg,77,63,178,478,person
/home/tyrone1/lavkush/reshaped_image_dataset/shadow/backdoor/in001673.jpg,83,65,176,483,person
/home/tyrone1/lavkush/reshaped_image_dataset/shadow/backdoor/in001674.jpg,85,73,178,491,person
/home/tyrone1/lavkush/reshaped_image_dataset/shadow/backdoor/in001675.jpg,91,65,184,478,person
/home/tyrone1/lavkush/reshaped_image_dataset/shadow/backdoor/in001676.jpg,89,65,191,476,person
/home/tyrone1/lavkush/reshaped_image_dataset/shadow/backdoor/in001677.jpg,93,48,190,473,person
/home/tyrone1/lavkush/reshaped_image_dataset/shadow/backdoor/in001678.jpg,108,58,191,481,person
/home/tyrone1/lavkush/reshaped_image_dataset/shadow/backdoor/in001679.jpg,102,55,195,463,person
/home/tyrone1/lavkush/reshaped_image_dataset/shadow/backdoor/in001680.jpg,106,60,199,481,person
/home/tyrone1/lavkush/reshaped_image_dataset/shadow/backdoor/in001681.jpg,117,60,210,478,person
/home/tyrone1/lavkush/reshaped_image_dataset/shadow/backdoor/in001682.jpg,114,58,222,481,person
/home/tyrone1/lavkush/reshaped_image_dataset/shadow/backdoor/in001683.jpg,125,68,233,481,person
/home/tyrone1/lavkush/reshaped_image_dataset/shadow/backdoor/in001684.jpg,117,63,241,471,person
/home/tyrone1/lavkush/reshaped_image_dataset/shadow/backdoor/in001685.jpg,125,68,239,483,person
/home/tyrone1/lavkush/reshaped_image_dataset/shadow/backdoor/in001686.jpg,133,70,241,491,person
/home/tyrone1/lavkush/reshaped_image_dataset/shadow/backdoor/in001687.jpg,133,73,245,473,person
/home/tyrone1/lavkush/reshaped_image_dataset/shadow/backdoor/in001688.jpg,134,81,243,476,person
/home/tyrone1/lavkush/reshaped_image_dataset/shadow/backdoor/in001689.jpg,133,63,243,483,person
/home/tyrone1/lavkush/reshaped_image_dataset/shadow/backdoor/in001690.jpg,144,63,248,483,person
/home/tyrone1/lavkush/reshaped_image_dataset/shadow/backdoor/in001691.jpg,136,65,248,481,person
/home/tyrone1/lavkush/reshaped_image_dataset/shadow/backdoor/in001692.jpg,148,78,243,486,person
/home/tyrone1/lavkush/reshaped_image_dataset/shadow/backdoor/in001693.jpg,159,68,245,494,person
/home/tyrone1/lavkush/reshaped_image_dataset/shadow/backdoor/in001694.jpg,178,65,266,504,person
/home/tyrone1/lavkush/reshaped_image_dataset/shadow/backdoor/in001695.jpg,180,68,269,466,person
/home/tyrone1/lavkush/reshaped_image_dataset/shadow/backdoor/in001696.jpg,184,53,285,478,person
/home/tyrone1/lavkush/reshaped_image_dataset/shadow/backdoor/in001697.jpg,188,53,285,483,person
/home/tyrone1/lavkush/reshaped_image_dataset/shadow/backdoor/in001698.jpg,188,70,290,488,person
/home/tyrone1/lavkush/reshaped_image_dataset/shadow/backdoor/in001699.jpg,186,60,292,488,person
/home/tyrone1/lavkush/reshaped_image_dataset/shadow/backdoor/in001700.jpg,193,63,292,494,person
/home/tyrone1/lavkush/reshaped_image_dataset/shadow/backdoor/in001701.jpg,205,65,309,486,person
/home/tyrone1/lavkush/reshaped_image_dataset/shadow/backdoor/in001702.jpg,203,73,307,488,person
/home/tyrone1/lavkush/reshaped_image_dataset/shadow/backdoor/in001703.jpg,205,68,307,488,person
/home/tyrone1/lavkush/reshaped_image_dataset/shadow/backdoor/in001704.jpg,212,68,309,486,person
/home/tyrone1/lavkush/reshaped_image_dataset/shadow/backdoor/in001705.jpg,214,65,321,478,person
/home/tyrone1/lavkush/reshaped_image_dataset/shadow/backdoor/in001706.jpg,222,63,321,501,person
/home/tyrone1/lavkush/reshaped_image_dataset/shadow/backdoor/in001707.jpg,226,55,326,494,person
/home/tyrone1/lavkush/reshaped_image_dataset/shadow/backdoor/in001708.jpg,229,63,334,476,person
/home/tyrone1/lavkush/reshaped_image_dataset/shadow/backdoor/in001709.jpg,226,40,336,483,person
/home/tyrone1/lavkush/reshaped_image_dataset/shadow/backdoor/in001710.jpg,233,48,353,496,person
/home/tyrone1/lavkush/reshaped_image_dataset/shadow/backdoor/in001711.jpg,241,58,349,494,person
/home/tyrone1/lavkush/reshaped_image_dataset/shadow/backdoor/in001712.jpg,254,65,372,491,person
/home/tyrone1/lavkush/reshaped_image_dataset/shadow/backdoor/in001713.jpg,254,50,376,483,person
/home/tyrone1/lavkush/reshaped_image_dataset/shadow/backdoor/in001714.jpg,264,60,383,491,person
/home/tyrone1/lavkush/reshaped_image_dataset/shadow/backdoor/in001715.jpg,266,65,391,488,person
/home/tyrone1/lavkush/reshaped_image_dataset/shadow/backdoor/in001716.jpg,271,63,385,488,person
/home/tyrone1/lavkush/reshaped_image_dataset/shadow/backdoor/in001717.jpg,269,55,391,486,person
/home/tyrone1/lavkush/reshaped_image_dataset/shadow/backdoor/in001718.jpg,269,63,389,478,person
/home/tyrone1/lavkush/reshaped_image_dataset/shadow/backdoor/in001719.jpg,267,53,399,494,person
/home/tyrone1/lavkush/reshaped_image_dataset/shadow/backdoor/in001720.jpg,269,53,395,486,person
/home/tyrone1/lavkush/reshaped_image_dataset/shadow/backdoor/in001721.jpg,275,60,404,491,person
/home/tyrone1/lavkush/reshaped_image_dataset/shadow/backdoor/in001722.jpg,277,65,399,488,person
/home/tyrone1/lavkush/reshaped_image_dataset/shadow/backdoor/in001723.jpg,292,60,408,494,person
/home/tyrone1/lavkush/reshaped_image_dataset/shadow/backdoor/in001724.jpg,309,55,406,491,person
/home/tyrone1/lavkush/reshaped_image_dataset/shadow/backdoor/in001725.jpg,307,58,421,491,person
/home/tyrone1/lavkush/reshaped_image_dataset/shadow/backdoor/in001726.jpg,313,43,419,504,person
/home/tyrone1/lavkush/reshaped_image_dataset/shadow/backdoor/in001727.jpg,326,63,429,494,person
/home/tyrone1/lavkush/reshaped_image_dataset/shadow/backdoor/in001728.jpg,336,48,438,501,person
/home/tyrone1/lavkush/reshaped_image_dataset/shadow/backdoor/in001729.jpg,340,55,454,496,person
/home/tyrone1/lavkush/reshaped_image_dataset/shadow/backdoor/in001730.jpg,340,58,448,499,person
/home/tyrone1/lavkush/reshaped_image_dataset/shadow/backdoor/in001731.jpg,343,45,452,504,person
/home/tyrone1/lavkush/reshaped_image_dataset/shadow/backdoor/in001732.jpg,347,53,456,504,person
/home/tyrone1/lavkush/reshaped_image_dataset/shadow/backdoor/in001733.jpg,351,53,457,496,person
/home/tyrone1/lavkush/reshaped_image_dataset/shadow/backdoor/in001734.jpg,351,53,461,511,person
/home/tyrone1/lavkush/reshaped_image_dataset/shadow/backdoor/in001735.jpg,353,50,459,504,person
/home/tyrone1/lavkush/reshaped_image_dataset/shadow/backdoor/in001736.jpg,368,55,469,504,person
/home/tyrone1/lavkush/reshaped_image_dataset/shadow/backdoor/in001737.jpg,370,55,473,494,person
/home/tyrone1/lavkush/reshaped_image_dataset/shadow/backdoor/in001738.jpg,376,48,476,494,person
/home/tyrone1/lavkush/reshaped_image_dataset/shadow/backdoor/in001739.jpg,385,45,480,494,person
/home/tyrone1/lavkush/reshaped_image_dataset/shadow/backdoor/in001740.jpg,389,40,492,494,person
/home/tyrone1/lavkush/reshaped_image_dataset/shadow/backdoor/in001741.jpg,391,40,494,504,person
/home/tyrone1/lavkush/reshaped_image_dataset/shadow/backdoor/in001742.jpg,395,38,507,496,person
/home/tyrone1/lavkush/reshaped_image_dataset/shadow/backdoor/in001743.jpg,402,48,524,491,person
/home/tyrone1/lavkush/reshaped_image_dataset/shadow/backdoor/in001744.jpg,416,50,541,501,person
/home/tyrone1/lavkush/reshaped_image_dataset/shadow/backdoor/in001745.jpg,416,58,539,499,person
/home/tyrone1/lavkush/reshaped_image_dataset/shadow/backdoor/in001746.jpg,418,65,541,499,person
/home/tyrone1/lavkush/reshaped_image_dataset/shadow/backdoor/in001747.jpg,414,60,541,496,person
/home/tyrone1/lavkush/reshaped_image_dataset/shadow/backdoor/in001748.jpg,414,53,547,494,person
/home/tyrone1/lavkush/reshaped_image_dataset/shadow/backdoor/in001749.jpg,421,53,547,506,person
/home/tyrone1/lavkush/reshaped_image_dataset/shadow/backdoor/in001750.jpg,425,50,556,506,person
/home/tyrone1/lavkush/reshaped_image_dataset/shadow/backdoor/in001751.jpg,423,60,552,491,person
/home/tyrone1/lavkush/reshaped_image_dataset/shadow/backdoor/in001752.jpg,423,45,554,494,person
/home/tyrone1/lavkush/reshaped_image_dataset/shadow/backdoor/in001753.jpg,435,43,554,501,person
/home/tyrone1/lavkush/reshaped_image_dataset/shadow/backdoor/in001754.jpg,440,38,566,499,person
/home/tyrone1/lavkush/reshaped_image_dataset/shadow/backdoor/in001755.jpg,457,40,575,491,person
/home/tyrone1/lavkush/reshaped_image_dataset/shadow/backdoor/in001756.jpg,467,38,573,473,person
/home/tyrone1/lavkush/reshaped_image_dataset/shadow/backdoor/in001757.jpg,467,40,587,494,person
/home/tyrone1/lavkush/reshaped_image_dataset/shadow/backdoor/in001758.jpg,469,45,590,504,person
/home/tyrone1/lavkush/reshaped_image_dataset/shadow/backdoor/in001759.jpg,478,38,590,491,person
/home/tyrone1/lavkush/reshaped_image_dataset/shadow/backdoor/in001760.jpg,478,45,600,506,person
/home/tyrone1/lavkush/reshaped_image_dataset/shadow/backdoor/in001761.jpg,478,43,604,496,person
/home/tyrone1/lavkush/reshaped_image_dataset/shadow/backdoor/in001762.jpg,473,53,608,511,person
/home/tyrone1/lavkush/reshaped_image_dataset/shadow/backdoor/in001763.jpg,490,58,608,491,person
/home/tyrone1/lavkush/reshaped_image_dataset/shadow/backdoor/in001764.jpg,495,55,608,496,person
/home/tyrone1/lavkush/reshaped_image_dataset/shadow/backdoor/in001765.jpg,499,48,608,501,person
/home/tyrone1/lavkush/reshaped_image_dataset/shadow/backdoor/in001766.jpg,513,38,608,496,person
/home/tyrone1/lavkush/reshaped_image_dataset/shadow/backdoor/in001767.jpg,522,53,608,509,person
/home/tyrone1/lavkush/reshaped_image_dataset/shadow/backdoor/in001768.jpg,526,30,608,511,person
/home/tyrone1/lavkush/reshaped_image_dataset/shadow/backdoor/in001769.jpg,528,43,608,506,person
/home/tyrone1/lavkush/reshaped_image_dataset/shadow/backdoor/in001770.jpg,541,43,608,491,person
/home/tyrone1/lavkush/reshaped_image_dataset/shadow/backdoor/in001771.jpg,543,30,608,504,person
/home/tyrone1/lavkush/reshaped_image_dataset/shadow/backdoor/in001772.jpg,549,32,608,496,person
/home/tyrone1/lavkush/reshaped_image_dataset/shadow/backdoor/in001773.jpg,554,43,608,501,person
/home/tyrone1/lavkush/reshaped_image_dataset/shadow/backdoor/in001776.jpg,558,43,608,529,person
/home/tyrone1/lavkush/reshaped_image_dataset/shadow/backdoor/in001777.jpg,562,55,608,524,person
/home/tyrone1/lavkush/reshaped_image_dataset/shadow/backdoor/in001778.jpg,558,58,608,519,person
/home/tyrone1/lavkush/reshaped_image_dataset/shadow/backdoor/in001779.jpg,551,65,608,526,person
/home/tyrone1/lavkush/reshaped_image_dataset/shadow/backdoor/in001780.jpg,545,73,608,526,person
/home/tyrone1/lavkush/reshaped_image_dataset/shadow/backdoor/in001781.jpg,539,48,608,509,person
/home/tyrone1/lavkush/reshaped_image_dataset/shadow/backdoor/in001782.jpg,535,43,608,524,person
/home/tyrone1/lavkush/reshaped_image_dataset/shadow/backdoor/in001783.jpg,539,65,608,532,person
/home/tyrone1/lavkush/reshaped_image_dataset/shadow/backdoor/in001784.jpg,530,73,608,529,person
/home/tyrone1/lavkush/reshaped_image_dataset/shadow/backdoor/in001785.jpg,524,58,608,529,person
/home/tyrone1/lavkush/reshaped_image_dataset/shadow/backdoor/in001786.jpg,524,60,608,524,person
/home/tyrone1/lavkush/reshaped_image_dataset/shadow/backdoor/in001787.jpg,518,60,608,529,person
/home/tyrone1/lavkush/reshaped_image_dataset/shadow/backdoor/in001788.jpg,513,63,608,521,person
/home/tyrone1/lavkush/reshaped_image_dataset/shadow/backdoor/in001789.jpg,518,65,608,537,person
/home/tyrone1/lavkush/reshaped_image_dataset/shadow/backdoor/in001790.jpg,513,55,608,544,person
/home/tyrone1/lavkush/reshaped_image_dataset/shadow/backdoor/in001791.jpg,501,58,608,529,person
/home/tyrone1/lavkush/reshaped_image_dataset/shadow/backdoor/in001792.jpg,490,70,604,516,person
/home/tyrone1/lavkush/reshaped_image_dataset/shadow/backdoor/in001793.jpg,480,60,608,521,person
/home/tyrone1/lavkush/reshaped_image_dataset/shadow/backdoor/in001794.jpg,484,73,606,529,person
/home/tyrone1/lavkush/reshaped_image_dataset/shadow/backdoor/in001795.jpg,480,65,604,532,person
/home/tyrone1/lavkush/reshaped_image_dataset/shadow/backdoor/in001796.jpg,471,60,608,526,person
/home/tyrone1/lavkush/reshaped_image_dataset/shadow/backdoor/in001797.jpg,465,65,602,534,person
/home/tyrone1/lavkush/reshaped_image_dataset/shadow/backdoor/in001798.jpg,471,55,608,539,person
/home/tyrone1/lavkush/reshaped_image_dataset/shadow/backdoor/in001799.jpg,456,63,598,544,person
/home/tyrone1/lavkush/reshaped_image_dataset/shadow/backdoor/in001800.jpg,456,68,596,537,person
/home/tyrone1/lavkush/reshaped_image_dataset/shadow/backdoor/in001801.jpg,450,50,596,547,person
/home/tyrone1/lavkush/reshaped_image_dataset/shadow/backdoor/in001802.jpg,450,73,589,534,person
/home/tyrone1/lavkush/reshaped_image_dataset/shadow/backdoor/in001803.jpg,452,58,592,532,person
/home/tyrone1/lavkush/reshaped_image_dataset/shadow/backdoor/in001804.jpg,431,48,581,534,person
/home/tyrone1/lavkush/reshaped_image_dataset/shadow/backdoor/in001805.jpg,440,58,566,519,person
/home/tyrone1/lavkush/reshaped_image_dataset/shadow/backdoor/in001806.jpg,433,73,551,521,person
/home/tyrone1/lavkush/reshaped_image_dataset/shadow/backdoor/in001807.jpg,431,53,539,519,person
/home/tyrone1/lavkush/reshaped_image_dataset/shadow/backdoor/in001808.jpg,423,50,551,537,person
/home/tyrone1/lavkush/reshaped_image_dataset/shadow/backdoor/in001809.jpg,412,45,539,532,person
/home/tyrone1/lavkush/reshaped_image_dataset/shadow/backdoor/in001810.jpg,421,53,537,521,person
/home/tyrone1/lavkush/reshaped_image_dataset/shadow/backdoor/in001811.jpg,418,60,532,524,person
/home/tyrone1/lavkush/reshaped_image_dataset/shadow/backdoor/in001812.jpg,414,63,535,521,person
/home/tyrone1/lavkush/reshaped_image_dataset/shadow/backdoor/in001813.jpg,408,60,520,519,person
/home/tyrone1/lavkush/reshaped_image_dataset/shadow/backdoor/in001814.jpg,410,53,520,526,person
/home/tyrone1/lavkush/reshaped_image_dataset/shadow/backdoor/in001815.jpg,406,53,518,534,person
/home/tyrone1/lavkush/reshaped_image_dataset/shadow/backdoor/in001816.jpg,406,58,516,539,person
/home/tyrone1/lavkush/reshaped_image_dataset/shadow/backdoor/in001817.jpg,395,60,516,532,person
/home/tyrone1/lavkush/reshaped_image_dataset/shadow/backdoor/in001818.jpg,397,55,514,514,person
/home/tyrone1/lavkush/reshaped_image_dataset/shadow/backdoor/in001819.jpg,395,70,503,524,person
/home/tyrone1/lavkush/reshaped_image_dataset/shadow/backdoor/in001819.jpg,1,116,36,463,person
/home/tyrone1/lavkush/reshaped_image_dataset/shadow/backdoor/in001820.jpg,393,63,499,516,person
/home/tyrone1/lavkush/reshaped_image_dataset/shadow/backdoor/in001820.jpg,0,116,38,468,person
/home/tyrone1/lavkush/reshaped_image_dataset/shadow/backdoor/in001821.jpg,389,65,505,516,person
/home/tyrone1/lavkush/reshaped_image_dataset/shadow/backdoor/in001821.jpg,1,129,43,471,person
/home/tyrone1/lavkush/reshaped_image_dataset/shadow/backdoor/in001822.jpg,387,65,486,509,person
/home/tyrone1/lavkush/reshaped_image_dataset/shadow/backdoor/in001822.jpg,1,106,45,456,person
/home/tyrone1/lavkush/reshaped_image_dataset/shadow/backdoor/in001823.jpg,370,53,488,514,person
/home/tyrone1/lavkush/reshaped_image_dataset/shadow/backdoor/in001823.jpg,0,68,49,458,person
/home/tyrone1/lavkush/reshaped_image_dataset/shadow/backdoor/in001824.jpg,376,60,482,519,person
/home/tyrone1/lavkush/reshaped_image_dataset/shadow/backdoor/in001824.jpg,0,91,51,463,person
/home/tyrone1/lavkush/reshaped_image_dataset/shadow/backdoor/in001825.jpg,1,86,58,471,person
/home/tyrone1/lavkush/reshaped_image_dataset/shadow/backdoor/in001825.jpg,366,63,478,519,person
/home/tyrone1/lavkush/reshaped_image_dataset/shadow/backdoor/in001826.jpg,1,98,70,463,person
/home/tyrone1/lavkush/reshaped_image_dataset/shadow/backdoor/in001826.jpg,359,53,476,514,person
/home/tyrone1/lavkush/reshaped_image_dataset/shadow/backdoor/in001827.jpg,1,96,68,466,person
/home/tyrone1/lavkush/reshaped_image_dataset/shadow/backdoor/in001827.jpg,362,60,471,521,person
/home/tyrone1/lavkush/reshaped_image_dataset/shadow/backdoor/in001828.jpg,0,98,74,473,person
/home/tyrone1/lavkush/reshaped_image_dataset/shadow/backdoor/in001828.jpg,355,68,465,524,person
/home/tyrone1/lavkush/reshaped_image_dataset/shadow/backdoor/in001829.jpg,1,86,83,456,person
/home/tyrone1/lavkush/reshaped_image_dataset/shadow/backdoor/in001829.jpg,347,88,465,516,person
/home/tyrone1/lavkush/reshaped_image_dataset/shadow/backdoor/in001830.jpg,343,60,465,526,person
/home/tyrone1/lavkush/reshaped_image_dataset/shadow/backdoor/in001830.jpg,0,103,89,456,person
/home/tyrone1/lavkush/reshaped_image_dataset/shadow/backdoor/in001831.jpg,343,73,467,521,person
/home/tyrone1/lavkush/reshaped_image_dataset/shadow/backdoor/in001831.jpg,0,119,91,458,person
/home/tyrone1/lavkush/reshaped_image_dataset/shadow/backdoor/in001832.jpg,324,60,456,519,person
/home/tyrone1/lavkush/reshaped_image_dataset/shadow/backdoor/in001832.jpg,3,106,96,453,person
/home/tyrone1/lavkush/reshaped_image_dataset/shadow/backdoor/in001833.jpg,328,70,456,514,person
/home/tyrone1/lavkush/reshaped_image_dataset/shadow/backdoor/in001833.jpg,9,116,93,456,person
/home/tyrone1/lavkush/reshaped_image_dataset/shadow/backdoor/in001834.jpg,328,65,459,519,person
/home/tyrone1/lavkush/reshaped_image_dataset/shadow/backdoor/in001834.jpg,9,106,96,450,person
/home/tyrone1/lavkush/reshaped_image_dataset/shadow/backdoor/in001835.jpg,332,58,454,516,person
/home/tyrone1/lavkush/reshaped_image_dataset/shadow/backdoor/in001835.jpg,13,108,98,456,person
/home/tyrone1/lavkush/reshaped_image_dataset/shadow/backdoor/in001836.jpg,324,81,450,514,person
/home/tyrone1/lavkush/reshaped_image_dataset/shadow/backdoor/in001836.jpg,19,91,96,458,person
/home/tyrone1/lavkush/reshaped_image_dataset/shadow/backdoor/in001837.jpg,326,76,444,504,person
/home/tyrone1/lavkush/reshaped_image_dataset/shadow/backdoor/in001837.jpg,22,98,110,453,person
/home/tyrone1/lavkush/reshaped_image_dataset/shadow/backdoor/in001838.jpg,311,65,437,516,person
/home/tyrone1/lavkush/reshaped_image_dataset/shadow/backdoor/in001838.jpg,22,88,104,458,person
/home/tyrone1/lavkush/reshaped_image_dataset/shadow/backdoor/in001839.jpg,309,73,435,526,person
/home/tyrone1/lavkush/reshaped_image_dataset/shadow/backdoor/in001839.jpg,22,98,110,461,person
/home/tyrone1/lavkush/reshaped_image_dataset/shadow/backdoor/in001840.jpg,309,83,421,526,person
/home/tyrone1/lavkush/reshaped_image_dataset/shadow/backdoor/in001840.jpg,34,88,114,458,person
/home/tyrone1/lavkush/reshaped_image_dataset/shadow/backdoor/in001841.jpg,305,73,414,516,person
/home/tyrone1/lavkush/reshaped_image_dataset/shadow/backdoor/in001841.jpg,41,106,117,458,person
/home/tyrone1/lavkush/reshaped_image_dataset/shadow/backdoor/in001842.jpg,300,78,410,532,person
/home/tyrone1/lavkush/reshaped_image_dataset/shadow/backdoor/in001842.jpg,36,98,117,456,person
/home/tyrone1/lavkush/reshaped_image_dataset/shadow/backdoor/in001843.jpg,302,70,408,509,person
/home/tyrone1/lavkush/reshaped_image_dataset/shadow/backdoor/in001843.jpg,43,103,133,458,person
/home/tyrone1/lavkush/reshaped_image_dataset/shadow/backdoor/in001844.jpg,305,73,402,524,person
/home/tyrone1/lavkush/reshaped_image_dataset/shadow/backdoor/in001844.jpg,49,86,134,448,person
/home/tyrone1/lavkush/reshaped_image_dataset/shadow/backdoor/in001845.jpg,300,63,408,521,person
/home/tyrone1/lavkush/reshaped_image_dataset/shadow/backdoor/in001845.jpg,47,106,142,466,person
/home/tyrone1/lavkush/reshaped_image_dataset/shadow/backdoor/in001846.jpg,283,38,408,509,person
/home/tyrone1/lavkush/reshaped_image_dataset/shadow/backdoor/in001846.jpg,51,103,136,453,person
/home/tyrone1/lavkush/reshaped_image_dataset/shadow/backdoor/in001847.jpg,286,83,395,504,person
/home/tyrone1/lavkush/reshaped_image_dataset/shadow/backdoor/in001847.jpg,57,119,146,476,person
/home/tyrone1/lavkush/reshaped_image_dataset/shadow/backdoor/in001848.jpg,281,73,393,509,person
/home/tyrone1/lavkush/reshaped_image_dataset/shadow/backdoor/in001848.jpg,62,101,150,473,person
/home/tyrone1/lavkush/reshaped_image_dataset/shadow/backdoor/in001849.jpg,271,81,397,521,person
/home/tyrone1/lavkush/reshaped_image_dataset/shadow/backdoor/in001849.jpg,58,108,155,473,person
/home/tyrone1/lavkush/reshaped_image_dataset/shadow/backdoor/in001850.jpg,281,76,397,511,person
/home/tyrone1/lavkush/reshaped_image_dataset/shadow/backdoor/in001850.jpg,66,106,146,461,person
/home/tyrone1/lavkush/reshaped_image_dataset/shadow/backdoor/in001851.jpg,269,81,385,504,person
/home/tyrone1/lavkush/reshaped_image_dataset/shadow/backdoor/in001851.jpg,66,111,148,466,person
/home/tyrone1/lavkush/reshaped_image_dataset/shadow/backdoor/in001852.jpg,269,65,389,519,person
/home/tyrone1/lavkush/reshaped_image_dataset/shadow/backdoor/in001852.jpg,70,86,157,463,person
/home/tyrone1/lavkush/reshaped_image_dataset/shadow/backdoor/in001853.jpg,266,73,376,501,person
/home/tyrone1/lavkush/reshaped_image_dataset/shadow/backdoor/in001853.jpg,77,101,152,458,person
/home/tyrone1/lavkush/reshaped_image_dataset/shadow/backdoor/in001854.jpg,256,68,376,516,person
/home/tyrone1/lavkush/reshaped_image_dataset/shadow/backdoor/in001854.jpg,89,91,167,466,person
/home/tyrone1/lavkush/reshaped_image_dataset/shadow/backdoor/in001855.jpg,254,73,372,519,person
/home/tyrone1/lavkush/reshaped_image_dataset/shadow/backdoor/in001855.jpg,93,101,176,450,person
/home/tyrone1/lavkush/reshaped_image_dataset/shadow/backdoor/in001856.jpg,250,76,368,506,person
/home/tyrone1/lavkush/reshaped_image_dataset/shadow/backdoor/in001856.jpg,96,93,180,463,person
/home/tyrone1/lavkush/reshaped_image_dataset/shadow/backdoor/in001857.jpg,250,68,361,501,person
/home/tyrone1/lavkush/reshaped_image_dataset/shadow/backdoor/in001857.jpg,96,96,191,466,person
/home/tyrone1/lavkush/reshaped_image_dataset/shadow/backdoor/in001858.jpg,260,73,361,509,person
/home/tyrone1/lavkush/reshaped_image_dataset/shadow/backdoor/in001858.jpg,96,98,193,458,person
/home/tyrone1/lavkush/reshaped_image_dataset/shadow/backdoor/in001859.jpg,248,76,355,511,person
/home/tyrone1/lavkush/reshaped_image_dataset/shadow/backdoor/in001859.jpg,110,119,193,456,person
/home/tyrone1/lavkush/reshaped_image_dataset/shadow/backdoor/in001860.jpg,248,88,351,488,person
/home/tyrone1/lavkush/reshaped_image_dataset/shadow/backdoor/in001860.jpg,100,114,205,456,person
/home/tyrone1/lavkush/reshaped_image_dataset/shadow/backdoor/in001861.jpg,252,70,355,509,person
/home/tyrone1/lavkush/reshaped_image_dataset/shadow/backdoor/in001861.jpg,104,106,199,458,person
/home/tyrone1/lavkush/reshaped_image_dataset/shadow/backdoor/in001862.jpg,235,76,351,514,person
/home/tyrone1/lavkush/reshaped_image_dataset/shadow/backdoor/in001862.jpg,110,91,201,456,person
/home/tyrone1/lavkush/reshaped_image_dataset/shadow/backdoor/in001863.jpg,228,76,351,509,person
/home/tyrone1/lavkush/reshaped_image_dataset/shadow/backdoor/in001863.jpg,114,103,209,466,person
/home/tyrone1/lavkush/reshaped_image_dataset/shadow/backdoor/in001864.jpg,235,81,345,511,person
/home/tyrone1/lavkush/reshaped_image_dataset/shadow/backdoor/in001864.jpg,119,114,218,463,person
/home/tyrone1/lavkush/reshaped_image_dataset/shadow/backdoor/in001865.jpg,231,70,343,509,person
/home/tyrone1/lavkush/reshaped_image_dataset/shadow/backdoor/in001865.jpg,123,111,214,461,person
/home/tyrone1/lavkush/reshaped_image_dataset/shadow/backdoor/in001866.jpg,229,70,343,506,person
/home/tyrone1/lavkush/reshaped_image_dataset/shadow/backdoor/in001866.jpg,127,93,209,463,person
/home/tyrone1/lavkush/reshaped_image_dataset/shadow/backdoor/in001867.jpg,222,70,342,506,person
/home/tyrone1/lavkush/reshaped_image_dataset/shadow/backdoor/in001867.jpg,131,91,212,458,person
/home/tyrone1/lavkush/reshaped_image_dataset/shadow/backdoor/in001868.jpg,224,70,342,506,person
/home/tyrone1/lavkush/reshaped_image_dataset/shadow/backdoor/in001868.jpg,136,91,210,456,person
/home/tyrone1/lavkush/reshaped_image_dataset/shadow/backdoor/in001869.jpg,214,73,338,499,person
/home/tyrone1/lavkush/reshaped_image_dataset/shadow/backdoor/in001869.jpg,133,78,220,466,person
/home/tyrone1/lavkush/reshaped_image_dataset/shadow/backdoor/in001870.jpg,212,88,328,504,person
/home/tyrone1/lavkush/reshaped_image_dataset/shadow/backdoor/in001870.jpg,144,93,228,458,person
/home/tyrone1/lavkush/reshaped_image_dataset/shadow/backdoor/in001871.jpg,207,83,330,504,person
/home/tyrone1/lavkush/reshaped_image_dataset/shadow/backdoor/in001871.jpg,152,101,233,471,person
/home/tyrone1/lavkush/reshaped_image_dataset/shadow/backdoor/in001872.jpg,210,91,319,496,person
/home/tyrone1/lavkush/reshaped_image_dataset/shadow/backdoor/in001872.jpg,142,106,250,463,person
/home/tyrone1/lavkush/reshaped_image_dataset/shadow/backdoor/in001873.jpg,214,83,309,494,person
/home/tyrone1/lavkush/reshaped_image_dataset/shadow/backdoor/in001873.jpg,159,106,256,456,person
/home/tyrone1/lavkush/reshaped_image_dataset/shadow/backdoor/in001874.jpg,203,81,309,496,person
/home/tyrone1/lavkush/reshaped_image_dataset/shadow/backdoor/in001874.jpg,163,119,250,461,person
/home/tyrone1/lavkush/reshaped_image_dataset/shadow/backdoor/in001875.jpg,193,63,307,511,person
/home/tyrone1/lavkush/reshaped_image_dataset/shadow/backdoor/in001875.jpg,161,108,258,473,person
/home/tyrone1/lavkush/reshaped_image_dataset/shadow/backdoor/in001876.jpg,209,81,309,499,person
/home/tyrone1/lavkush/reshaped_image_dataset/shadow/backdoor/in001876.jpg,152,101,258,478,person
/home/tyrone1/lavkush/reshaped_image_dataset/shadow/backdoor/in001877.jpg,195,83,294,499,person
/home/tyrone1/lavkush/reshaped_image_dataset/shadow/backdoor/in001877.jpg,157,93,256,458,person
/home/tyrone1/lavkush/reshaped_image_dataset/shadow/backdoor/in001878.jpg,195,81,296,501,person
/home/tyrone1/lavkush/reshaped_image_dataset/shadow/backdoor/in001878.jpg,165,103,252,466,person
/home/tyrone1/lavkush/reshaped_image_dataset/shadow/backdoor/in001879.jpg,199,81,292,461,person
/home/tyrone1/lavkush/reshaped_image_dataset/shadow/backdoor/in001880.jpg,191,98,292,496,person
/home/tyrone1/lavkush/reshaped_image_dataset/shadow/backdoor/in001881.jpg,191,86,292,496,person
/home/tyrone1/lavkush/reshaped_image_dataset/shadow/backdoor/in001881.jpg,182,91,277,443,person
/home/tyrone1/lavkush/reshaped_image_dataset/shadow/backdoor/in001882.jpg,188,96,285,488,person
/home/tyrone1/lavkush/reshaped_image_dataset/shadow/backdoor/in001882.jpg,205,91,285,450,person
/home/tyrone1/lavkush/reshaped_image_dataset/shadow/backdoor/in001883.jpg,188,91,288,496,person
/home/tyrone1/lavkush/reshaped_image_dataset/shadow/backdoor/in001883.jpg,214,86,294,445,person
/home/tyrone1/lavkush/reshaped_image_dataset/shadow/backdoor/in001884.jpg,180,98,277,496,person
/home/tyrone1/lavkush/reshaped_image_dataset/shadow/backdoor/in001884.jpg,226,86,300,456,person
/home/tyrone1/lavkush/reshaped_image_dataset/shadow/backdoor/in001885.jpg,174,98,275,494,person
/home/tyrone1/lavkush/reshaped_image_dataset/shadow/backdoor/in001885.jpg,220,83,305,448,person
/home/tyrone1/lavkush/reshaped_image_dataset/shadow/backdoor/in001886.jpg,174,96,271,506,person
/home/tyrone1/lavkush/reshaped_image_dataset/shadow/backdoor/in001886.jpg,233,83,313,448,person
/home/tyrone1/lavkush/reshaped_image_dataset/shadow/backdoor/in001887.jpg,163,93,271,488,person
/home/tyrone1/lavkush/reshaped_image_dataset/shadow/backdoor/in001887.jpg,229,78,313,458,person
/home/tyrone1/lavkush/reshaped_image_dataset/shadow/backdoor/in001888.jpg,161,96,266,496,person
/home/tyrone1/lavkush/reshaped_image_dataset/shadow/backdoor/in001888.jpg,229,81,317,456,person
/home/tyrone1/lavkush/reshaped_image_dataset/shadow/backdoor/in001889.jpg,165,88,262,494,person
/home/tyrone1/lavkush/reshaped_image_dataset/shadow/backdoor/in001889.jpg,233,91,321,453,person
/home/tyrone1/lavkush/reshaped_image_dataset/shadow/backdoor/in001890.jpg,157,78,258,494,person
/home/tyrone1/lavkush/reshaped_image_dataset/shadow/backdoor/in001890.jpg,237,91,324,471,person
/home/tyrone1/lavkush/reshaped_image_dataset/shadow/backdoor/in001891.jpg,150,86,260,486,person
/home/tyrone1/lavkush/reshaped_image_dataset/shadow/backdoor/in001891.jpg,233,96,321,466,person
/home/tyrone1/lavkush/reshaped_image_dataset/shadow/backdoor/in001892.jpg,155,83,248,494,person
/home/tyrone1/lavkush/reshaped_image_dataset/shadow/backdoor/in001892.jpg,241,86,334,463,person
/home/tyrone1/lavkush/reshaped_image_dataset/shadow/backdoor/in001893.jpg,146,78,252,496,person
/home/tyrone1/lavkush/reshaped_image_dataset/shadow/backdoor/in001893.jpg,243,86,338,471,person
/home/tyrone1/lavkush/reshaped_image_dataset/shadow/backdoor/in001894.jpg,144,91,254,494,person
/home/tyrone1/lavkush/reshaped_image_dataset/shadow/backdoor/in001894.jpg,247,78,334,466,person
/home/tyrone1/lavkush/reshaped_image_dataset/shadow/backdoor/in001895.jpg,142,83,248,509,person
/home/tyrone1/lavkush/reshaped_image_dataset/shadow/backdoor/in001895.jpg,237,78,349,463,person
/home/tyrone1/lavkush/reshaped_image_dataset/shadow/backdoor/in001896.jpg,133,91,247,486,person
/home/tyrone1/lavkush/reshaped_image_dataset/shadow/backdoor/in001896.jpg,239,73,343,458,person
/home/tyrone1/lavkush/reshaped_image_dataset/shadow/backdoor/in001897.jpg,123,81,252,496,person
/home/tyrone1/lavkush/reshaped_image_dataset/shadow/backdoor/in001897.jpg,247,78,340,473,person
/home/tyrone1/lavkush/reshaped_image_dataset/shadow/backdoor/in001898.jpg,127,70,250,499,person
/home/tyrone1/lavkush/reshaped_image_dataset/shadow/backdoor/in001898.jpg,260,73,353,473,person
/home/tyrone1/lavkush/reshaped_image_dataset/shadow/backdoor/in001899.jpg,133,91,245,496,person
/home/tyrone1/lavkush/reshaped_image_dataset/shadow/backdoor/in001899.jpg,260,83,361,478,person
/home/tyrone1/lavkush/reshaped_image_dataset/shadow/backdoor/in001900.jpg,129,83,239,491,person
/home/tyrone1/lavkush/reshaped_image_dataset/shadow/backdoor/in001900.jpg,262,70,364,471,person
/home/tyrone1/lavkush/reshaped_image_dataset/shadow/backdoor/in001901.jpg,129,101,237,494,person
/home/tyrone1/lavkush/reshaped_image_dataset/shadow/backdoor/in001901.jpg,266,83,376,458,person
/home/tyrone1/lavkush/reshaped_image_dataset/shadow/backdoor/in001902.jpg,123,98,241,506,person
/home/tyrone1/lavkush/reshaped_image_dataset/shadow/backdoor/in001902.jpg,269,96,378,463,person
/home/tyrone1/lavkush/reshaped_image_dataset/shadow/backdoor/in001903.jpg,121,88,235,501,person
/home/tyrone1/lavkush/reshaped_image_dataset/shadow/backdoor/in001903.jpg,275,103,389,463,person
/home/tyrone1/lavkush/reshaped_image_dataset/shadow/backdoor/in001904.jpg,117,91,226,494,person
/home/tyrone1/lavkush/reshaped_image_dataset/shadow/backdoor/in001904.jpg,283,86,387,468,person
/home/tyrone1/lavkush/reshaped_image_dataset/shadow/backdoor/in001905.jpg,117,83,228,494,person
/home/tyrone1/lavkush/reshaped_image_dataset/shadow/backdoor/in001905.jpg,292,91,389,476,person
/home/tyrone1/lavkush/reshaped_image_dataset/shadow/backdoor/in001906.jpg,290,93,395,473,person
/home/tyrone1/lavkush/reshaped_image_dataset/shadow/backdoor/in001906.jpg,112,98,224,486,person
/home/tyrone1/lavkush/reshaped_image_dataset/shadow/backdoor/in001907.jpg,106,91,216,486,person
/home/tyrone1/lavkush/reshaped_image_dataset/shadow/backdoor/in001907.jpg,281,91,391,481,person
/home/tyrone1/lavkush/reshaped_image_dataset/shadow/backdoor/in001908.jpg,286,91,387,466,person
/home/tyrone1/lavkush/reshaped_image_dataset/shadow/backdoor/in001908.jpg,112,91,212,481,person
/home/tyrone1/lavkush/reshaped_image_dataset/shadow/backdoor/in001909.jpg,296,81,391,473,person
/home/tyrone1/lavkush/reshaped_image_dataset/shadow/backdoor/in001909.jpg,108,83,209,488,person
/home/tyrone1/lavkush/reshaped_image_dataset/shadow/backdoor/in001910.jpg,300,73,399,461,person
/home/tyrone1/lavkush/reshaped_image_dataset/shadow/backdoor/in001910.jpg,100,86,209,494,person
/home/tyrone1/lavkush/reshaped_image_dataset/shadow/backdoor/in001911.jpg,309,76,400,463,person
/home/tyrone1/lavkush/reshaped_image_dataset/shadow/backdoor/in001911.jpg,106,96,201,481,person
/home/tyrone1/lavkush/reshaped_image_dataset/shadow/backdoor/in001912.jpg,321,76,408,471,person
/home/tyrone1/lavkush/reshaped_image_dataset/shadow/backdoor/in001912.jpg,96,98,203,481,person
/home/tyrone1/lavkush/reshaped_image_dataset/shadow/backdoor/in001913.jpg,338,83,414,473,person
/home/tyrone1/lavkush/reshaped_image_dataset/shadow/backdoor/in001913.jpg,91,73,209,481,person
/home/tyrone1/lavkush/reshaped_image_dataset/shadow/backdoor/in001914.jpg,340,91,416,473,person
/home/tyrone1/lavkush/reshaped_image_dataset/shadow/backdoor/in001914.jpg,100,78,201,483,person
/home/tyrone1/lavkush/reshaped_image_dataset/shadow/backdoor/in001915.jpg,336,88,427,471,person
/home/tyrone1/lavkush/reshaped_image_dataset/shadow/backdoor/in001915.jpg,89,81,195,488,person
/home/tyrone1/lavkush/reshaped_image_dataset/shadow/backdoor/in001916.jpg,347,86,438,471,person
/home/tyrone1/lavkush/reshaped_image_dataset/shadow/backdoor/in001916.jpg,83,86,197,488,person
/home/tyrone1/lavkush/reshaped_image_dataset/shadow/backdoor/in001917.jpg,342,76,456,461,person
/home/tyrone1/lavkush/reshaped_image_dataset/shadow/backdoor/in001917.jpg,74,86,197,494,person
/home/tyrone1/lavkush/reshaped_image_dataset/shadow/backdoor/in001918.jpg,357,86,456,486,person
/home/tyrone1/lavkush/reshaped_image_dataset/shadow/backdoor/in001918.jpg,72,88,188,496,person
/home/tyrone1/lavkush/reshaped_image_dataset/shadow/backdoor/in001919.jpg,361,83,461,486,person
/home/tyrone1/lavkush/reshaped_image_dataset/shadow/backdoor/in001919.jpg,76,91,190,488,person
/home/tyrone1/lavkush/reshaped_image_dataset/shadow/backdoor/in001920.jpg,355,70,459,486,person
/home/tyrone1/lavkush/reshaped_image_dataset/shadow/backdoor/in001920.jpg,77,93,186,478,person
/home/tyrone1/lavkush/reshaped_image_dataset/shadow/backdoor/in001921.jpg,357,78,467,481,person
/home/tyrone1/lavkush/reshaped_image_dataset/shadow/backdoor/in001921.jpg,70,83,180,483,person
/home/tyrone1/lavkush/reshaped_image_dataset/shadow/backdoor/in001922.jpg,372,86,469,488,person
/home/tyrone1/lavkush/reshaped_image_dataset/shadow/backdoor/in001922.jpg,77,101,178,486,person
/home/tyrone1/lavkush/reshaped_image_dataset/shadow/backdoor/in001923.jpg,368,68,480,486,person
/home/tyrone1/lavkush/reshaped_image_dataset/shadow/backdoor/in001923.jpg,70,96,174,468,person
/home/tyrone1/lavkush/reshaped_image_dataset/shadow/backdoor/in001924.jpg,376,73,476,471,person
/home/tyrone1/lavkush/reshaped_image_dataset/shadow/backdoor/in001924.jpg,74,106,176,488,person
/home/tyrone1/lavkush/reshaped_image_dataset/shadow/backdoor/in001925.jpg,383,78,467,471,person
/home/tyrone1/lavkush/reshaped_image_dataset/shadow/backdoor/in001925.jpg,64,101,167,481,person
/home/tyrone1/lavkush/reshaped_image_dataset/shadow/backdoor/in001926.jpg,391,65,482,481,person
/home/tyrone1/lavkush/reshaped_image_dataset/shadow/backdoor/in001926.jpg,62,91,169,488,person
/home/tyrone1/lavkush/reshaped_image_dataset/shadow/backdoor/in001927.jpg,391,78,484,483,person
/home/tyrone1/lavkush/reshaped_image_dataset/shadow/backdoor/in001927.jpg,62,98,165,488,person
/home/tyrone1/lavkush/reshaped_image_dataset/shadow/backdoor/in001928.jpg,397,70,497,486,person
/home/tyrone1/lavkush/reshaped_image_dataset/shadow/backdoor/in001928.jpg,51,96,169,488,person
/home/tyrone1/lavkush/reshaped_image_dataset/shadow/backdoor/in001929.jpg,402,73,507,481,person
/home/tyrone1/lavkush/reshaped_image_dataset/shadow/backdoor/in001929.jpg,53,96,161,481,person
/home/tyrone1/lavkush/reshaped_image_dataset/shadow/backdoor/in001930.jpg,408,81,518,478,person
/home/tyrone1/lavkush/reshaped_image_dataset/shadow/backdoor/in001930.jpg,58,114,159,481,person
/home/tyrone1/lavkush/reshaped_image_dataset/shadow/backdoor/in001931.jpg,406,73,522,476,person
/home/tyrone1/lavkush/reshaped_image_dataset/shadow/backdoor/in001931.jpg,60,98,163,488,person
/home/tyrone1/lavkush/reshaped_image_dataset/shadow/backdoor/in001932.jpg,406,68,528,473,person
/home/tyrone1/lavkush/reshaped_image_dataset/shadow/backdoor/in001932.jpg,49,116,157,478,person
/home/tyrone1/lavkush/reshaped_image_dataset/shadow/backdoor/in001933.jpg,412,88,526,478,person
/home/tyrone1/lavkush/reshaped_image_dataset/shadow/backdoor/in001933.jpg,51,106,163,486,person
/home/tyrone1/lavkush/reshaped_image_dataset/shadow/backdoor/in001934.jpg,408,81,530,486,person
/home/tyrone1/lavkush/reshaped_image_dataset/shadow/backdoor/in001934.jpg,43,98,150,481,person
/home/tyrone1/lavkush/reshaped_image_dataset/shadow/backdoor/in001935.jpg,425,91,539,488,person
/home/tyrone1/lavkush/reshaped_image_dataset/shadow/backdoor/in001935.jpg,41,106,146,466,person
/home/tyrone1/lavkush/reshaped_image_dataset/shadow/backdoor/in001936.jpg,418,88,535,481,person
/home/tyrone1/lavkush/reshaped_image_dataset/shadow/backdoor/in001936.jpg,39,91,146,481,person
/home/tyrone1/lavkush/reshaped_image_dataset/shadow/backdoor/in001937.jpg,435,73,539,486,person
/home/tyrone1/lavkush/reshaped_image_dataset/shadow/backdoor/in001937.jpg,43,93,144,478,person
/home/tyrone1/lavkush/reshaped_image_dataset/shadow/backdoor/in001938.jpg,442,73,537,481,person
/home/tyrone1/lavkush/reshaped_image_dataset/shadow/backdoor/in001938.jpg,30,91,142,483,person
/home/tyrone1/lavkush/reshaped_image_dataset/shadow/backdoor/in001939.jpg,456,76,535,476,person
/home/tyrone1/lavkush/reshaped_image_dataset/shadow/backdoor/in001939.jpg,30,86,133,466,person
/home/tyrone1/lavkush/reshaped_image_dataset/shadow/backdoor/in001940.jpg,461,58,543,481,person
/home/tyrone1/lavkush/reshaped_image_dataset/shadow/backdoor/in001940.jpg,28,81,136,476,person
/home/tyrone1/lavkush/reshaped_image_dataset/shadow/backdoor/in001941.jpg,471,70,549,486,person
/home/tyrone1/lavkush/reshaped_image_dataset/shadow/backdoor/in001941.jpg,28,88,129,476,person
/home/tyrone1/lavkush/reshaped_image_dataset/shadow/backdoor/in001942.jpg,476,83,554,478,person
/home/tyrone1/lavkush/reshaped_image_dataset/shadow/backdoor/in001942.jpg,26,81,129,481,person
/home/tyrone1/lavkush/reshaped_image_dataset/shadow/backdoor/in001943.jpg,482,73,570,488,person
/home/tyrone1/lavkush/reshaped_image_dataset/shadow/backdoor/in001943.jpg,20,93,119,473,person
/home/tyrone1/lavkush/reshaped_image_dataset/shadow/backdoor/in001944.jpg,484,68,581,473,person
/home/tyrone1/lavkush/reshaped_image_dataset/shadow/backdoor/in001944.jpg,20,81,123,476,person
/home/tyrone1/lavkush/reshaped_image_dataset/shadow/backdoor/in001945.jpg,495,73,585,466,person
/home/tyrone1/lavkush/reshaped_image_dataset/shadow/backdoor/in001945.jpg,20,93,127,478,person
/home/tyrone1/lavkush/reshaped_image_dataset/shadow/backdoor/in001946.jpg,486,58,592,471,person
/home/tyrone1/lavkush/reshaped_image_dataset/shadow/backdoor/in001946.jpg,13,88,119,473,person
/home/tyrone1/lavkush/reshaped_image_dataset/shadow/backdoor/in001947.jpg,495,81,606,499,person
/home/tyrone1/lavkush/reshaped_image_dataset/shadow/backdoor/in001947.jpg,11,60,123,473,person
/home/tyrone1/lavkush/reshaped_image_dataset/shadow/backdoor/in001948.jpg,495,76,608,488,person
/home/tyrone1/lavkush/reshaped_image_dataset/shadow/backdoor/in001948.jpg,17,103,100,468,person
/home/tyrone1/lavkush/reshaped_image_dataset/shadow/backdoor/in001949.jpg,494,73,608,488,person
/home/tyrone1/lavkush/reshaped_image_dataset/shadow/backdoor/in001949.jpg,9,98,114,473,person
/home/tyrone1/lavkush/reshaped_image_dataset/shadow/backdoor/in001950.jpg,499,76,608,481,person
/home/tyrone1/lavkush/reshaped_image_dataset/shadow/backdoor/in001950.jpg,13,98,108,476,person
/home/tyrone1/lavkush/reshaped_image_dataset/shadow/backdoor/in001951.jpg,509,93,608,499,person
/home/tyrone1/lavkush/reshaped_image_dataset/shadow/backdoor/in001951.jpg,5,96,100,476,person
/home/tyrone1/lavkush/reshaped_image_dataset/shadow/backdoor/in001952.jpg,513,58,608,499,person
/home/tyrone1/lavkush/reshaped_image_dataset/shadow/backdoor/in001952.jpg,7,93,98,478,person
/home/tyrone1/lavkush/reshaped_image_dataset/shadow/backdoor/in001953.jpg,513,73,608,488,person
/home/tyrone1/lavkush/reshaped_image_dataset/shadow/backdoor/in001953.jpg,0,108,95,476,person
/home/tyrone1/lavkush/reshaped_image_dataset/shadow/backdoor/in001954.jpg,524,70,608,488,person
/home/tyrone1/lavkush/reshaped_image_dataset/shadow/backdoor/in001954.jpg,0,111,93,483,person
/home/tyrone1/lavkush/reshaped_image_dataset/shadow/backdoor/in001955.jpg,535,60,608,488,person
/home/tyrone1/lavkush/reshaped_image_dataset/shadow/backdoor/in001955.jpg,0,86,91,478,person
/home/tyrone1/lavkush/reshaped_image_dataset/shadow/backdoor/in001956.jpg,539,63,608,488,person
/home/tyrone1/lavkush/reshaped_image_dataset/shadow/backdoor/in001956.jpg,1,86,93,473,person
/home/tyrone1/lavkush/reshaped_image_dataset/shadow/backdoor/in001957.jpg,541,65,608,486,person
/home/tyrone1/lavkush/reshaped_image_dataset/shadow/backdoor/in001957.jpg,0,86,89,491,person
/home/tyrone1/lavkush/reshaped_image_dataset/shadow/backdoor/in001958.jpg,533,78,608,486,person
/home/tyrone1/lavkush/reshaped_image_dataset/shadow/backdoor/in001958.jpg,1,101,85,486,person
/home/tyrone1/lavkush/reshaped_image_dataset/shadow/backdoor/in001959.jpg,552,81,608,483,person
/home/tyrone1/lavkush/reshaped_image_dataset/shadow/backdoor/in001959.jpg,1,91,85,483,person
/home/tyrone1/lavkush/reshaped_image_dataset/shadow/backdoor/in001960.jpg,556,70,608,476,person
/home/tyrone1/lavkush/reshaped_image_dataset/shadow/backdoor/in001960.jpg,1,96,83,483,person
/home/tyrone1/lavkush/reshaped_image_dataset/shadow/backdoor/in001961.jpg,556,73,608,481,person
/home/tyrone1/lavkush/reshaped_image_dataset/shadow/backdoor/in001961.jpg,0,96,76,494,person
/home/tyrone1/lavkush/reshaped_image_dataset/shadow/backdoor/in001962.jpg,0,98,76,481,person
/home/tyrone1/lavkush/reshaped_image_dataset/shadow/backdoor/in001963.jpg,0,98,76,473,person
/home/tyrone1/lavkush/reshaped_image_dataset/shadow/backdoor/in001964.jpg,0,98,72,481,person
/home/tyrone1/lavkush/reshaped_image_dataset/shadow/backdoor/in001965.jpg,0,98,72,468,person
/home/tyrone1/lavkush/reshaped_image_dataset/shadow/backdoor/in001966.jpg,0,114,68,448,person
/home/tyrone1/lavkush/reshaped_image_dataset/shadow/backdoor/in001967.jpg,0,111,76,476,person
/home/tyrone1/lavkush/reshaped_image_dataset/shadow/backdoor/in001968.jpg,0,108,70,473,person
/home/tyrone1/lavkush/reshaped_image_dataset/shadow/backdoor/in001969.jpg,0,108,68,471,person
/home/tyrone1/lavkush/reshaped_image_dataset/shadow/backdoor/in001970.jpg,0,103,66,481,person
/home/tyrone1/lavkush/reshaped_image_dataset/shadow/backdoor/in001971.jpg,1,81,57,471,person
/home/tyrone1/lavkush/reshaped_image_dataset/shadow/backdoor/in001972.jpg,0,91,57,481,person
/home/tyrone1/lavkush/reshaped_image_dataset/shadow/backdoor/in001973.jpg,0,106,62,488,person
/home/tyrone1/lavkush/reshaped_image_dataset/shadow/backdoor/in001974.jpg,0,98,49,473,person
