/home/tyrone1/lavkush/reshaped_image_dataset/dynamicBackground/fountain01/in000284.jpg,578,175,603,206,car
/home/tyrone1/lavkush/reshaped_image_dataset/dynamicBackground/fountain01/in000285.jpg,577,181,599,206,car
/home/tyrone1/lavkush/reshaped_image_dataset/dynamicBackground/fountain01/in000286.jpg,577,173,596,202,car
/home/tyrone1/lavkush/reshaped_image_dataset/dynamicBackground/fountain01/in000287.jpg,575,175,596,209,car
/home/tyrone1/lavkush/reshaped_image_dataset/dynamicBackground/fountain01/in000288.jpg,577,181,595,202,car
/home/tyrone1/lavkush/reshaped_image_dataset/dynamicBackground/fountain01/in000289.jpg,578,183,593,204,car
/home/tyrone1/lavkush/reshaped_image_dataset/dynamicBackground/fountain01/in000290.jpg,577,179,596,206,car
/home/tyrone1/lavkush/reshaped_image_dataset/dynamicBackground/fountain01/in000291.jpg,577,177,595,206,car
/home/tyrone1/lavkush/reshaped_image_dataset/dynamicBackground/fountain01/in000292.jpg,577,177,592,204,car
/home/tyrone1/lavkush/reshaped_image_dataset/dynamicBackground/fountain01/in000293.jpg,564,179,588,206,car
/home/tyrone1/lavkush/reshaped_image_dataset/dynamicBackground/fountain01/in000294.jpg,558,179,589,206,car
/home/tyrone1/lavkush/reshaped_image_dataset/dynamicBackground/fountain01/in000295.jpg,561,177,586,209,car
/home/tyrone1/lavkush/reshaped_image_dataset/dynamicBackground/fountain01/in000296.jpg,560,181,589,209,car
/home/tyrone1/lavkush/reshaped_image_dataset/dynamicBackground/fountain01/in000297.jpg,557,181,589,206,car
/home/tyrone1/lavkush/reshaped_image_dataset/dynamicBackground/fountain01/in000298.jpg,558,181,588,211,car
/home/tyrone1/lavkush/reshaped_image_dataset/dynamicBackground/fountain01/in000299.jpg,560,181,585,209,car
/home/tyrone1/lavkush/reshaped_image_dataset/dynamicBackground/fountain01/in000300.jpg,554,177,586,209,car
/home/tyrone1/lavkush/reshaped_image_dataset/dynamicBackground/fountain01/in000301.jpg,557,179,589,209,car
/home/tyrone1/lavkush/reshaped_image_dataset/dynamicBackground/fountain01/in000302.jpg,554,173,589,209,car
/home/tyrone1/lavkush/reshaped_image_dataset/dynamicBackground/fountain01/in000303.jpg,555,177,589,206,car
/home/tyrone1/lavkush/reshaped_image_dataset/dynamicBackground/fountain01/in000304.jpg,557,173,586,209,car
/home/tyrone1/lavkush/reshaped_image_dataset/dynamicBackground/fountain01/in000305.jpg,557,179,591,209,car
/home/tyrone1/lavkush/reshaped_image_dataset/dynamicBackground/fountain01/in000306.jpg,555,181,591,206,car
/home/tyrone1/lavkush/reshaped_image_dataset/dynamicBackground/fountain01/in000307.jpg,553,181,588,209,car
/home/tyrone1/lavkush/reshaped_image_dataset/dynamicBackground/fountain01/in000308.jpg,562,177,586,209,car
/home/tyrone1/lavkush/reshaped_image_dataset/dynamicBackground/fountain01/in000309.jpg,560,179,589,209,car
/home/tyrone1/lavkush/reshaped_image_dataset/dynamicBackground/fountain01/in000310.jpg,554,177,592,209,car
/home/tyrone1/lavkush/reshaped_image_dataset/dynamicBackground/fountain01/in000311.jpg,557,179,592,211,car
/home/tyrone1/lavkush/reshaped_image_dataset/dynamicBackground/fountain01/in000312.jpg,562,177,588,211,car
/home/tyrone1/lavkush/reshaped_image_dataset/dynamicBackground/fountain01/in000313.jpg,558,183,592,209,car
/home/tyrone1/lavkush/reshaped_image_dataset/dynamicBackground/fountain01/in000314.jpg,557,177,593,206,car
/home/tyrone1/lavkush/reshaped_image_dataset/dynamicBackground/fountain01/in000315.jpg,558,175,596,206,car
/home/tyrone1/lavkush/reshaped_image_dataset/dynamicBackground/fountain01/in000316.jpg,560,181,596,204,car
/home/tyrone1/lavkush/reshaped_image_dataset/dynamicBackground/fountain01/in000317.jpg,561,181,596,204,car
/home/tyrone1/lavkush/reshaped_image_dataset/dynamicBackground/fountain01/in000318.jpg,555,179,595,204,car
/home/tyrone1/lavkush/reshaped_image_dataset/dynamicBackground/fountain01/in000319.jpg,557,177,600,204,car
/home/tyrone1/lavkush/reshaped_image_dataset/dynamicBackground/fountain01/in000320.jpg,558,183,596,204,car
/home/tyrone1/lavkush/reshaped_image_dataset/dynamicBackground/fountain01/in000321.jpg,560,181,596,204,car
/home/tyrone1/lavkush/reshaped_image_dataset/dynamicBackground/fountain01/in000322.jpg,558,185,602,206,car
/home/tyrone1/lavkush/reshaped_image_dataset/dynamicBackground/fountain01/in000323.jpg,560,171,599,206,car
/home/tyrone1/lavkush/reshaped_image_dataset/dynamicBackground/fountain01/in000324.jpg,577,183,599,204,car
/home/tyrone1/lavkush/reshaped_image_dataset/dynamicBackground/fountain01/in000325.jpg,577,177,600,204,car
/home/tyrone1/lavkush/reshaped_image_dataset/dynamicBackground/fountain01/in000326.jpg,574,179,600,202,car
/home/tyrone1/lavkush/reshaped_image_dataset/dynamicBackground/fountain01/in000327.jpg,575,177,603,204,car
/home/tyrone1/lavkush/reshaped_image_dataset/dynamicBackground/fountain01/in000328.jpg,575,177,600,206,car
/home/tyrone1/lavkush/reshaped_image_dataset/dynamicBackground/fountain01/in000329.jpg,574,173,600,202,car
/home/tyrone1/lavkush/reshaped_image_dataset/dynamicBackground/fountain01/in000330.jpg,572,179,602,202,car
/home/tyrone1/lavkush/reshaped_image_dataset/dynamicBackground/fountain01/in000331.jpg,577,177,603,204,car
/home/tyrone1/lavkush/reshaped_image_dataset/dynamicBackground/fountain01/in000332.jpg,579,171,603,202,car
/home/tyrone1/lavkush/reshaped_image_dataset/dynamicBackground/fountain01/in000333.jpg,577,177,605,202,car
/home/tyrone1/lavkush/reshaped_image_dataset/dynamicBackground/fountain01/in000334.jpg,577,173,606,204,car
/home/tyrone1/lavkush/reshaped_image_dataset/dynamicBackground/fountain01/in000335.jpg,577,179,608,204,car
/home/tyrone1/lavkush/reshaped_image_dataset/dynamicBackground/fountain01/in000336.jpg,579,175,605,206,car
/home/tyrone1/lavkush/reshaped_image_dataset/dynamicBackground/fountain01/in000337.jpg,581,177,606,204,car
/home/tyrone1/lavkush/reshaped_image_dataset/dynamicBackground/fountain01/in000338.jpg,582,173,605,202,car
/home/tyrone1/lavkush/reshaped_image_dataset/dynamicBackground/fountain01/in000339.jpg,578,173,608,202,car
/home/tyrone1/lavkush/reshaped_image_dataset/dynamicBackground/fountain01/in000651.jpg,571,177,608,230,car
/home/tyrone1/lavkush/reshaped_image_dataset/dynamicBackground/fountain01/in000652.jpg,560,190,608,232,car
/home/tyrone1/lavkush/reshaped_image_dataset/dynamicBackground/fountain01/in000653.jpg,574,187,608,232,car
/home/tyrone1/lavkush/reshaped_image_dataset/dynamicBackground/fountain01/in000654.jpg,562,181,608,232,car
/home/tyrone1/lavkush/reshaped_image_dataset/dynamicBackground/fountain01/in000655.jpg,551,187,608,225,car
/home/tyrone1/lavkush/reshaped_image_dataset/dynamicBackground/fountain01/in000656.jpg,544,181,608,232,car
/home/tyrone1/lavkush/reshaped_image_dataset/dynamicBackground/fountain01/in000657.jpg,547,177,608,232,car
/home/tyrone1/lavkush/reshaped_image_dataset/dynamicBackground/fountain01/in000658.jpg,541,179,608,230,car
/home/tyrone1/lavkush/reshaped_image_dataset/dynamicBackground/fountain01/in000659.jpg,541,185,608,234,car
/home/tyrone1/lavkush/reshaped_image_dataset/dynamicBackground/fountain01/in000660.jpg,543,171,608,232,car
/home/tyrone1/lavkush/reshaped_image_dataset/dynamicBackground/fountain01/in000661.jpg,537,177,608,232,car
/home/tyrone1/lavkush/reshaped_image_dataset/dynamicBackground/fountain01/in000662.jpg,539,181,608,234,car
/home/tyrone1/lavkush/reshaped_image_dataset/dynamicBackground/fountain01/in000663.jpg,539,181,608,238,car
/home/tyrone1/lavkush/reshaped_image_dataset/dynamicBackground/fountain01/in000664.jpg,534,181,608,234,car
/home/tyrone1/lavkush/reshaped_image_dataset/dynamicBackground/fountain01/in000665.jpg,530,181,608,232,car
/home/tyrone1/lavkush/reshaped_image_dataset/dynamicBackground/fountain01/in000666.jpg,527,175,608,230,car
/home/tyrone1/lavkush/reshaped_image_dataset/dynamicBackground/fountain01/in000667.jpg,532,190,608,232,car
/home/tyrone1/lavkush/reshaped_image_dataset/dynamicBackground/fountain01/in000668.jpg,530,183,608,232,car
/home/tyrone1/lavkush/reshaped_image_dataset/dynamicBackground/fountain01/in000669.jpg,523,185,608,230,car
/home/tyrone1/lavkush/reshaped_image_dataset/dynamicBackground/fountain01/in000670.jpg,529,183,593,228,car
/home/tyrone1/lavkush/reshaped_image_dataset/dynamicBackground/fountain01/in000671.jpg,529,185,589,225,car
/home/tyrone1/lavkush/reshaped_image_dataset/dynamicBackground/fountain01/in000672.jpg,520,185,586,228,car
/home/tyrone1/lavkush/reshaped_image_dataset/dynamicBackground/fountain01/in000673.jpg,523,185,574,232,car
/home/tyrone1/lavkush/reshaped_image_dataset/dynamicBackground/fountain01/in000674.jpg,526,183,579,228,car
/home/tyrone1/lavkush/reshaped_image_dataset/dynamicBackground/fountain01/in000675.jpg,527,183,570,232,car
/home/tyrone1/lavkush/reshaped_image_dataset/dynamicBackground/fountain01/in000676.jpg,530,185,574,232,car
/home/tyrone1/lavkush/reshaped_image_dataset/dynamicBackground/fountain01/in000677.jpg,465,179,565,242,car
/home/tyrone1/lavkush/reshaped_image_dataset/dynamicBackground/fountain01/in000678.jpg,463,179,562,238,car
/home/tyrone1/lavkush/reshaped_image_dataset/dynamicBackground/fountain01/in000679.jpg,461,181,560,238,car
/home/tyrone1/lavkush/reshaped_image_dataset/dynamicBackground/fountain01/in000680.jpg,454,179,555,238,car
/home/tyrone1/lavkush/reshaped_image_dataset/dynamicBackground/fountain01/in000681.jpg,578,187,608,238,car
/home/tyrone1/lavkush/reshaped_image_dataset/dynamicBackground/fountain01/in000681.jpg,446,177,548,240,car
/home/tyrone1/lavkush/reshaped_image_dataset/dynamicBackground/fountain01/in000682.jpg,447,192,488,238,car
/home/tyrone1/lavkush/reshaped_image_dataset/dynamicBackground/fountain01/in000682.jpg,572,183,608,232,car
/home/tyrone1/lavkush/reshaped_image_dataset/dynamicBackground/fountain01/in000683.jpg,444,196,491,238,car
/home/tyrone1/lavkush/reshaped_image_dataset/dynamicBackground/fountain01/in000683.jpg,575,185,608,238,car
/home/tyrone1/lavkush/reshaped_image_dataset/dynamicBackground/fountain01/in000684.jpg,434,194,488,236,car
/home/tyrone1/lavkush/reshaped_image_dataset/dynamicBackground/fountain01/in000684.jpg,574,183,608,234,car
/home/tyrone1/lavkush/reshaped_image_dataset/dynamicBackground/fountain01/in000685.jpg,430,202,495,238,car
/home/tyrone1/lavkush/reshaped_image_dataset/dynamicBackground/fountain01/in000685.jpg,571,192,608,234,car
/home/tyrone1/lavkush/reshaped_image_dataset/dynamicBackground/fountain01/in000686.jpg,430,192,488,238,car
/home/tyrone1/lavkush/reshaped_image_dataset/dynamicBackground/fountain01/in000686.jpg,571,190,608,228,car
/home/tyrone1/lavkush/reshaped_image_dataset/dynamicBackground/fountain01/in000687.jpg,429,187,488,238,car
/home/tyrone1/lavkush/reshaped_image_dataset/dynamicBackground/fountain01/in000687.jpg,568,183,608,232,car
/home/tyrone1/lavkush/reshaped_image_dataset/dynamicBackground/fountain01/in000688.jpg,423,187,491,238,car
/home/tyrone1/lavkush/reshaped_image_dataset/dynamicBackground/fountain01/in000688.jpg,574,187,608,228,car
/home/tyrone1/lavkush/reshaped_image_dataset/dynamicBackground/fountain01/in000689.jpg,412,190,488,232,car
/home/tyrone1/lavkush/reshaped_image_dataset/dynamicBackground/fountain01/in000689.jpg,567,187,608,228,car
/home/tyrone1/lavkush/reshaped_image_dataset/dynamicBackground/fountain01/in000690.jpg,419,192,488,232,car
/home/tyrone1/lavkush/reshaped_image_dataset/dynamicBackground/fountain01/in000690.jpg,570,185,608,230,car
/home/tyrone1/lavkush/reshaped_image_dataset/dynamicBackground/fountain01/in000691.jpg,408,190,494,240,car
/home/tyrone1/lavkush/reshaped_image_dataset/dynamicBackground/fountain01/in000691.jpg,564,177,608,234,car
/home/tyrone1/lavkush/reshaped_image_dataset/dynamicBackground/fountain01/in000692.jpg,398,194,488,238,car
/home/tyrone1/lavkush/reshaped_image_dataset/dynamicBackground/fountain01/in000692.jpg,565,190,608,232,car
/home/tyrone1/lavkush/reshaped_image_dataset/dynamicBackground/fountain01/in000693.jpg,399,194,492,236,car
/home/tyrone1/lavkush/reshaped_image_dataset/dynamicBackground/fountain01/in000693.jpg,568,185,608,228,car
/home/tyrone1/lavkush/reshaped_image_dataset/dynamicBackground/fountain01/in000694.jpg,391,196,488,238,car
/home/tyrone1/lavkush/reshaped_image_dataset/dynamicBackground/fountain01/in000694.jpg,565,190,608,230,car
/home/tyrone1/lavkush/reshaped_image_dataset/dynamicBackground/fountain01/in000695.jpg,389,194,491,232,car
/home/tyrone1/lavkush/reshaped_image_dataset/dynamicBackground/fountain01/in000695.jpg,565,185,608,228,car
/home/tyrone1/lavkush/reshaped_image_dataset/dynamicBackground/fountain01/in000696.jpg,380,196,481,234,car
/home/tyrone1/lavkush/reshaped_image_dataset/dynamicBackground/fountain01/in000696.jpg,564,196,608,234,car
/home/tyrone1/lavkush/reshaped_image_dataset/dynamicBackground/fountain01/in000697.jpg,372,187,477,238,car
/home/tyrone1/lavkush/reshaped_image_dataset/dynamicBackground/fountain01/in000697.jpg,560,194,608,232,car
/home/tyrone1/lavkush/reshaped_image_dataset/dynamicBackground/fountain01/in000698.jpg,380,198,464,238,car
/home/tyrone1/lavkush/reshaped_image_dataset/dynamicBackground/fountain01/in000698.jpg,562,185,608,236,car
/home/tyrone1/lavkush/reshaped_image_dataset/dynamicBackground/fountain01/in000699.jpg,371,200,470,236,car
/home/tyrone1/lavkush/reshaped_image_dataset/dynamicBackground/fountain01/in000699.jpg,565,190,608,232,car
/home/tyrone1/lavkush/reshaped_image_dataset/dynamicBackground/fountain01/in000700.jpg,363,194,471,236,car
/home/tyrone1/lavkush/reshaped_image_dataset/dynamicBackground/fountain01/in000700.jpg,560,187,608,230,car
/home/tyrone1/lavkush/reshaped_image_dataset/dynamicBackground/fountain01/in000701.jpg,363,192,465,234,car
/home/tyrone1/lavkush/reshaped_image_dataset/dynamicBackground/fountain01/in000701.jpg,560,183,608,232,car
/home/tyrone1/lavkush/reshaped_image_dataset/dynamicBackground/fountain01/in000702.jpg,356,196,467,234,car
/home/tyrone1/lavkush/reshaped_image_dataset/dynamicBackground/fountain01/in000702.jpg,565,183,608,223,car
/home/tyrone1/lavkush/reshaped_image_dataset/dynamicBackground/fountain01/in000703.jpg,353,196,450,236,car
/home/tyrone1/lavkush/reshaped_image_dataset/dynamicBackground/fountain01/in000703.jpg,560,185,608,234,car
/home/tyrone1/lavkush/reshaped_image_dataset/dynamicBackground/fountain01/in000704.jpg,344,194,450,236,car
/home/tyrone1/lavkush/reshaped_image_dataset/dynamicBackground/fountain01/in000704.jpg,560,190,608,230,car
/home/tyrone1/lavkush/reshaped_image_dataset/dynamicBackground/fountain01/in000705.jpg,344,200,439,238,car
/home/tyrone1/lavkush/reshaped_image_dataset/dynamicBackground/fountain01/in000705.jpg,558,190,608,232,car
/home/tyrone1/lavkush/reshaped_image_dataset/dynamicBackground/fountain01/in000706.jpg,334,181,425,238,car
/home/tyrone1/lavkush/reshaped_image_dataset/dynamicBackground/fountain01/in000706.jpg,558,187,608,230,car
/home/tyrone1/lavkush/reshaped_image_dataset/dynamicBackground/fountain01/in000707.jpg,330,190,436,238,car
/home/tyrone1/lavkush/reshaped_image_dataset/dynamicBackground/fountain01/in000707.jpg,561,190,608,232,car
/home/tyrone1/lavkush/reshaped_image_dataset/dynamicBackground/fountain01/in000708.jpg,333,190,427,240,car
/home/tyrone1/lavkush/reshaped_image_dataset/dynamicBackground/fountain01/in000708.jpg,561,190,608,234,car
/home/tyrone1/lavkush/reshaped_image_dataset/dynamicBackground/fountain01/in000709.jpg,322,190,422,238,car
/home/tyrone1/lavkush/reshaped_image_dataset/dynamicBackground/fountain01/in000709.jpg,561,181,608,228,car
/home/tyrone1/lavkush/reshaped_image_dataset/dynamicBackground/fountain01/in000710.jpg,319,198,418,238,car
/home/tyrone1/lavkush/reshaped_image_dataset/dynamicBackground/fountain01/in000710.jpg,564,190,608,230,car
/home/tyrone1/lavkush/reshaped_image_dataset/dynamicBackground/fountain01/in000711.jpg,316,196,408,238,car
/home/tyrone1/lavkush/reshaped_image_dataset/dynamicBackground/fountain01/in000711.jpg,558,183,608,234,car
/home/tyrone1/lavkush/reshaped_image_dataset/dynamicBackground/fountain01/in000712.jpg,308,190,403,236,car
/home/tyrone1/lavkush/reshaped_image_dataset/dynamicBackground/fountain01/in000712.jpg,560,190,608,230,car
/home/tyrone1/lavkush/reshaped_image_dataset/dynamicBackground/fountain01/in000713.jpg,306,196,403,236,car
/home/tyrone1/lavkush/reshaped_image_dataset/dynamicBackground/fountain01/in000713.jpg,560,185,608,228,car
/home/tyrone1/lavkush/reshaped_image_dataset/dynamicBackground/fountain01/in000714.jpg,296,185,389,234,car
/home/tyrone1/lavkush/reshaped_image_dataset/dynamicBackground/fountain01/in000714.jpg,558,190,608,230,car
/home/tyrone1/lavkush/reshaped_image_dataset/dynamicBackground/fountain01/in000715.jpg,294,190,389,234,car
/home/tyrone1/lavkush/reshaped_image_dataset/dynamicBackground/fountain01/in000715.jpg,562,185,608,232,car
/home/tyrone1/lavkush/reshaped_image_dataset/dynamicBackground/fountain01/in000716.jpg,292,190,391,242,car
/home/tyrone1/lavkush/reshaped_image_dataset/dynamicBackground/fountain01/in000716.jpg,557,181,608,230,car
/home/tyrone1/lavkush/reshaped_image_dataset/dynamicBackground/fountain01/in000717.jpg,288,190,381,242,car
/home/tyrone1/lavkush/reshaped_image_dataset/dynamicBackground/fountain01/in000717.jpg,558,185,608,232,car
/home/tyrone1/lavkush/reshaped_image_dataset/dynamicBackground/fountain01/in000718.jpg,281,194,375,242,car
/home/tyrone1/lavkush/reshaped_image_dataset/dynamicBackground/fountain01/in000718.jpg,558,190,608,232,car
/home/tyrone1/lavkush/reshaped_image_dataset/dynamicBackground/fountain01/in000719.jpg,275,185,367,240,car
/home/tyrone1/lavkush/reshaped_image_dataset/dynamicBackground/fountain01/in000719.jpg,553,185,608,232,car
/home/tyrone1/lavkush/reshaped_image_dataset/dynamicBackground/fountain01/in000720.jpg,275,194,365,242,car
/home/tyrone1/lavkush/reshaped_image_dataset/dynamicBackground/fountain01/in000720.jpg,553,183,608,228,car
/home/tyrone1/lavkush/reshaped_image_dataset/dynamicBackground/fountain01/in000721.jpg,267,192,357,240,car
/home/tyrone1/lavkush/reshaped_image_dataset/dynamicBackground/fountain01/in000721.jpg,553,192,608,232,car
/home/tyrone1/lavkush/reshaped_image_dataset/dynamicBackground/fountain01/in000722.jpg,270,200,353,240,car
/home/tyrone1/lavkush/reshaped_image_dataset/dynamicBackground/fountain01/in000722.jpg,553,175,608,232,car
/home/tyrone1/lavkush/reshaped_image_dataset/dynamicBackground/fountain01/in000723.jpg,555,187,608,228,car
/home/tyrone1/lavkush/reshaped_image_dataset/dynamicBackground/fountain01/in000723.jpg,264,179,354,247,car
/home/tyrone1/lavkush/reshaped_image_dataset/dynamicBackground/fountain01/in000724.jpg,263,194,347,240,car
/home/tyrone1/lavkush/reshaped_image_dataset/dynamicBackground/fountain01/in000724.jpg,558,179,608,230,car
/home/tyrone1/lavkush/reshaped_image_dataset/dynamicBackground/fountain01/in000725.jpg,257,187,344,242,car
/home/tyrone1/lavkush/reshaped_image_dataset/dynamicBackground/fountain01/in000725.jpg,553,181,608,230,car
/home/tyrone1/lavkush/reshaped_image_dataset/dynamicBackground/fountain01/in000726.jpg,251,196,342,238,car
/home/tyrone1/lavkush/reshaped_image_dataset/dynamicBackground/fountain01/in000726.jpg,557,183,608,232,car
/home/tyrone1/lavkush/reshaped_image_dataset/dynamicBackground/fountain01/in000727.jpg,249,194,332,240,car
/home/tyrone1/lavkush/reshaped_image_dataset/dynamicBackground/fountain01/in000727.jpg,555,183,608,228,car
/home/tyrone1/lavkush/reshaped_image_dataset/dynamicBackground/fountain01/in000728.jpg,249,200,323,242,car
/home/tyrone1/lavkush/reshaped_image_dataset/dynamicBackground/fountain01/in000728.jpg,557,192,608,230,car
/home/tyrone1/lavkush/reshaped_image_dataset/dynamicBackground/fountain01/in000729.jpg,240,196,320,238,car
/home/tyrone1/lavkush/reshaped_image_dataset/dynamicBackground/fountain01/in000729.jpg,550,183,608,230,car
/home/tyrone1/lavkush/reshaped_image_dataset/dynamicBackground/fountain01/in000730.jpg,236,192,315,244,car
/home/tyrone1/lavkush/reshaped_image_dataset/dynamicBackground/fountain01/in000730.jpg,553,192,608,234,car
/home/tyrone1/lavkush/reshaped_image_dataset/dynamicBackground/fountain01/in000731.jpg,218,196,312,242,car
/home/tyrone1/lavkush/reshaped_image_dataset/dynamicBackground/fountain01/in000731.jpg,550,190,608,232,car
/home/tyrone1/lavkush/reshaped_image_dataset/dynamicBackground/fountain01/in000732.jpg,215,196,309,238,car
/home/tyrone1/lavkush/reshaped_image_dataset/dynamicBackground/fountain01/in000732.jpg,550,192,608,228,car
/home/tyrone1/lavkush/reshaped_image_dataset/dynamicBackground/fountain01/in000733.jpg,206,198,301,244,car
/home/tyrone1/lavkush/reshaped_image_dataset/dynamicBackground/fountain01/in000733.jpg,544,190,608,230,car
/home/tyrone1/lavkush/reshaped_image_dataset/dynamicBackground/fountain01/in000734.jpg,202,196,296,244,car
/home/tyrone1/lavkush/reshaped_image_dataset/dynamicBackground/fountain01/in000734.jpg,547,187,608,230,car
/home/tyrone1/lavkush/reshaped_image_dataset/dynamicBackground/fountain01/in000735.jpg,195,198,288,242,car
/home/tyrone1/lavkush/reshaped_image_dataset/dynamicBackground/fountain01/in000735.jpg,550,183,608,225,car
/home/tyrone1/lavkush/reshaped_image_dataset/dynamicBackground/fountain01/in000736.jpg,194,202,284,242,car
/home/tyrone1/lavkush/reshaped_image_dataset/dynamicBackground/fountain01/in000736.jpg,544,187,608,225,car
/home/tyrone1/lavkush/reshaped_image_dataset/dynamicBackground/fountain01/in000737.jpg,192,194,280,244,car
/home/tyrone1/lavkush/reshaped_image_dataset/dynamicBackground/fountain01/in000737.jpg,547,190,608,234,car
/home/tyrone1/lavkush/reshaped_image_dataset/dynamicBackground/fountain01/in000738.jpg,192,200,268,247,car
/home/tyrone1/lavkush/reshaped_image_dataset/dynamicBackground/fountain01/in000738.jpg,546,187,608,228,car
/home/tyrone1/lavkush/reshaped_image_dataset/dynamicBackground/fountain01/in000739.jpg,190,200,270,247,car
/home/tyrone1/lavkush/reshaped_image_dataset/dynamicBackground/fountain01/in000739.jpg,541,185,608,230,car
/home/tyrone1/lavkush/reshaped_image_dataset/dynamicBackground/fountain01/in000740.jpg,181,196,260,240,car
/home/tyrone1/lavkush/reshaped_image_dataset/dynamicBackground/fountain01/in000740.jpg,540,183,608,232,car
/home/tyrone1/lavkush/reshaped_image_dataset/dynamicBackground/fountain01/in000741.jpg,185,200,257,238,car
/home/tyrone1/lavkush/reshaped_image_dataset/dynamicBackground/fountain01/in000741.jpg,551,190,608,234,car
/home/tyrone1/lavkush/reshaped_image_dataset/dynamicBackground/fountain01/in000742.jpg,188,196,254,247,car
/home/tyrone1/lavkush/reshaped_image_dataset/dynamicBackground/fountain01/in000742.jpg,539,183,608,234,car
/home/tyrone1/lavkush/reshaped_image_dataset/dynamicBackground/fountain01/in000743.jpg,188,198,257,244,car
/home/tyrone1/lavkush/reshaped_image_dataset/dynamicBackground/fountain01/in000743.jpg,544,183,608,225,car
/home/tyrone1/lavkush/reshaped_image_dataset/dynamicBackground/fountain01/in000744.jpg,185,200,251,242,car
/home/tyrone1/lavkush/reshaped_image_dataset/dynamicBackground/fountain01/in000744.jpg,547,190,608,232,car
/home/tyrone1/lavkush/reshaped_image_dataset/dynamicBackground/fountain01/in000745.jpg,182,196,246,242,car
/home/tyrone1/lavkush/reshaped_image_dataset/dynamicBackground/fountain01/in000745.jpg,547,181,608,234,car
/home/tyrone1/lavkush/reshaped_image_dataset/dynamicBackground/fountain01/in000746.jpg,187,190,243,247,car
/home/tyrone1/lavkush/reshaped_image_dataset/dynamicBackground/fountain01/in000746.jpg,541,179,608,234,car
/home/tyrone1/lavkush/reshaped_image_dataset/dynamicBackground/fountain01/in000747.jpg,184,190,235,242,car
/home/tyrone1/lavkush/reshaped_image_dataset/dynamicBackground/fountain01/in000747.jpg,543,181,608,232,car
/home/tyrone1/lavkush/reshaped_image_dataset/dynamicBackground/fountain01/in000748.jpg,540,181,608,228,car
/home/tyrone1/lavkush/reshaped_image_dataset/dynamicBackground/fountain01/in000748.jpg,128,190,226,244,car
/home/tyrone1/lavkush/reshaped_image_dataset/dynamicBackground/fountain01/in000749.jpg,546,181,608,230,car
/home/tyrone1/lavkush/reshaped_image_dataset/dynamicBackground/fountain01/in000749.jpg,121,185,222,249,car
/home/tyrone1/lavkush/reshaped_image_dataset/dynamicBackground/fountain01/in000750.jpg,539,185,608,236,car
/home/tyrone1/lavkush/reshaped_image_dataset/dynamicBackground/fountain01/in000750.jpg,115,196,213,244,car
/home/tyrone1/lavkush/reshaped_image_dataset/dynamicBackground/fountain01/in000751.jpg,114,202,150,247,car
/home/tyrone1/lavkush/reshaped_image_dataset/dynamicBackground/fountain01/in000752.jpg,104,206,152,249,car
/home/tyrone1/lavkush/reshaped_image_dataset/dynamicBackground/fountain01/in000752.jpg,534,185,608,232,car
/home/tyrone1/lavkush/reshaped_image_dataset/dynamicBackground/fountain01/in000753.jpg,104,206,153,247,car
/home/tyrone1/lavkush/reshaped_image_dataset/dynamicBackground/fountain01/in000753.jpg,536,177,608,232,car
/home/tyrone1/lavkush/reshaped_image_dataset/dynamicBackground/fountain01/in000754.jpg,101,200,152,244,car
/home/tyrone1/lavkush/reshaped_image_dataset/dynamicBackground/fountain01/in000754.jpg,539,185,608,232,car
/home/tyrone1/lavkush/reshaped_image_dataset/dynamicBackground/fountain01/in000755.jpg,99,194,149,251,car
/home/tyrone1/lavkush/reshaped_image_dataset/dynamicBackground/fountain01/in000755.jpg,534,187,608,238,car
/home/tyrone1/lavkush/reshaped_image_dataset/dynamicBackground/fountain01/in000756.jpg,94,200,154,251,car
/home/tyrone1/lavkush/reshaped_image_dataset/dynamicBackground/fountain01/in000756.jpg,536,181,608,236,car
/home/tyrone1/lavkush/reshaped_image_dataset/dynamicBackground/fountain01/in000757.jpg,98,200,154,249,car
/home/tyrone1/lavkush/reshaped_image_dataset/dynamicBackground/fountain01/in000757.jpg,530,190,608,232,car
/home/tyrone1/lavkush/reshaped_image_dataset/dynamicBackground/fountain01/in000758.jpg,92,200,150,249,car
/home/tyrone1/lavkush/reshaped_image_dataset/dynamicBackground/fountain01/in000758.jpg,533,181,608,232,car
/home/tyrone1/lavkush/reshaped_image_dataset/dynamicBackground/fountain01/in000759.jpg,85,202,161,251,car
/home/tyrone1/lavkush/reshaped_image_dataset/dynamicBackground/fountain01/in000759.jpg,537,181,608,232,car
/home/tyrone1/lavkush/reshaped_image_dataset/dynamicBackground/fountain01/in000760.jpg,83,204,159,251,car
/home/tyrone1/lavkush/reshaped_image_dataset/dynamicBackground/fountain01/in000760.jpg,540,183,608,234,car
/home/tyrone1/lavkush/reshaped_image_dataset/dynamicBackground/fountain01/in000761.jpg,76,202,150,251,car
/home/tyrone1/lavkush/reshaped_image_dataset/dynamicBackground/fountain01/in000761.jpg,534,179,608,236,car
/home/tyrone1/lavkush/reshaped_image_dataset/dynamicBackground/fountain01/in000762.jpg,73,200,149,247,car
/home/tyrone1/lavkush/reshaped_image_dataset/dynamicBackground/fountain01/in000762.jpg,536,177,608,234,car
/home/tyrone1/lavkush/reshaped_image_dataset/dynamicBackground/fountain01/in000763.jpg,70,209,144,251,car
/home/tyrone1/lavkush/reshaped_image_dataset/dynamicBackground/fountain01/in000763.jpg,534,183,608,236,car
/home/tyrone1/lavkush/reshaped_image_dataset/dynamicBackground/fountain01/in000764.jpg,66,204,136,251,car
/home/tyrone1/lavkush/reshaped_image_dataset/dynamicBackground/fountain01/in000764.jpg,539,185,608,238,car
/home/tyrone1/lavkush/reshaped_image_dataset/dynamicBackground/fountain01/in000765.jpg,68,196,136,255,car
/home/tyrone1/lavkush/reshaped_image_dataset/dynamicBackground/fountain01/in000765.jpg,537,177,608,228,car
/home/tyrone1/lavkush/reshaped_image_dataset/dynamicBackground/fountain01/in000766.jpg,67,202,123,249,car
/home/tyrone1/lavkush/reshaped_image_dataset/dynamicBackground/fountain01/in000766.jpg,536,181,608,236,car
/home/tyrone1/lavkush/reshaped_image_dataset/dynamicBackground/fountain01/in000767.jpg,534,183,608,242,car
/home/tyrone1/lavkush/reshaped_image_dataset/dynamicBackground/fountain01/in000767.jpg,21,185,125,263,car
/home/tyrone1/lavkush/reshaped_image_dataset/dynamicBackground/fountain01/in000768.jpg,536,179,608,230,car
/home/tyrone1/lavkush/reshaped_image_dataset/dynamicBackground/fountain01/in000768.jpg,14,192,114,251,car
/home/tyrone1/lavkush/reshaped_image_dataset/dynamicBackground/fountain01/in000769.jpg,532,185,608,234,car
/home/tyrone1/lavkush/reshaped_image_dataset/dynamicBackground/fountain01/in000769.jpg,11,192,95,247,car
/home/tyrone1/lavkush/reshaped_image_dataset/dynamicBackground/fountain01/in000770.jpg,534,185,608,234,car
/home/tyrone1/lavkush/reshaped_image_dataset/dynamicBackground/fountain01/in000770.jpg,9,200,83,249,car
/home/tyrone1/lavkush/reshaped_image_dataset/dynamicBackground/fountain01/in000771.jpg,0,215,35,251,car
/home/tyrone1/lavkush/reshaped_image_dataset/dynamicBackground/fountain01/in000771.jpg,537,181,608,230,car
/home/tyrone1/lavkush/reshaped_image_dataset/dynamicBackground/fountain01/in000772.jpg,4,213,39,255,car
/home/tyrone1/lavkush/reshaped_image_dataset/dynamicBackground/fountain01/in000772.jpg,534,190,608,230,car
/home/tyrone1/lavkush/reshaped_image_dataset/dynamicBackground/fountain01/in000773.jpg,0,204,36,253,car
/home/tyrone1/lavkush/reshaped_image_dataset/dynamicBackground/fountain01/in000773.jpg,526,183,608,230,car
/home/tyrone1/lavkush/reshaped_image_dataset/dynamicBackground/fountain01/in000774.jpg,1,213,33,251,car
/home/tyrone1/lavkush/reshaped_image_dataset/dynamicBackground/fountain01/in000774.jpg,529,185,608,230,car
/home/tyrone1/lavkush/reshaped_image_dataset/dynamicBackground/fountain01/in000775.jpg,0,206,35,253,car
/home/tyrone1/lavkush/reshaped_image_dataset/dynamicBackground/fountain01/in000775.jpg,532,183,608,232,car
/home/tyrone1/lavkush/reshaped_image_dataset/dynamicBackground/fountain01/in000776.jpg,1,204,35,253,car
/home/tyrone1/lavkush/reshaped_image_dataset/dynamicBackground/fountain01/in000776.jpg,532,183,608,234,car
/home/tyrone1/lavkush/reshaped_image_dataset/dynamicBackground/fountain01/in000777.jpg,530,183,608,230,car
/home/tyrone1/lavkush/reshaped_image_dataset/dynamicBackground/fountain01/in000777.jpg,0,185,38,251,car
/home/tyrone1/lavkush/reshaped_image_dataset/dynamicBackground/fountain01/in000778.jpg,0,194,40,253,car
/home/tyrone1/lavkush/reshaped_image_dataset/dynamicBackground/fountain01/in000778.jpg,533,181,608,234,car
/home/tyrone1/lavkush/reshaped_image_dataset/dynamicBackground/fountain01/in000779.jpg,1,194,38,251,car
/home/tyrone1/lavkush/reshaped_image_dataset/dynamicBackground/fountain01/in000779.jpg,530,183,608,230,car
/home/tyrone1/lavkush/reshaped_image_dataset/dynamicBackground/fountain01/in000780.jpg,0,200,35,257,car
/home/tyrone1/lavkush/reshaped_image_dataset/dynamicBackground/fountain01/in000780.jpg,524,185,608,230,car
/home/tyrone1/lavkush/reshaped_image_dataset/dynamicBackground/fountain01/in000781.jpg,0,198,33,253,car
/home/tyrone1/lavkush/reshaped_image_dataset/dynamicBackground/fountain01/in000781.jpg,536,179,608,236,car
/home/tyrone1/lavkush/reshaped_image_dataset/dynamicBackground/fountain01/in000782.jpg,0,198,35,251,car
/home/tyrone1/lavkush/reshaped_image_dataset/dynamicBackground/fountain01/in000782.jpg,537,185,608,232,car
/home/tyrone1/lavkush/reshaped_image_dataset/dynamicBackground/fountain01/in000783.jpg,0,198,30,253,car
/home/tyrone1/lavkush/reshaped_image_dataset/dynamicBackground/fountain01/in000783.jpg,533,181,608,228,car
/home/tyrone1/lavkush/reshaped_image_dataset/dynamicBackground/fountain01/in000784.jpg,0,202,33,251,car
/home/tyrone1/lavkush/reshaped_image_dataset/dynamicBackground/fountain01/in000784.jpg,529,185,608,234,car
/home/tyrone1/lavkush/reshaped_image_dataset/dynamicBackground/fountain01/in000785.jpg,1,194,29,253,car
/home/tyrone1/lavkush/reshaped_image_dataset/dynamicBackground/fountain01/in000785.jpg,533,183,608,230,car
/home/tyrone1/lavkush/reshaped_image_dataset/dynamicBackground/fountain01/in000786.jpg,537,179,608,232,car
/home/tyrone1/lavkush/reshaped_image_dataset/dynamicBackground/fountain01/in000787.jpg,532,177,608,232,car
/home/tyrone1/lavkush/reshaped_image_dataset/dynamicBackground/fountain01/in000788.jpg,533,181,608,230,car
/home/tyrone1/lavkush/reshaped_image_dataset/dynamicBackground/fountain01/in000789.jpg,532,185,608,234,car
/home/tyrone1/lavkush/reshaped_image_dataset/dynamicBackground/fountain01/in000790.jpg,536,190,608,232,car
/home/tyrone1/lavkush/reshaped_image_dataset/dynamicBackground/fountain01/in000791.jpg,537,181,608,234,car
/home/tyrone1/lavkush/reshaped_image_dataset/dynamicBackground/fountain01/in000792.jpg,533,179,608,230,car
/home/tyrone1/lavkush/reshaped_image_dataset/dynamicBackground/fountain01/in000793.jpg,539,181,608,234,car
/home/tyrone1/lavkush/reshaped_image_dataset/dynamicBackground/fountain01/in000794.jpg,539,187,608,230,car
/home/tyrone1/lavkush/reshaped_image_dataset/dynamicBackground/fountain01/in000795.jpg,536,183,608,230,car
/home/tyrone1/lavkush/reshaped_image_dataset/dynamicBackground/fountain01/in000796.jpg,530,185,608,232,car
/home/tyrone1/lavkush/reshaped_image_dataset/dynamicBackground/fountain01/in000797.jpg,537,183,608,232,car
/home/tyrone1/lavkush/reshaped_image_dataset/dynamicBackground/fountain01/in000798.jpg,540,183,608,234,car
/home/tyrone1/lavkush/reshaped_image_dataset/dynamicBackground/fountain01/in000799.jpg,539,179,608,236,car
/home/tyrone1/lavkush/reshaped_image_dataset/dynamicBackground/fountain01/in000800.jpg,532,177,608,232,car
/home/tyrone1/lavkush/reshaped_image_dataset/dynamicBackground/fountain01/in000801.jpg,532,177,608,234,car
/home/tyrone1/lavkush/reshaped_image_dataset/dynamicBackground/fountain01/in000802.jpg,534,177,608,234,car
/home/tyrone1/lavkush/reshaped_image_dataset/dynamicBackground/fountain01/in000803.jpg,532,177,608,234,car
/home/tyrone1/lavkush/reshaped_image_dataset/dynamicBackground/fountain01/in000804.jpg,532,177,608,234,car
/home/tyrone1/lavkush/reshaped_image_dataset/dynamicBackground/fountain01/in000805.jpg,534,179,608,236,car
/home/tyrone1/lavkush/reshaped_image_dataset/dynamicBackground/fountain01/in000806.jpg,532,177,608,236,car
/home/tyrone1/lavkush/reshaped_image_dataset/dynamicBackground/fountain01/in000807.jpg,526,173,608,234,car
/home/tyrone1/lavkush/reshaped_image_dataset/dynamicBackground/fountain01/in000808.jpg,533,175,608,232,car
/home/tyrone1/lavkush/reshaped_image_dataset/dynamicBackground/fountain01/in000809.jpg,534,173,608,234,car
/home/tyrone1/lavkush/reshaped_image_dataset/dynamicBackground/fountain01/in000810.jpg,527,171,608,234,car
/home/tyrone1/lavkush/reshaped_image_dataset/dynamicBackground/fountain01/in000811.jpg,533,179,608,240,car
/home/tyrone1/lavkush/reshaped_image_dataset/dynamicBackground/fountain01/in000812.jpg,530,173,608,232,car
/home/tyrone1/lavkush/reshaped_image_dataset/dynamicBackground/fountain01/in000813.jpg,532,175,608,234,car
/home/tyrone1/lavkush/reshaped_image_dataset/dynamicBackground/fountain01/in000814.jpg,529,175,608,234,car
/home/tyrone1/lavkush/reshaped_image_dataset/dynamicBackground/fountain01/in000815.jpg,533,177,608,236,car
/home/tyrone1/lavkush/reshaped_image_dataset/dynamicBackground/fountain01/in000816.jpg,530,179,608,236,car
/home/tyrone1/lavkush/reshaped_image_dataset/dynamicBackground/fountain01/in000817.jpg,529,181,608,238,car
/home/tyrone1/lavkush/reshaped_image_dataset/dynamicBackground/fountain01/in000818.jpg,532,177,608,236,car
/home/tyrone1/lavkush/reshaped_image_dataset/dynamicBackground/fountain01/in000819.jpg,532,177,608,234,car
/home/tyrone1/lavkush/reshaped_image_dataset/dynamicBackground/fountain01/in000820.jpg,530,177,608,236,car
/home/tyrone1/lavkush/reshaped_image_dataset/dynamicBackground/fountain01/in000821.jpg,534,181,608,232,car
/home/tyrone1/lavkush/reshaped_image_dataset/dynamicBackground/fountain01/in001088.jpg,565,183,608,230,car
/home/tyrone1/lavkush/reshaped_image_dataset/dynamicBackground/fountain01/in001089.jpg,560,185,608,234,car
/home/tyrone1/lavkush/reshaped_image_dataset/dynamicBackground/fountain01/in001090.jpg,544,194,608,228,car
/home/tyrone1/lavkush/reshaped_image_dataset/dynamicBackground/fountain01/in001091.jpg,536,185,608,234,car
/home/tyrone1/lavkush/reshaped_image_dataset/dynamicBackground/fountain01/in001092.jpg,530,190,608,228,car
/home/tyrone1/lavkush/reshaped_image_dataset/dynamicBackground/fountain01/in001093.jpg,520,185,608,236,car
/home/tyrone1/lavkush/reshaped_image_dataset/dynamicBackground/fountain01/in001094.jpg,516,192,608,234,car
/home/tyrone1/lavkush/reshaped_image_dataset/dynamicBackground/fountain01/in001095.jpg,502,185,608,234,car
/home/tyrone1/lavkush/reshaped_image_dataset/dynamicBackground/fountain01/in001096.jpg,503,187,608,236,car
/home/tyrone1/lavkush/reshaped_image_dataset/dynamicBackground/fountain01/in001097.jpg,499,185,608,234,car
/home/tyrone1/lavkush/reshaped_image_dataset/dynamicBackground/fountain01/in001098.jpg,489,183,606,236,car
/home/tyrone1/lavkush/reshaped_image_dataset/dynamicBackground/fountain01/in001099.jpg,479,181,593,234,car
/home/tyrone1/lavkush/reshaped_image_dataset/dynamicBackground/fountain01/in001100.jpg,478,194,589,238,car
/home/tyrone1/lavkush/reshaped_image_dataset/dynamicBackground/fountain01/in001101.jpg,465,187,578,236,car
/home/tyrone1/lavkush/reshaped_image_dataset/dynamicBackground/fountain01/in001102.jpg,468,194,575,238,car
/home/tyrone1/lavkush/reshaped_image_dataset/dynamicBackground/fountain01/in001103.jpg,454,194,578,240,car
/home/tyrone1/lavkush/reshaped_image_dataset/dynamicBackground/fountain01/in001104.jpg,443,185,568,238,car
/home/tyrone1/lavkush/reshaped_image_dataset/dynamicBackground/fountain01/in001105.jpg,441,187,558,234,car
/home/tyrone1/lavkush/reshaped_image_dataset/dynamicBackground/fountain01/in001106.jpg,434,194,548,236,car
/home/tyrone1/lavkush/reshaped_image_dataset/dynamicBackground/fountain01/in001107.jpg,430,194,546,242,car
/home/tyrone1/lavkush/reshaped_image_dataset/dynamicBackground/fountain01/in001108.jpg,423,187,537,238,car
/home/tyrone1/lavkush/reshaped_image_dataset/dynamicBackground/fountain01/in001109.jpg,416,183,524,238,car
/home/tyrone1/lavkush/reshaped_image_dataset/dynamicBackground/fountain01/in001110.jpg,409,187,520,244,car
/home/tyrone1/lavkush/reshaped_image_dataset/dynamicBackground/fountain01/in001111.jpg,413,192,509,244,car
/home/tyrone1/lavkush/reshaped_image_dataset/dynamicBackground/fountain01/in001112.jpg,401,190,505,240,car
/home/tyrone1/lavkush/reshaped_image_dataset/dynamicBackground/fountain01/in001113.jpg,391,192,506,242,car
/home/tyrone1/lavkush/reshaped_image_dataset/dynamicBackground/fountain01/in001114.jpg,372,177,495,238,car
/home/tyrone1/lavkush/reshaped_image_dataset/dynamicBackground/fountain01/in001115.jpg,367,190,484,238,car
/home/tyrone1/lavkush/reshaped_image_dataset/dynamicBackground/fountain01/in001116.jpg,365,196,479,238,car
/home/tyrone1/lavkush/reshaped_image_dataset/dynamicBackground/fountain01/in001117.jpg,360,200,472,240,car
/home/tyrone1/lavkush/reshaped_image_dataset/dynamicBackground/fountain01/in001118.jpg,354,194,463,242,car
/home/tyrone1/lavkush/reshaped_image_dataset/dynamicBackground/fountain01/in001119.jpg,339,194,464,244,car
/home/tyrone1/lavkush/reshaped_image_dataset/dynamicBackground/fountain01/in001120.jpg,337,187,451,242,car
/home/tyrone1/lavkush/reshaped_image_dataset/dynamicBackground/fountain01/in001121.jpg,329,187,443,244,car
/home/tyrone1/lavkush/reshaped_image_dataset/dynamicBackground/fountain01/in001122.jpg,322,190,433,244,car
/home/tyrone1/lavkush/reshaped_image_dataset/dynamicBackground/fountain01/in001123.jpg,308,190,425,244,car
/home/tyrone1/lavkush/reshaped_image_dataset/dynamicBackground/fountain01/in001124.jpg,309,190,420,242,car
/home/tyrone1/lavkush/reshaped_image_dataset/dynamicBackground/fountain01/in001125.jpg,302,187,418,242,car
/home/tyrone1/lavkush/reshaped_image_dataset/dynamicBackground/fountain01/in001126.jpg,291,194,403,244,car
/home/tyrone1/lavkush/reshaped_image_dataset/dynamicBackground/fountain01/in001127.jpg,288,200,399,240,car
/home/tyrone1/lavkush/reshaped_image_dataset/dynamicBackground/fountain01/in001128.jpg,277,194,392,244,car
/home/tyrone1/lavkush/reshaped_image_dataset/dynamicBackground/fountain01/in001129.jpg,284,194,384,244,car
/home/tyrone1/lavkush/reshaped_image_dataset/dynamicBackground/fountain01/in001130.jpg,256,192,377,244,car
/home/tyrone1/lavkush/reshaped_image_dataset/dynamicBackground/fountain01/in001131.jpg,246,194,368,247,car
/home/tyrone1/lavkush/reshaped_image_dataset/dynamicBackground/fountain01/in001132.jpg,246,190,360,244,car
/home/tyrone1/lavkush/reshaped_image_dataset/dynamicBackground/fountain01/in001133.jpg,249,194,356,247,car
/home/tyrone1/lavkush/reshaped_image_dataset/dynamicBackground/fountain01/in001134.jpg,244,198,349,249,car
/home/tyrone1/lavkush/reshaped_image_dataset/dynamicBackground/fountain01/in001135.jpg,240,194,337,249,car
/home/tyrone1/lavkush/reshaped_image_dataset/dynamicBackground/fountain01/in001136.jpg,236,192,330,251,car
/home/tyrone1/lavkush/reshaped_image_dataset/dynamicBackground/fountain01/in001137.jpg,202,198,329,247,car
/home/tyrone1/lavkush/reshaped_image_dataset/dynamicBackground/fountain01/in001138.jpg,199,196,327,251,car
/home/tyrone1/lavkush/reshaped_image_dataset/dynamicBackground/fountain01/in001139.jpg,192,196,322,249,car
/home/tyrone1/lavkush/reshaped_image_dataset/dynamicBackground/fountain01/in001140.jpg,182,196,308,251,car
/home/tyrone1/lavkush/reshaped_image_dataset/dynamicBackground/fountain01/in001141.jpg,178,200,304,244,car
/home/tyrone1/lavkush/reshaped_image_dataset/dynamicBackground/fountain01/in001142.jpg,166,200,294,249,car
/home/tyrone1/lavkush/reshaped_image_dataset/dynamicBackground/fountain01/in001143.jpg,161,200,285,251,car
/home/tyrone1/lavkush/reshaped_image_dataset/dynamicBackground/fountain01/in001144.jpg,150,198,277,244,car
/home/tyrone1/lavkush/reshaped_image_dataset/dynamicBackground/fountain01/in001145.jpg,143,206,268,249,car
/home/tyrone1/lavkush/reshaped_image_dataset/dynamicBackground/fountain01/in001146.jpg,140,204,258,251,car
/home/tyrone1/lavkush/reshaped_image_dataset/dynamicBackground/fountain01/in001147.jpg,123,200,260,251,car
/home/tyrone1/lavkush/reshaped_image_dataset/dynamicBackground/fountain01/in001148.jpg,122,202,250,249,car
/home/tyrone1/lavkush/reshaped_image_dataset/dynamicBackground/fountain01/in001149.jpg,112,200,240,251,car
/home/tyrone1/lavkush/reshaped_image_dataset/dynamicBackground/fountain01/in001150.jpg,106,196,237,249,car
/home/tyrone1/lavkush/reshaped_image_dataset/dynamicBackground/fountain01/in001151.jpg,95,202,219,251,car
/home/tyrone1/lavkush/reshaped_image_dataset/dynamicBackground/fountain01/in001152.jpg,99,202,215,255,car
/home/tyrone1/lavkush/reshaped_image_dataset/dynamicBackground/fountain01/in001153.jpg,97,202,202,255,car
/home/tyrone1/lavkush/reshaped_image_dataset/dynamicBackground/fountain01/in001154.jpg,97,202,199,251,car
/home/tyrone1/lavkush/reshaped_image_dataset/dynamicBackground/fountain01/in001155.jpg,81,202,190,247,car
/home/tyrone1/lavkush/reshaped_image_dataset/dynamicBackground/fountain01/in001156.jpg,70,204,180,251,car
/home/tyrone1/lavkush/reshaped_image_dataset/dynamicBackground/fountain01/in001157.jpg,56,198,173,244,car
/home/tyrone1/lavkush/reshaped_image_dataset/dynamicBackground/fountain01/in001158.jpg,39,200,167,253,car
/home/tyrone1/lavkush/reshaped_image_dataset/dynamicBackground/fountain01/in001159.jpg,32,194,159,253,car
/home/tyrone1/lavkush/reshaped_image_dataset/dynamicBackground/fountain01/in001160.jpg,25,202,154,257,car
/home/tyrone1/lavkush/reshaped_image_dataset/dynamicBackground/fountain01/in001161.jpg,18,206,139,251,car
/home/tyrone1/lavkush/reshaped_image_dataset/dynamicBackground/fountain01/in001162.jpg,11,202,130,251,car
/home/tyrone1/lavkush/reshaped_image_dataset/dynamicBackground/fountain01/in001163.jpg,2,196,118,257,car
/home/tyrone1/lavkush/reshaped_image_dataset/dynamicBackground/fountain01/in001164.jpg,1,202,114,257,car
/home/tyrone1/lavkush/reshaped_image_dataset/dynamicBackground/fountain01/in001165.jpg,0,204,104,261,car
/home/tyrone1/lavkush/reshaped_image_dataset/dynamicBackground/fountain01/in001166.jpg,0,200,102,255,car
/home/tyrone1/lavkush/reshaped_image_dataset/dynamicBackground/fountain01/in001167.jpg,0,202,101,257,car
/home/tyrone1/lavkush/reshaped_image_dataset/dynamicBackground/fountain01/in001168.jpg,0,202,85,259,car
/home/tyrone1/lavkush/reshaped_image_dataset/dynamicBackground/fountain01/in001169.jpg,1,196,84,257,car
/home/tyrone1/lavkush/reshaped_image_dataset/dynamicBackground/fountain01/in001170.jpg,0,194,71,257,car
/home/tyrone1/lavkush/reshaped_image_dataset/dynamicBackground/fountain01/in001171.jpg,0,200,61,257,car
/home/tyrone1/lavkush/reshaped_image_dataset/dynamicBackground/fountain01/in001172.jpg,1,192,52,257,car
/home/tyrone1/lavkush/reshaped_image_dataset/dynamicBackground/fountain01/in001173.jpg,0,198,47,259,car
/home/tyrone1/lavkush/reshaped_image_dataset/dynamicBackground/fountain01/in001174.jpg,1,202,35,253,car
