/home/tyrone1/lavkush/reshaped_image_dataset/badWeather/wetSnow/in000100.jpg,401,280,542,459,car
/home/tyrone1/lavkush/reshaped_image_dataset/badWeather/wetSnow/in000101.jpg,403,283,540,456,car
/home/tyrone1/lavkush/reshaped_image_dataset/badWeather/wetSnow/in000102.jpg,406,287,539,460,car
/home/tyrone1/lavkush/reshaped_image_dataset/badWeather/wetSnow/in000103.jpg,402,284,539,459,car
/home/tyrone1/lavkush/reshaped_image_dataset/badWeather/wetSnow/in000104.jpg,405,283,539,463,car
/home/tyrone1/lavkush/reshaped_image_dataset/badWeather/wetSnow/in000105.jpg,403,281,538,463,car
/home/tyrone1/lavkush/reshaped_image_dataset/badWeather/wetSnow/in000106.jpg,402,284,540,461,car
/home/tyrone1/lavkush/reshaped_image_dataset/badWeather/wetSnow/in000107.jpg,402,284,538,457,car
/home/tyrone1/lavkush/reshaped_image_dataset/badWeather/wetSnow/in000108.jpg,401,283,537,463,car
/home/tyrone1/lavkush/reshaped_image_dataset/badWeather/wetSnow/in000109.jpg,399,288,539,459,car
/home/tyrone1/lavkush/reshaped_image_dataset/badWeather/wetSnow/in000110.jpg,400,284,536,460,car
/home/tyrone1/lavkush/reshaped_image_dataset/badWeather/wetSnow/in000111.jpg,401,288,538,463,car
/home/tyrone1/lavkush/reshaped_image_dataset/badWeather/wetSnow/in000112.jpg,398,288,537,462,car
/home/tyrone1/lavkush/reshaped_image_dataset/badWeather/wetSnow/in000113.jpg,398,287,536,463,car
/home/tyrone1/lavkush/reshaped_image_dataset/badWeather/wetSnow/in000114.jpg,397,287,536,462,car
/home/tyrone1/lavkush/reshaped_image_dataset/badWeather/wetSnow/in000115.jpg,396,290,538,462,car
/home/tyrone1/lavkush/reshaped_image_dataset/badWeather/wetSnow/in000116.jpg,396,291,536,461,car
/home/tyrone1/lavkush/reshaped_image_dataset/badWeather/wetSnow/in000117.jpg,394,290,535,466,car
/home/tyrone1/lavkush/reshaped_image_dataset/badWeather/wetSnow/in000118.jpg,394,290,532,468,car
/home/tyrone1/lavkush/reshaped_image_dataset/badWeather/wetSnow/in000119.jpg,390,291,534,467,car
/home/tyrone1/lavkush/reshaped_image_dataset/badWeather/wetSnow/in000120.jpg,394,292,530,467,car
/home/tyrone1/lavkush/reshaped_image_dataset/badWeather/wetSnow/in000121.jpg,390,292,532,468,car
/home/tyrone1/lavkush/reshaped_image_dataset/badWeather/wetSnow/in000122.jpg,387,292,528,466,car
/home/tyrone1/lavkush/reshaped_image_dataset/badWeather/wetSnow/in000123.jpg,385,294,527,474,car
/home/tyrone1/lavkush/reshaped_image_dataset/badWeather/wetSnow/in000124.jpg,385,294,525,466,car
/home/tyrone1/lavkush/reshaped_image_dataset/badWeather/wetSnow/in000125.jpg,387,294,524,470,car
/home/tyrone1/lavkush/reshaped_image_dataset/badWeather/wetSnow/in000126.jpg,386,297,524,474,car
/home/tyrone1/lavkush/reshaped_image_dataset/badWeather/wetSnow/in000127.jpg,377,299,524,475,car
/home/tyrone1/lavkush/reshaped_image_dataset/badWeather/wetSnow/in000128.jpg,377,299,523,472,car
/home/tyrone1/lavkush/reshaped_image_dataset/badWeather/wetSnow/in000129.jpg,374,298,522,479,car
/home/tyrone1/lavkush/reshaped_image_dataset/badWeather/wetSnow/in000130.jpg,374,298,520,487,car
/home/tyrone1/lavkush/reshaped_image_dataset/badWeather/wetSnow/in000131.jpg,371,298,520,486,car
/home/tyrone1/lavkush/reshaped_image_dataset/badWeather/wetSnow/in000132.jpg,371,299,519,481,car
/home/tyrone1/lavkush/reshaped_image_dataset/badWeather/wetSnow/in000133.jpg,366,302,515,489,car
/home/tyrone1/lavkush/reshaped_image_dataset/badWeather/wetSnow/in000134.jpg,365,302,514,486,car
/home/tyrone1/lavkush/reshaped_image_dataset/badWeather/wetSnow/in000135.jpg,362,308,512,490,car
/home/tyrone1/lavkush/reshaped_image_dataset/badWeather/wetSnow/in000136.jpg,361,307,510,489,car
/home/tyrone1/lavkush/reshaped_image_dataset/badWeather/wetSnow/in000137.jpg,363,309,510,493,car
/home/tyrone1/lavkush/reshaped_image_dataset/badWeather/wetSnow/in000138.jpg,362,309,504,490,car
/home/tyrone1/lavkush/reshaped_image_dataset/badWeather/wetSnow/in000139.jpg,360,309,504,494,car
/home/tyrone1/lavkush/reshaped_image_dataset/badWeather/wetSnow/in000140.jpg,359,310,501,497,car
/home/tyrone1/lavkush/reshaped_image_dataset/badWeather/wetSnow/in000141.jpg,356,318,501,497,car
/home/tyrone1/lavkush/reshaped_image_dataset/badWeather/wetSnow/in000142.jpg,356,320,501,502,car
/home/tyrone1/lavkush/reshaped_image_dataset/badWeather/wetSnow/in000143.jpg,347,318,498,502,car
/home/tyrone1/lavkush/reshaped_image_dataset/badWeather/wetSnow/in000144.jpg,346,318,495,497,car
/home/tyrone1/lavkush/reshaped_image_dataset/badWeather/wetSnow/in000145.jpg,326,322,494,499,car
/home/tyrone1/lavkush/reshaped_image_dataset/badWeather/wetSnow/in000146.jpg,329,322,490,504,car
/home/tyrone1/lavkush/reshaped_image_dataset/badWeather/wetSnow/in000147.jpg,328,320,489,512,car
/home/tyrone1/lavkush/reshaped_image_dataset/badWeather/wetSnow/in000148.jpg,328,322,493,513,car
/home/tyrone1/lavkush/reshaped_image_dataset/badWeather/wetSnow/in000149.jpg,334,329,493,513,car
/home/tyrone1/lavkush/reshaped_image_dataset/badWeather/wetSnow/in000150.jpg,334,328,485,514,car
/home/tyrone1/lavkush/reshaped_image_dataset/badWeather/wetSnow/in000151.jpg,333,335,484,519,car
/home/tyrone1/lavkush/reshaped_image_dataset/badWeather/wetSnow/in000152.jpg,328,335,480,519,car
/home/tyrone1/lavkush/reshaped_image_dataset/badWeather/wetSnow/in000153.jpg,319,333,478,523,car
/home/tyrone1/lavkush/reshaped_image_dataset/badWeather/wetSnow/in000154.jpg,318,336,472,523,car
/home/tyrone1/lavkush/reshaped_image_dataset/badWeather/wetSnow/in000155.jpg,316,333,470,530,car
/home/tyrone1/lavkush/reshaped_image_dataset/badWeather/wetSnow/in000156.jpg,316,333,468,534,car
/home/tyrone1/lavkush/reshaped_image_dataset/badWeather/wetSnow/in000157.jpg,314,338,468,534,car
/home/tyrone1/lavkush/reshaped_image_dataset/badWeather/wetSnow/in000158.jpg,309,344,466,534,car
/home/tyrone1/lavkush/reshaped_image_dataset/badWeather/wetSnow/in000159.jpg,304,344,461,535,car
/home/tyrone1/lavkush/reshaped_image_dataset/badWeather/wetSnow/in000160.jpg,304,344,456,540,car
/home/tyrone1/lavkush/reshaped_image_dataset/badWeather/wetSnow/in000161.jpg,299,352,450,540,car
/home/tyrone1/lavkush/reshaped_image_dataset/badWeather/wetSnow/in000162.jpg,298,352,450,546,car
/home/tyrone1/lavkush/reshaped_image_dataset/badWeather/wetSnow/in000163.jpg,297,359,444,547,car
/home/tyrone1/lavkush/reshaped_image_dataset/badWeather/wetSnow/in000164.jpg,291,362,444,550,car
/home/tyrone1/lavkush/reshaped_image_dataset/badWeather/wetSnow/in000165.jpg,287,360,444,550,car
/home/tyrone1/lavkush/reshaped_image_dataset/badWeather/wetSnow/in000166.jpg,287,362,439,553,car
/home/tyrone1/lavkush/reshaped_image_dataset/badWeather/wetSnow/in000167.jpg,282,370,435,557,car
/home/tyrone1/lavkush/reshaped_image_dataset/badWeather/wetSnow/in000168.jpg,279,370,430,566,car
/home/tyrone1/lavkush/reshaped_image_dataset/badWeather/wetSnow/in000169.jpg,276,370,430,568,car
/home/tyrone1/lavkush/reshaped_image_dataset/badWeather/wetSnow/in000170.jpg,269,372,425,565,car
/home/tyrone1/lavkush/reshaped_image_dataset/badWeather/wetSnow/in000171.jpg,267,373,425,567,car
/home/tyrone1/lavkush/reshaped_image_dataset/badWeather/wetSnow/in000172.jpg,262,372,419,573,car
/home/tyrone1/lavkush/reshaped_image_dataset/badWeather/wetSnow/in000173.jpg,261,382,417,578,car
/home/tyrone1/lavkush/reshaped_image_dataset/badWeather/wetSnow/in000174.jpg,255,382,412,577,car
/home/tyrone1/lavkush/reshaped_image_dataset/badWeather/wetSnow/in000175.jpg,253,389,411,584,car
/home/tyrone1/lavkush/reshaped_image_dataset/badWeather/wetSnow/in000176.jpg,249,389,407,583,car
/home/tyrone1/lavkush/reshaped_image_dataset/badWeather/wetSnow/in000177.jpg,244,392,405,592,car
/home/tyrone1/lavkush/reshaped_image_dataset/badWeather/wetSnow/in000178.jpg,241,392,392,595,car
/home/tyrone1/lavkush/reshaped_image_dataset/badWeather/wetSnow/in000179.jpg,238,400,393,600,car
/home/tyrone1/lavkush/reshaped_image_dataset/badWeather/wetSnow/in000180.jpg,234,404,394,598,car
/home/tyrone1/lavkush/reshaped_image_dataset/badWeather/wetSnow/in000181.jpg,230,404,392,603,car
/home/tyrone1/lavkush/reshaped_image_dataset/badWeather/wetSnow/in000182.jpg,225,404,380,602,car
/home/tyrone1/lavkush/reshaped_image_dataset/badWeather/wetSnow/in000183.jpg,216,407,382,605,car
/home/tyrone1/lavkush/reshaped_image_dataset/badWeather/wetSnow/in000184.jpg,217,408,382,605,car
/home/tyrone1/lavkush/reshaped_image_dataset/badWeather/wetSnow/in000185.jpg,211,410,370,608,car
/home/tyrone1/lavkush/reshaped_image_dataset/badWeather/wetSnow/in000186.jpg,203,418,367,608,car
/home/tyrone1/lavkush/reshaped_image_dataset/badWeather/wetSnow/in000187.jpg,203,416,361,608,car
/home/tyrone1/lavkush/reshaped_image_dataset/badWeather/wetSnow/in000188.jpg,199,415,356,606,car
/home/tyrone1/lavkush/reshaped_image_dataset/badWeather/wetSnow/in000189.jpg,188,419,356,606,car
/home/tyrone1/lavkush/reshaped_image_dataset/badWeather/wetSnow/in000190.jpg,181,425,350,606,car
/home/tyrone1/lavkush/reshaped_image_dataset/badWeather/wetSnow/in000191.jpg,181,426,347,608,car
/home/tyrone1/lavkush/reshaped_image_dataset/badWeather/wetSnow/in000192.jpg,176,435,342,606,car
/home/tyrone1/lavkush/reshaped_image_dataset/badWeather/wetSnow/in000193.jpg,176,434,337,608,car
/home/tyrone1/lavkush/reshaped_image_dataset/badWeather/wetSnow/in000194.jpg,165,439,331,606,car
/home/tyrone1/lavkush/reshaped_image_dataset/badWeather/wetSnow/in000195.jpg,164,444,325,608,car
/home/tyrone1/lavkush/reshaped_image_dataset/badWeather/wetSnow/in000196.jpg,161,453,320,608,car
/home/tyrone1/lavkush/reshaped_image_dataset/badWeather/wetSnow/in000197.jpg,157,452,316,608,car
/home/tyrone1/lavkush/reshaped_image_dataset/badWeather/wetSnow/in000198.jpg,148,460,311,606,car
/home/tyrone1/lavkush/reshaped_image_dataset/badWeather/wetSnow/in000199.jpg,143,460,305,606,car
/home/tyrone1/lavkush/reshaped_image_dataset/badWeather/wetSnow/in000200.jpg,141,465,303,608,car
/home/tyrone1/lavkush/reshaped_image_dataset/badWeather/wetSnow/in000201.jpg,138,469,295,608,car
/home/tyrone1/lavkush/reshaped_image_dataset/badWeather/wetSnow/in000202.jpg,127,475,292,606,car
/home/tyrone1/lavkush/reshaped_image_dataset/badWeather/wetSnow/in000203.jpg,121,479,288,608,car
/home/tyrone1/lavkush/reshaped_image_dataset/badWeather/wetSnow/in000204.jpg,119,487,283,606,car
/home/tyrone1/lavkush/reshaped_image_dataset/badWeather/wetSnow/in000204.jpg,579,190,608,302,car
/home/tyrone1/lavkush/reshaped_image_dataset/badWeather/wetSnow/in000205.jpg,573,190,608,298,car
/home/tyrone1/lavkush/reshaped_image_dataset/badWeather/wetSnow/in000205.jpg,120,486,279,606,car
/home/tyrone1/lavkush/reshaped_image_dataset/badWeather/wetSnow/in000206.jpg,114,485,271,606,car
/home/tyrone1/lavkush/reshaped_image_dataset/badWeather/wetSnow/in000206.jpg,569,191,608,299,car
/home/tyrone1/lavkush/reshaped_image_dataset/badWeather/wetSnow/in000207.jpg,109,493,266,608,car
/home/tyrone1/lavkush/reshaped_image_dataset/badWeather/wetSnow/in000207.jpg,562,183,608,309,car
/home/tyrone1/lavkush/reshaped_image_dataset/badWeather/wetSnow/in000208.jpg,108,493,260,605,car
/home/tyrone1/lavkush/reshaped_image_dataset/badWeather/wetSnow/in000208.jpg,562,172,608,301,car
/home/tyrone1/lavkush/reshaped_image_dataset/badWeather/wetSnow/in000209.jpg,559,167,608,308,car
/home/tyrone1/lavkush/reshaped_image_dataset/badWeather/wetSnow/in000209.jpg,101,502,261,606,car
/home/tyrone1/lavkush/reshaped_image_dataset/badWeather/wetSnow/in000210.jpg,100,502,254,606,car
/home/tyrone1/lavkush/reshaped_image_dataset/badWeather/wetSnow/in000210.jpg,556,176,608,315,car
/home/tyrone1/lavkush/reshaped_image_dataset/badWeather/wetSnow/in000211.jpg,112,513,242,606,car
/home/tyrone1/lavkush/reshaped_image_dataset/badWeather/wetSnow/in000211.jpg,550,180,608,314,car
/home/tyrone1/lavkush/reshaped_image_dataset/badWeather/wetSnow/in000212.jpg,549,172,608,335,car
/home/tyrone1/lavkush/reshaped_image_dataset/badWeather/wetSnow/in000212.jpg,101,516,241,608,car
/home/tyrone1/lavkush/reshaped_image_dataset/badWeather/wetSnow/in000213.jpg,97,519,228,608,car
/home/tyrone1/lavkush/reshaped_image_dataset/badWeather/wetSnow/in000213.jpg,547,172,608,332,car
/home/tyrone1/lavkush/reshaped_image_dataset/badWeather/wetSnow/in000214.jpg,541,179,608,334,car
/home/tyrone1/lavkush/reshaped_image_dataset/badWeather/wetSnow/in000214.jpg,96,516,227,608,car
/home/tyrone1/lavkush/reshaped_image_dataset/badWeather/wetSnow/in000215.jpg,92,530,217,606,car
/home/tyrone1/lavkush/reshaped_image_dataset/badWeather/wetSnow/in000215.jpg,540,184,608,328,car
/home/tyrone1/lavkush/reshaped_image_dataset/badWeather/wetSnow/in000216.jpg,92,532,205,608,car
/home/tyrone1/lavkush/reshaped_image_dataset/badWeather/wetSnow/in000216.jpg,533,184,608,340,car
/home/tyrone1/lavkush/reshaped_image_dataset/badWeather/wetSnow/in000217.jpg,531,184,608,336,car
/home/tyrone1/lavkush/reshaped_image_dataset/badWeather/wetSnow/in000217.jpg,83,538,210,608,car
/home/tyrone1/lavkush/reshaped_image_dataset/badWeather/wetSnow/in000218.jpg,78,544,199,606,car
/home/tyrone1/lavkush/reshaped_image_dataset/badWeather/wetSnow/in000218.jpg,526,191,608,336,car
/home/tyrone1/lavkush/reshaped_image_dataset/badWeather/wetSnow/in000219.jpg,521,193,608,341,car
/home/tyrone1/lavkush/reshaped_image_dataset/badWeather/wetSnow/in000219.jpg,68,549,195,608,car
/home/tyrone1/lavkush/reshaped_image_dataset/badWeather/wetSnow/in000220.jpg,70,550,190,606,car
/home/tyrone1/lavkush/reshaped_image_dataset/badWeather/wetSnow/in000220.jpg,522,190,608,341,car
/home/tyrone1/lavkush/reshaped_image_dataset/badWeather/wetSnow/in000221.jpg,68,556,173,606,car
/home/tyrone1/lavkush/reshaped_image_dataset/badWeather/wetSnow/in000221.jpg,515,194,608,351,car
/home/tyrone1/lavkush/reshaped_image_dataset/badWeather/wetSnow/in000222.jpg,510,189,608,349,car
/home/tyrone1/lavkush/reshaped_image_dataset/badWeather/wetSnow/in000222.jpg,73,556,168,606,car
/home/tyrone1/lavkush/reshaped_image_dataset/badWeather/wetSnow/in000223.jpg,506,191,608,354,car
/home/tyrone1/lavkush/reshaped_image_dataset/badWeather/wetSnow/in000224.jpg,501,202,608,359,car
/home/tyrone1/lavkush/reshaped_image_dataset/badWeather/wetSnow/in000225.jpg,504,203,608,363,car
/home/tyrone1/lavkush/reshaped_image_dataset/badWeather/wetSnow/in000226.jpg,495,208,608,363,car
/home/tyrone1/lavkush/reshaped_image_dataset/badWeather/wetSnow/in000227.jpg,489,212,608,368,car
/home/tyrone1/lavkush/reshaped_image_dataset/badWeather/wetSnow/in000228.jpg,488,218,608,368,car
/home/tyrone1/lavkush/reshaped_image_dataset/badWeather/wetSnow/in000229.jpg,484,217,608,369,car
/home/tyrone1/lavkush/reshaped_image_dataset/badWeather/wetSnow/in000230.jpg,478,224,608,377,car
/home/tyrone1/lavkush/reshaped_image_dataset/badWeather/wetSnow/in000231.jpg,472,224,608,385,car
/home/tyrone1/lavkush/reshaped_image_dataset/badWeather/wetSnow/in000232.jpg,472,224,608,385,car
/home/tyrone1/lavkush/reshaped_image_dataset/badWeather/wetSnow/in000233.jpg,468,230,601,382,car
/home/tyrone1/lavkush/reshaped_image_dataset/badWeather/wetSnow/in000234.jpg,463,233,600,386,car
/home/tyrone1/lavkush/reshaped_image_dataset/badWeather/wetSnow/in000235.jpg,461,230,592,394,car
/home/tyrone1/lavkush/reshaped_image_dataset/badWeather/wetSnow/in000236.jpg,456,238,591,396,car
/home/tyrone1/lavkush/reshaped_image_dataset/badWeather/wetSnow/in000237.jpg,446,238,585,400,car
/home/tyrone1/lavkush/reshaped_image_dataset/badWeather/wetSnow/in000238.jpg,448,242,581,404,car
/home/tyrone1/lavkush/reshaped_image_dataset/badWeather/wetSnow/in000239.jpg,445,240,579,406,car
/home/tyrone1/lavkush/reshaped_image_dataset/badWeather/wetSnow/in000240.jpg,431,251,575,415,car
/home/tyrone1/lavkush/reshaped_image_dataset/badWeather/wetSnow/in000241.jpg,434,253,568,410,car
/home/tyrone1/lavkush/reshaped_image_dataset/badWeather/wetSnow/in000242.jpg,427,257,565,414,car
/home/tyrone1/lavkush/reshaped_image_dataset/badWeather/wetSnow/in000243.jpg,425,257,564,414,car
/home/tyrone1/lavkush/reshaped_image_dataset/badWeather/wetSnow/in000244.jpg,418,266,564,418,car
/home/tyrone1/lavkush/reshaped_image_dataset/badWeather/wetSnow/in000245.jpg,418,266,553,423,car
/home/tyrone1/lavkush/reshaped_image_dataset/badWeather/wetSnow/in000246.jpg,409,280,550,426,car
/home/tyrone1/lavkush/reshaped_image_dataset/badWeather/wetSnow/in000247.jpg,409,273,548,430,car
/home/tyrone1/lavkush/reshaped_image_dataset/badWeather/wetSnow/in000248.jpg,405,273,544,435,car
/home/tyrone1/lavkush/reshaped_image_dataset/badWeather/wetSnow/in000249.jpg,402,272,537,435,car
/home/tyrone1/lavkush/reshaped_image_dataset/badWeather/wetSnow/in000250.jpg,397,280,536,440,car
/home/tyrone1/lavkush/reshaped_image_dataset/badWeather/wetSnow/in000251.jpg,392,279,529,444,car
/home/tyrone1/lavkush/reshaped_image_dataset/badWeather/wetSnow/in000252.jpg,390,280,529,452,car
/home/tyrone1/lavkush/reshaped_image_dataset/badWeather/wetSnow/in000253.jpg,375,287,522,457,car
/home/tyrone1/lavkush/reshaped_image_dataset/badWeather/wetSnow/in000254.jpg,378,288,522,465,car
/home/tyrone1/lavkush/reshaped_image_dataset/badWeather/wetSnow/in000255.jpg,374,288,514,459,car
/home/tyrone1/lavkush/reshaped_image_dataset/badWeather/wetSnow/in000256.jpg,362,294,514,466,car
/home/tyrone1/lavkush/reshaped_image_dataset/badWeather/wetSnow/in000257.jpg,354,287,508,477,car
/home/tyrone1/lavkush/reshaped_image_dataset/badWeather/wetSnow/in000258.jpg,358,296,507,483,car
/home/tyrone1/lavkush/reshaped_image_dataset/badWeather/wetSnow/in000259.jpg,350,304,502,475,car
/home/tyrone1/lavkush/reshaped_image_dataset/badWeather/wetSnow/in000260.jpg,347,313,499,480,car
/home/tyrone1/lavkush/reshaped_image_dataset/badWeather/wetSnow/in000261.jpg,340,309,497,481,car
/home/tyrone1/lavkush/reshaped_image_dataset/badWeather/wetSnow/in000262.jpg,342,325,490,487,car
/home/tyrone1/lavkush/reshaped_image_dataset/badWeather/wetSnow/in000263.jpg,337,320,484,484,car
/home/tyrone1/lavkush/reshaped_image_dataset/badWeather/wetSnow/in000264.jpg,329,328,481,487,car
/home/tyrone1/lavkush/reshaped_image_dataset/badWeather/wetSnow/in000265.jpg,325,328,474,497,car
/home/tyrone1/lavkush/reshaped_image_dataset/badWeather/wetSnow/in000266.jpg,320,328,470,499,car
/home/tyrone1/lavkush/reshaped_image_dataset/badWeather/wetSnow/in000267.jpg,314,328,461,502,car
/home/tyrone1/lavkush/reshaped_image_dataset/badWeather/wetSnow/in000268.jpg,312,341,459,505,car
/home/tyrone1/lavkush/reshaped_image_dataset/badWeather/wetSnow/in000269.jpg,307,341,450,511,car
/home/tyrone1/lavkush/reshaped_image_dataset/badWeather/wetSnow/in000270.jpg,304,349,448,515,car
/home/tyrone1/lavkush/reshaped_image_dataset/badWeather/wetSnow/in000270.jpg,0,405,25,526,person
/home/tyrone1/lavkush/reshaped_image_dataset/badWeather/wetSnow/in000271.jpg,296,347,441,519,car
/home/tyrone1/lavkush/reshaped_image_dataset/badWeather/wetSnow/in000271.jpg,0,406,26,521,person
/home/tyrone1/lavkush/reshaped_image_dataset/badWeather/wetSnow/in000272.jpg,291,351,439,523,car
/home/tyrone1/lavkush/reshaped_image_dataset/badWeather/wetSnow/in000272.jpg,0,404,32,520,person
/home/tyrone1/lavkush/reshaped_image_dataset/badWeather/wetSnow/in000273.jpg,284,352,433,530,car
/home/tyrone1/lavkush/reshaped_image_dataset/badWeather/wetSnow/in000273.jpg,0,399,16,521,person
/home/tyrone1/lavkush/reshaped_image_dataset/badWeather/wetSnow/in000274.jpg,284,362,430,534,car
/home/tyrone1/lavkush/reshaped_image_dataset/badWeather/wetSnow/in000274.jpg,0,401,22,522,person
/home/tyrone1/lavkush/reshaped_image_dataset/badWeather/wetSnow/in000275.jpg,276,362,424,538,car
/home/tyrone1/lavkush/reshaped_image_dataset/badWeather/wetSnow/in000275.jpg,0,407,32,520,person
/home/tyrone1/lavkush/reshaped_image_dataset/badWeather/wetSnow/in000276.jpg,271,364,419,540,car
/home/tyrone1/lavkush/reshaped_image_dataset/badWeather/wetSnow/in000276.jpg,0,404,34,520,person
/home/tyrone1/lavkush/reshaped_image_dataset/badWeather/wetSnow/in000277.jpg,264,368,416,535,car
/home/tyrone1/lavkush/reshaped_image_dataset/badWeather/wetSnow/in000277.jpg,0,405,41,523,person
/home/tyrone1/lavkush/reshaped_image_dataset/badWeather/wetSnow/in000278.jpg,264,374,413,549,car
/home/tyrone1/lavkush/reshaped_image_dataset/badWeather/wetSnow/in000278.jpg,0,401,38,520,person
/home/tyrone1/lavkush/reshaped_image_dataset/badWeather/wetSnow/in000279.jpg,256,378,404,548,car
/home/tyrone1/lavkush/reshaped_image_dataset/badWeather/wetSnow/in000279.jpg,0,405,41,523,person
/home/tyrone1/lavkush/reshaped_image_dataset/badWeather/wetSnow/in000280.jpg,248,379,402,556,car
/home/tyrone1/lavkush/reshaped_image_dataset/badWeather/wetSnow/in000280.jpg,0,398,41,522,person
/home/tyrone1/lavkush/reshaped_image_dataset/badWeather/wetSnow/in000281.jpg,241,379,396,561,car
/home/tyrone1/lavkush/reshaped_image_dataset/badWeather/wetSnow/in000281.jpg,0,401,41,526,person
/home/tyrone1/lavkush/reshaped_image_dataset/badWeather/wetSnow/in000282.jpg,240,388,394,566,car
/home/tyrone1/lavkush/reshaped_image_dataset/badWeather/wetSnow/in000282.jpg,1,398,43,520,person
/home/tyrone1/lavkush/reshaped_image_dataset/badWeather/wetSnow/in000283.jpg,233,389,391,566,car
/home/tyrone1/lavkush/reshaped_image_dataset/badWeather/wetSnow/in000283.jpg,5,404,40,511,person
/home/tyrone1/lavkush/reshaped_image_dataset/badWeather/wetSnow/in000284.jpg,230,391,382,578,car
/home/tyrone1/lavkush/reshaped_image_dataset/badWeather/wetSnow/in000284.jpg,5,397,41,521,person
/home/tyrone1/lavkush/reshaped_image_dataset/badWeather/wetSnow/in000285.jpg,222,395,378,571,car
/home/tyrone1/lavkush/reshaped_image_dataset/badWeather/wetSnow/in000285.jpg,5,397,46,525,person
/home/tyrone1/lavkush/reshaped_image_dataset/badWeather/wetSnow/in000286.jpg,216,399,377,582,car
/home/tyrone1/lavkush/reshaped_image_dataset/badWeather/wetSnow/in000286.jpg,3,398,46,516,person
/home/tyrone1/lavkush/reshaped_image_dataset/badWeather/wetSnow/in000287.jpg,211,399,373,580,car
/home/tyrone1/lavkush/reshaped_image_dataset/badWeather/wetSnow/in000287.jpg,7,404,52,515,person
/home/tyrone1/lavkush/reshaped_image_dataset/badWeather/wetSnow/in000288.jpg,206,408,359,589,car
/home/tyrone1/lavkush/reshaped_image_dataset/badWeather/wetSnow/in000288.jpg,5,404,54,520,person
/home/tyrone1/lavkush/reshaped_image_dataset/badWeather/wetSnow/in000289.jpg,199,408,363,595,car
/home/tyrone1/lavkush/reshaped_image_dataset/badWeather/wetSnow/in000289.jpg,5,398,54,520,person
/home/tyrone1/lavkush/reshaped_image_dataset/badWeather/wetSnow/in000290.jpg,194,419,359,597,car
/home/tyrone1/lavkush/reshaped_image_dataset/badWeather/wetSnow/in000290.jpg,10,391,50,513,person
/home/tyrone1/lavkush/reshaped_image_dataset/badWeather/wetSnow/in000291.jpg,192,418,343,603,car
/home/tyrone1/lavkush/reshaped_image_dataset/badWeather/wetSnow/in000291.jpg,6,399,53,511,person
/home/tyrone1/lavkush/reshaped_image_dataset/badWeather/wetSnow/in000292.jpg,186,432,338,605,car
/home/tyrone1/lavkush/reshaped_image_dataset/badWeather/wetSnow/in000292.jpg,12,400,54,511,person
/home/tyrone1/lavkush/reshaped_image_dataset/badWeather/wetSnow/in000293.jpg,179,427,342,606,car
/home/tyrone1/lavkush/reshaped_image_dataset/badWeather/wetSnow/in000293.jpg,6,391,59,526,person
/home/tyrone1/lavkush/reshaped_image_dataset/badWeather/wetSnow/in000294.jpg,173,433,332,606,car
/home/tyrone1/lavkush/reshaped_image_dataset/badWeather/wetSnow/in000294.jpg,10,396,57,515,person
/home/tyrone1/lavkush/reshaped_image_dataset/badWeather/wetSnow/in000295.jpg,168,439,325,608,car
/home/tyrone1/lavkush/reshaped_image_dataset/badWeather/wetSnow/in000295.jpg,16,397,64,515,person
/home/tyrone1/lavkush/reshaped_image_dataset/badWeather/wetSnow/in000296.jpg,160,444,320,608,car
/home/tyrone1/lavkush/reshaped_image_dataset/badWeather/wetSnow/in000296.jpg,17,401,62,516,person
/home/tyrone1/lavkush/reshaped_image_dataset/badWeather/wetSnow/in000297.jpg,157,445,310,605,car
/home/tyrone1/lavkush/reshaped_image_dataset/badWeather/wetSnow/in000297.jpg,19,398,60,513,person
/home/tyrone1/lavkush/reshaped_image_dataset/badWeather/wetSnow/in000298.jpg,149,449,306,606,car
/home/tyrone1/lavkush/reshaped_image_dataset/badWeather/wetSnow/in000298.jpg,16,392,62,503,person
/home/tyrone1/lavkush/reshaped_image_dataset/badWeather/wetSnow/in000299.jpg,146,451,304,606,car
/home/tyrone1/lavkush/reshaped_image_dataset/badWeather/wetSnow/in000299.jpg,21,397,67,514,person
/home/tyrone1/lavkush/reshaped_image_dataset/badWeather/wetSnow/in000300.jpg,139,463,298,606,car
/home/tyrone1/lavkush/reshaped_image_dataset/badWeather/wetSnow/in000300.jpg,23,398,71,511,person
/home/tyrone1/lavkush/reshaped_image_dataset/badWeather/wetSnow/in000301.jpg,130,461,293,606,car
/home/tyrone1/lavkush/reshaped_image_dataset/badWeather/wetSnow/in000301.jpg,24,398,73,510,person
/home/tyrone1/lavkush/reshaped_image_dataset/badWeather/wetSnow/in000302.jpg,126,463,287,608,car
/home/tyrone1/lavkush/reshaped_image_dataset/badWeather/wetSnow/in000302.jpg,25,395,72,506,person
/home/tyrone1/lavkush/reshaped_image_dataset/badWeather/wetSnow/in000303.jpg,119,470,281,606,car
/home/tyrone1/lavkush/reshaped_image_dataset/badWeather/wetSnow/in000303.jpg,22,398,75,506,person
/home/tyrone1/lavkush/reshaped_image_dataset/badWeather/wetSnow/in000304.jpg,108,475,279,606,car
/home/tyrone1/lavkush/reshaped_image_dataset/badWeather/wetSnow/in000304.jpg,24,395,71,510,person
/home/tyrone1/lavkush/reshaped_image_dataset/badWeather/wetSnow/in000305.jpg,106,477,271,605,car
/home/tyrone1/lavkush/reshaped_image_dataset/badWeather/wetSnow/in000305.jpg,27,395,70,510,person
/home/tyrone1/lavkush/reshaped_image_dataset/badWeather/wetSnow/in000306.jpg,98,485,264,606,car
/home/tyrone1/lavkush/reshaped_image_dataset/badWeather/wetSnow/in000306.jpg,32,391,76,507,person
/home/tyrone1/lavkush/reshaped_image_dataset/badWeather/wetSnow/in000307.jpg,95,489,260,606,car
/home/tyrone1/lavkush/reshaped_image_dataset/badWeather/wetSnow/in000307.jpg,29,392,74,507,person
/home/tyrone1/lavkush/reshaped_image_dataset/badWeather/wetSnow/in000308.jpg,87,494,252,606,car
/home/tyrone1/lavkush/reshaped_image_dataset/badWeather/wetSnow/in000308.jpg,32,388,79,513,person
/home/tyrone1/lavkush/reshaped_image_dataset/badWeather/wetSnow/in000309.jpg,82,497,246,606,car
/home/tyrone1/lavkush/reshaped_image_dataset/badWeather/wetSnow/in000309.jpg,28,385,83,511,person
/home/tyrone1/lavkush/reshaped_image_dataset/badWeather/wetSnow/in000310.jpg,79,501,242,606,car
/home/tyrone1/lavkush/reshaped_image_dataset/badWeather/wetSnow/in000310.jpg,30,381,78,511,person
/home/tyrone1/lavkush/reshaped_image_dataset/badWeather/wetSnow/in000311.jpg,76,504,238,606,car
/home/tyrone1/lavkush/reshaped_image_dataset/badWeather/wetSnow/in000311.jpg,35,381,77,506,person
/home/tyrone1/lavkush/reshaped_image_dataset/badWeather/wetSnow/in000312.jpg,70,510,238,606,car
/home/tyrone1/lavkush/reshaped_image_dataset/badWeather/wetSnow/in000312.jpg,33,381,76,515,person
/home/tyrone1/lavkush/reshaped_image_dataset/badWeather/wetSnow/in000313.jpg,68,519,223,606,car
/home/tyrone1/lavkush/reshaped_image_dataset/badWeather/wetSnow/in000313.jpg,38,376,75,504,person
/home/tyrone1/lavkush/reshaped_image_dataset/badWeather/wetSnow/in000314.jpg,68,513,219,606,car
/home/tyrone1/lavkush/reshaped_image_dataset/badWeather/wetSnow/in000314.jpg,38,385,81,504,person
/home/tyrone1/lavkush/reshaped_image_dataset/badWeather/wetSnow/in000315.jpg,68,515,216,606,car
/home/tyrone1/lavkush/reshaped_image_dataset/badWeather/wetSnow/in000315.jpg,40,379,83,506,person
/home/tyrone1/lavkush/reshaped_image_dataset/badWeather/wetSnow/in000316.jpg,64,530,214,608,car
/home/tyrone1/lavkush/reshaped_image_dataset/badWeather/wetSnow/in000316.jpg,40,381,81,501,person
/home/tyrone1/lavkush/reshaped_image_dataset/badWeather/wetSnow/in000317.jpg,60,530,202,606,car
/home/tyrone1/lavkush/reshaped_image_dataset/badWeather/wetSnow/in000317.jpg,580,216,608,310,car
/home/tyrone1/lavkush/reshaped_image_dataset/badWeather/wetSnow/in000317.jpg,43,382,81,507,person
/home/tyrone1/lavkush/reshaped_image_dataset/badWeather/wetSnow/in000318.jpg,574,206,608,309,car
/home/tyrone1/lavkush/reshaped_image_dataset/badWeather/wetSnow/in000318.jpg,59,534,196,606,car
/home/tyrone1/lavkush/reshaped_image_dataset/badWeather/wetSnow/in000318.jpg,43,374,88,507,person
/home/tyrone1/lavkush/reshaped_image_dataset/badWeather/wetSnow/in000319.jpg,54,538,190,606,car
/home/tyrone1/lavkush/reshaped_image_dataset/badWeather/wetSnow/in000319.jpg,571,199,608,314,car
/home/tyrone1/lavkush/reshaped_image_dataset/badWeather/wetSnow/in000319.jpg,46,385,88,499,person
/home/tyrone1/lavkush/reshaped_image_dataset/badWeather/wetSnow/in000320.jpg,566,204,608,328,car
/home/tyrone1/lavkush/reshaped_image_dataset/badWeather/wetSnow/in000320.jpg,54,541,182,608,car
/home/tyrone1/lavkush/reshaped_image_dataset/badWeather/wetSnow/in000320.jpg,43,378,88,504,person
/home/tyrone1/lavkush/reshaped_image_dataset/badWeather/wetSnow/in000321.jpg,50,550,182,608,car
/home/tyrone1/lavkush/reshaped_image_dataset/badWeather/wetSnow/in000321.jpg,562,217,608,328,car
/home/tyrone1/lavkush/reshaped_image_dataset/badWeather/wetSnow/in000321.jpg,43,379,89,501,person
/home/tyrone1/lavkush/reshaped_image_dataset/badWeather/wetSnow/in000322.jpg,559,213,608,332,car
/home/tyrone1/lavkush/reshaped_image_dataset/badWeather/wetSnow/in000322.jpg,45,551,170,608,car
/home/tyrone1/lavkush/reshaped_image_dataset/badWeather/wetSnow/in000322.jpg,46,376,87,506,person
/home/tyrone1/lavkush/reshaped_image_dataset/badWeather/wetSnow/in000323.jpg,39,557,161,606,car
/home/tyrone1/lavkush/reshaped_image_dataset/badWeather/wetSnow/in000323.jpg,552,198,608,331,car
/home/tyrone1/lavkush/reshaped_image_dataset/badWeather/wetSnow/in000323.jpg,48,378,89,506,person
/home/tyrone1/lavkush/reshaped_image_dataset/badWeather/wetSnow/in000324.jpg,550,201,608,334,car
/home/tyrone1/lavkush/reshaped_image_dataset/badWeather/wetSnow/in000324.jpg,38,560,159,608,car
/home/tyrone1/lavkush/reshaped_image_dataset/badWeather/wetSnow/in000324.jpg,51,379,91,507,person
/home/tyrone1/lavkush/reshaped_image_dataset/badWeather/wetSnow/in000325.jpg,37,566,149,606,car
/home/tyrone1/lavkush/reshaped_image_dataset/badWeather/wetSnow/in000325.jpg,542,200,608,336,car
/home/tyrone1/lavkush/reshaped_image_dataset/badWeather/wetSnow/in000325.jpg,53,385,93,494,person
/home/tyrone1/lavkush/reshaped_image_dataset/badWeather/wetSnow/in000326.jpg,540,197,608,338,car
/home/tyrone1/lavkush/reshaped_image_dataset/badWeather/wetSnow/in000326.jpg,32,576,136,606,car
/home/tyrone1/lavkush/reshaped_image_dataset/badWeather/wetSnow/in000326.jpg,54,381,97,494,person
/home/tyrone1/lavkush/reshaped_image_dataset/badWeather/wetSnow/in000327.jpg,30,580,131,608,car
/home/tyrone1/lavkush/reshaped_image_dataset/badWeather/wetSnow/in000327.jpg,535,198,608,341,car
/home/tyrone1/lavkush/reshaped_image_dataset/badWeather/wetSnow/in000327.jpg,53,372,98,490,person
/home/tyrone1/lavkush/reshaped_image_dataset/badWeather/wetSnow/in000328.jpg,531,201,608,347,car
/home/tyrone1/lavkush/reshaped_image_dataset/badWeather/wetSnow/in000328.jpg,59,370,97,489,person
/home/tyrone1/lavkush/reshaped_image_dataset/badWeather/wetSnow/in000329.jpg,525,206,608,349,car
/home/tyrone1/lavkush/reshaped_image_dataset/badWeather/wetSnow/in000329.jpg,58,378,100,499,person
/home/tyrone1/lavkush/reshaped_image_dataset/badWeather/wetSnow/in000330.jpg,521,210,608,356,car
/home/tyrone1/lavkush/reshaped_image_dataset/badWeather/wetSnow/in000330.jpg,59,378,102,492,person
/home/tyrone1/lavkush/reshaped_image_dataset/badWeather/wetSnow/in000331.jpg,516,212,608,356,car
/home/tyrone1/lavkush/reshaped_image_dataset/badWeather/wetSnow/in000331.jpg,59,378,103,487,person
/home/tyrone1/lavkush/reshaped_image_dataset/badWeather/wetSnow/in000332.jpg,514,216,608,362,car
/home/tyrone1/lavkush/reshaped_image_dataset/badWeather/wetSnow/in000332.jpg,60,374,106,492,person
/home/tyrone1/lavkush/reshaped_image_dataset/badWeather/wetSnow/in000333.jpg,506,216,608,369,car
/home/tyrone1/lavkush/reshaped_image_dataset/badWeather/wetSnow/in000333.jpg,59,376,109,490,person
/home/tyrone1/lavkush/reshaped_image_dataset/badWeather/wetSnow/in000334.jpg,502,218,608,372,car
/home/tyrone1/lavkush/reshaped_image_dataset/badWeather/wetSnow/in000334.jpg,60,370,100,487,person
/home/tyrone1/lavkush/reshaped_image_dataset/badWeather/wetSnow/in000335.jpg,497,224,608,377,car
/home/tyrone1/lavkush/reshaped_image_dataset/badWeather/wetSnow/in000335.jpg,59,370,104,487,person
/home/tyrone1/lavkush/reshaped_image_dataset/badWeather/wetSnow/in000336.jpg,493,227,608,378,car
/home/tyrone1/lavkush/reshaped_image_dataset/badWeather/wetSnow/in000336.jpg,62,368,104,492,person
/home/tyrone1/lavkush/reshaped_image_dataset/badWeather/wetSnow/in000337.jpg,488,234,608,382,car
/home/tyrone1/lavkush/reshaped_image_dataset/badWeather/wetSnow/in000337.jpg,59,369,108,492,person
/home/tyrone1/lavkush/reshaped_image_dataset/badWeather/wetSnow/in000338.jpg,483,236,608,388,car
/home/tyrone1/lavkush/reshaped_image_dataset/badWeather/wetSnow/in000338.jpg,62,368,103,484,person
/home/tyrone1/lavkush/reshaped_image_dataset/badWeather/wetSnow/in000339.jpg,478,239,608,392,car
/home/tyrone1/lavkush/reshaped_image_dataset/badWeather/wetSnow/in000339.jpg,64,365,105,487,person
/home/tyrone1/lavkush/reshaped_image_dataset/badWeather/wetSnow/in000340.jpg,472,243,608,397,car
/home/tyrone1/lavkush/reshaped_image_dataset/badWeather/wetSnow/in000340.jpg,67,370,108,494,person
/home/tyrone1/lavkush/reshaped_image_dataset/badWeather/wetSnow/in000341.jpg,470,244,608,401,car
/home/tyrone1/lavkush/reshaped_image_dataset/badWeather/wetSnow/in000341.jpg,67,368,108,484,person
/home/tyrone1/lavkush/reshaped_image_dataset/badWeather/wetSnow/in000342.jpg,462,249,600,406,car
/home/tyrone1/lavkush/reshaped_image_dataset/badWeather/wetSnow/in000342.jpg,66,362,111,490,person
/home/tyrone1/lavkush/reshaped_image_dataset/badWeather/wetSnow/in000343.jpg,459,253,596,410,car
/home/tyrone1/lavkush/reshaped_image_dataset/badWeather/wetSnow/in000343.jpg,68,359,113,485,person
/home/tyrone1/lavkush/reshaped_image_dataset/badWeather/wetSnow/in000344.jpg,453,255,593,408,car
/home/tyrone1/lavkush/reshaped_image_dataset/badWeather/wetSnow/in000344.jpg,70,370,113,487,person
/home/tyrone1/lavkush/reshaped_image_dataset/badWeather/wetSnow/in000345.jpg,444,257,591,418,car
/home/tyrone1/lavkush/reshaped_image_dataset/badWeather/wetSnow/in000345.jpg,70,362,113,481,person
/home/tyrone1/lavkush/reshaped_image_dataset/badWeather/wetSnow/in000346.jpg,441,263,584,422,car
/home/tyrone1/lavkush/reshaped_image_dataset/badWeather/wetSnow/in000346.jpg,70,368,120,476,person
/home/tyrone1/lavkush/reshaped_image_dataset/badWeather/wetSnow/in000347.jpg,440,269,580,426,car
/home/tyrone1/lavkush/reshaped_image_dataset/badWeather/wetSnow/in000347.jpg,71,363,120,481,person
/home/tyrone1/lavkush/reshaped_image_dataset/badWeather/wetSnow/in000348.jpg,433,273,577,426,car
/home/tyrone1/lavkush/reshaped_image_dataset/badWeather/wetSnow/in000348.jpg,72,372,119,477,person
/home/tyrone1/lavkush/reshaped_image_dataset/badWeather/wetSnow/in000349.jpg,428,275,572,431,car
/home/tyrone1/lavkush/reshaped_image_dataset/badWeather/wetSnow/in000349.jpg,74,361,115,477,person
/home/tyrone1/lavkush/reshaped_image_dataset/badWeather/wetSnow/in000350.jpg,421,278,567,435,car
/home/tyrone1/lavkush/reshaped_image_dataset/badWeather/wetSnow/in000350.jpg,73,365,123,484,person
/home/tyrone1/lavkush/reshaped_image_dataset/badWeather/wetSnow/in000351.jpg,417,284,563,443,car
/home/tyrone1/lavkush/reshaped_image_dataset/badWeather/wetSnow/in000351.jpg,76,363,123,479,person
/home/tyrone1/lavkush/reshaped_image_dataset/badWeather/wetSnow/in000352.jpg,409,287,559,441,car
/home/tyrone1/lavkush/reshaped_image_dataset/badWeather/wetSnow/in000352.jpg,76,364,123,475,person
/home/tyrone1/lavkush/reshaped_image_dataset/badWeather/wetSnow/in000353.jpg,409,292,553,449,car
/home/tyrone1/lavkush/reshaped_image_dataset/badWeather/wetSnow/in000353.jpg,75,362,127,477,person
/home/tyrone1/lavkush/reshaped_image_dataset/badWeather/wetSnow/in000354.jpg,401,296,546,453,car
/home/tyrone1/lavkush/reshaped_image_dataset/badWeather/wetSnow/in000354.jpg,78,359,127,472,person
/home/tyrone1/lavkush/reshaped_image_dataset/badWeather/wetSnow/in000355.jpg,398,300,542,459,car
/home/tyrone1/lavkush/reshaped_image_dataset/badWeather/wetSnow/in000355.jpg,78,359,129,468,person
/home/tyrone1/lavkush/reshaped_image_dataset/badWeather/wetSnow/in000356.jpg,392,300,539,460,car
/home/tyrone1/lavkush/reshaped_image_dataset/badWeather/wetSnow/in000356.jpg,80,360,127,465,person
/home/tyrone1/lavkush/reshaped_image_dataset/badWeather/wetSnow/in000357.jpg,385,308,533,467,car
/home/tyrone1/lavkush/reshaped_image_dataset/badWeather/wetSnow/in000357.jpg,81,359,131,465,person
/home/tyrone1/lavkush/reshaped_image_dataset/badWeather/wetSnow/in000358.jpg,383,313,529,471,car
/home/tyrone1/lavkush/reshaped_image_dataset/badWeather/wetSnow/in000358.jpg,82,352,130,459,person
/home/tyrone1/lavkush/reshaped_image_dataset/badWeather/wetSnow/in000359.jpg,374,314,524,475,car
/home/tyrone1/lavkush/reshaped_image_dataset/badWeather/wetSnow/in000359.jpg,81,347,133,459,person
/home/tyrone1/lavkush/reshaped_image_dataset/badWeather/wetSnow/in000360.jpg,369,318,518,480,car
/home/tyrone1/lavkush/reshaped_image_dataset/badWeather/wetSnow/in000360.jpg,81,353,133,465,person
/home/tyrone1/lavkush/reshaped_image_dataset/badWeather/wetSnow/in000361.jpg,364,324,515,483,car
/home/tyrone1/lavkush/reshaped_image_dataset/badWeather/wetSnow/in000361.jpg,86,354,130,465,person
/home/tyrone1/lavkush/reshaped_image_dataset/badWeather/wetSnow/in000362.jpg,360,325,510,486,car
/home/tyrone1/lavkush/reshaped_image_dataset/badWeather/wetSnow/in000362.jpg,81,359,139,453,person
/home/tyrone1/lavkush/reshaped_image_dataset/badWeather/wetSnow/in000363.jpg,354,328,504,490,car
/home/tyrone1/lavkush/reshaped_image_dataset/badWeather/wetSnow/in000363.jpg,92,359,132,462,person
/home/tyrone1/lavkush/reshaped_image_dataset/badWeather/wetSnow/in000364.jpg,348,332,498,493,car
/home/tyrone1/lavkush/reshaped_image_dataset/badWeather/wetSnow/in000364.jpg,91,354,132,462,person
/home/tyrone1/lavkush/reshaped_image_dataset/badWeather/wetSnow/in000365.jpg,340,337,494,498,car
/home/tyrone1/lavkush/reshaped_image_dataset/badWeather/wetSnow/in000365.jpg,93,359,134,462,person
/home/tyrone1/lavkush/reshaped_image_dataset/badWeather/wetSnow/in000366.jpg,336,341,488,506,car
/home/tyrone1/lavkush/reshaped_image_dataset/badWeather/wetSnow/in000366.jpg,92,350,136,456,person
/home/tyrone1/lavkush/reshaped_image_dataset/badWeather/wetSnow/in000367.jpg,330,349,484,510,car
/home/tyrone1/lavkush/reshaped_image_dataset/badWeather/wetSnow/in000367.jpg,88,346,133,456,person
/home/tyrone1/lavkush/reshaped_image_dataset/badWeather/wetSnow/in000368.jpg,325,343,481,513,car
/home/tyrone1/lavkush/reshaped_image_dataset/badWeather/wetSnow/in000368.jpg,94,346,137,462,person
/home/tyrone1/lavkush/reshaped_image_dataset/badWeather/wetSnow/in000369.jpg,321,354,473,520,car
/home/tyrone1/lavkush/reshaped_image_dataset/badWeather/wetSnow/in000369.jpg,94,347,140,457,person
/home/tyrone1/lavkush/reshaped_image_dataset/badWeather/wetSnow/in000370.jpg,312,356,468,532,car
/home/tyrone1/lavkush/reshaped_image_dataset/badWeather/wetSnow/in000370.jpg,92,355,140,466,person
/home/tyrone1/lavkush/reshaped_image_dataset/badWeather/wetSnow/in000371.jpg,307,362,463,531,car
/home/tyrone1/lavkush/reshaped_image_dataset/badWeather/wetSnow/in000371.jpg,88,341,141,465,person
/home/tyrone1/lavkush/reshaped_image_dataset/badWeather/wetSnow/in000372.jpg,302,365,458,531,car
/home/tyrone1/lavkush/reshaped_image_dataset/badWeather/wetSnow/in000372.jpg,94,344,138,462,person
/home/tyrone1/lavkush/reshaped_image_dataset/badWeather/wetSnow/in000373.jpg,295,365,453,538,car
/home/tyrone1/lavkush/reshaped_image_dataset/badWeather/wetSnow/in000373.jpg,93,342,144,462,person
/home/tyrone1/lavkush/reshaped_image_dataset/badWeather/wetSnow/in000374.jpg,291,368,446,542,car
/home/tyrone1/lavkush/reshaped_image_dataset/badWeather/wetSnow/in000374.jpg,94,347,143,462,person
/home/tyrone1/lavkush/reshaped_image_dataset/badWeather/wetSnow/in000375.jpg,282,377,443,550,car
/home/tyrone1/lavkush/reshaped_image_dataset/badWeather/wetSnow/in000375.jpg,94,345,143,454,person
/home/tyrone1/lavkush/reshaped_image_dataset/badWeather/wetSnow/in000376.jpg,276,378,434,552,car
/home/tyrone1/lavkush/reshaped_image_dataset/badWeather/wetSnow/in000376.jpg,97,344,142,465,person
/home/tyrone1/lavkush/reshaped_image_dataset/badWeather/wetSnow/in000377.jpg,275,386,430,557,car
/home/tyrone1/lavkush/reshaped_image_dataset/badWeather/wetSnow/in000377.jpg,97,352,141,454,person
/home/tyrone1/lavkush/reshaped_image_dataset/badWeather/wetSnow/in000378.jpg,266,392,426,558,car
/home/tyrone1/lavkush/reshaped_image_dataset/badWeather/wetSnow/in000378.jpg,103,349,146,462,person
/home/tyrone1/lavkush/reshaped_image_dataset/badWeather/wetSnow/in000379.jpg,262,395,420,565,car
/home/tyrone1/lavkush/reshaped_image_dataset/badWeather/wetSnow/in000379.jpg,109,337,148,461,person
/home/tyrone1/lavkush/reshaped_image_dataset/badWeather/wetSnow/in000380.jpg,255,401,417,573,car
/home/tyrone1/lavkush/reshaped_image_dataset/badWeather/wetSnow/in000380.jpg,108,327,155,459,person
/home/tyrone1/lavkush/reshaped_image_dataset/badWeather/wetSnow/in000381.jpg,251,406,408,576,car
/home/tyrone1/lavkush/reshaped_image_dataset/badWeather/wetSnow/in000381.jpg,108,327,152,459,person
/home/tyrone1/lavkush/reshaped_image_dataset/badWeather/wetSnow/in000382.jpg,243,408,402,584,car
/home/tyrone1/lavkush/reshaped_image_dataset/badWeather/wetSnow/in000382.jpg,108,333,151,461,person
/home/tyrone1/lavkush/reshaped_image_dataset/badWeather/wetSnow/in000383.jpg,233,410,398,587,car
/home/tyrone1/lavkush/reshaped_image_dataset/badWeather/wetSnow/in000383.jpg,115,336,157,468,person
/home/tyrone1/lavkush/reshaped_image_dataset/badWeather/wetSnow/in000384.jpg,229,414,390,597,car
/home/tyrone1/lavkush/reshaped_image_dataset/badWeather/wetSnow/in000384.jpg,112,337,151,459,person
/home/tyrone1/lavkush/reshaped_image_dataset/badWeather/wetSnow/in000385.jpg,224,422,389,598,car
/home/tyrone1/lavkush/reshaped_image_dataset/badWeather/wetSnow/in000385.jpg,113,336,152,462,person
/home/tyrone1/lavkush/reshaped_image_dataset/badWeather/wetSnow/in000386.jpg,218,425,381,602,car
/home/tyrone1/lavkush/reshaped_image_dataset/badWeather/wetSnow/in000386.jpg,115,338,157,458,person
/home/tyrone1/lavkush/reshaped_image_dataset/badWeather/wetSnow/in000387.jpg,213,432,380,605,car
/home/tyrone1/lavkush/reshaped_image_dataset/badWeather/wetSnow/in000387.jpg,115,331,159,461,person
/home/tyrone1/lavkush/reshaped_image_dataset/badWeather/wetSnow/in000388.jpg,207,433,382,606,car
/home/tyrone1/lavkush/reshaped_image_dataset/badWeather/wetSnow/in000388.jpg,113,332,157,451,person
/home/tyrone1/lavkush/reshaped_image_dataset/badWeather/wetSnow/in000389.jpg,200,440,371,606,car
/home/tyrone1/lavkush/reshaped_image_dataset/badWeather/wetSnow/in000389.jpg,116,337,154,446,person
/home/tyrone1/lavkush/reshaped_image_dataset/badWeather/wetSnow/in000390.jpg,194,443,358,606,car
/home/tyrone1/lavkush/reshaped_image_dataset/badWeather/wetSnow/in000390.jpg,119,337,159,445,person
/home/tyrone1/lavkush/reshaped_image_dataset/badWeather/wetSnow/in000391.jpg,188,448,354,606,car
/home/tyrone1/lavkush/reshaped_image_dataset/badWeather/wetSnow/in000391.jpg,118,337,159,451,person
/home/tyrone1/lavkush/reshaped_image_dataset/badWeather/wetSnow/in000392.jpg,178,449,347,608,car
/home/tyrone1/lavkush/reshaped_image_dataset/badWeather/wetSnow/in000392.jpg,117,334,156,446,person
/home/tyrone1/lavkush/reshaped_image_dataset/badWeather/wetSnow/in000393.jpg,176,456,343,606,car
/home/tyrone1/lavkush/reshaped_image_dataset/badWeather/wetSnow/in000393.jpg,119,334,157,443,person
/home/tyrone1/lavkush/reshaped_image_dataset/badWeather/wetSnow/in000394.jpg,168,459,333,606,car
/home/tyrone1/lavkush/reshaped_image_dataset/badWeather/wetSnow/in000394.jpg,121,337,160,442,person
/home/tyrone1/lavkush/reshaped_image_dataset/badWeather/wetSnow/in000395.jpg,162,466,330,608,car
/home/tyrone1/lavkush/reshaped_image_dataset/badWeather/wetSnow/in000395.jpg,121,334,163,446,person
/home/tyrone1/lavkush/reshaped_image_dataset/badWeather/wetSnow/in000396.jpg,154,467,322,606,car
/home/tyrone1/lavkush/reshaped_image_dataset/badWeather/wetSnow/in000396.jpg,123,337,157,439,person
/home/tyrone1/lavkush/reshaped_image_dataset/badWeather/wetSnow/in000397.jpg,146,474,320,606,car
/home/tyrone1/lavkush/reshaped_image_dataset/badWeather/wetSnow/in000397.jpg,119,328,158,453,person
/home/tyrone1/lavkush/reshaped_image_dataset/badWeather/wetSnow/in000398.jpg,139,478,314,608,car
/home/tyrone1/lavkush/reshaped_image_dataset/badWeather/wetSnow/in000398.jpg,120,331,163,446,person
/home/tyrone1/lavkush/reshaped_image_dataset/badWeather/wetSnow/in000399.jpg,135,483,310,606,car
/home/tyrone1/lavkush/reshaped_image_dataset/badWeather/wetSnow/in000399.jpg,124,337,166,443,person
/home/tyrone1/lavkush/reshaped_image_dataset/badWeather/wetSnow/in000400.jpg,131,486,302,608,car
/home/tyrone1/lavkush/reshaped_image_dataset/badWeather/wetSnow/in000400.jpg,124,336,165,442,person
/home/tyrone1/lavkush/reshaped_image_dataset/badWeather/wetSnow/in000401.jpg,123,494,294,606,car
/home/tyrone1/lavkush/reshaped_image_dataset/badWeather/wetSnow/in000401.jpg,126,334,167,449,person
/home/tyrone1/lavkush/reshaped_image_dataset/badWeather/wetSnow/in000402.jpg,122,496,289,606,car
/home/tyrone1/lavkush/reshaped_image_dataset/badWeather/wetSnow/in000402.jpg,125,332,168,436,person
/home/tyrone1/lavkush/reshaped_image_dataset/badWeather/wetSnow/in000403.jpg,117,501,285,606,car
/home/tyrone1/lavkush/reshaped_image_dataset/badWeather/wetSnow/in000403.jpg,128,331,163,440,person
/home/tyrone1/lavkush/reshaped_image_dataset/badWeather/wetSnow/in000404.jpg,115,505,276,606,car
/home/tyrone1/lavkush/reshaped_image_dataset/badWeather/wetSnow/in000404.jpg,129,336,163,443,person
/home/tyrone1/lavkush/reshaped_image_dataset/badWeather/wetSnow/in000405.jpg,114,513,275,606,car
/home/tyrone1/lavkush/reshaped_image_dataset/badWeather/wetSnow/in000405.jpg,121,334,166,443,person
/home/tyrone1/lavkush/reshaped_image_dataset/badWeather/wetSnow/in000406.jpg,111,515,263,606,car
/home/tyrone1/lavkush/reshaped_image_dataset/badWeather/wetSnow/in000406.jpg,129,329,167,449,person
/home/tyrone1/lavkush/reshaped_image_dataset/badWeather/wetSnow/in000407.jpg,107,524,259,606,car
/home/tyrone1/lavkush/reshaped_image_dataset/badWeather/wetSnow/in000407.jpg,131,326,174,442,person
/home/tyrone1/lavkush/reshaped_image_dataset/badWeather/wetSnow/in000408.jpg,106,524,253,608,car
/home/tyrone1/lavkush/reshaped_image_dataset/badWeather/wetSnow/in000408.jpg,132,328,177,440,person
/home/tyrone1/lavkush/reshaped_image_dataset/badWeather/wetSnow/in000409.jpg,97,528,249,606,car
/home/tyrone1/lavkush/reshaped_image_dataset/badWeather/wetSnow/in000409.jpg,130,327,170,433,person
/home/tyrone1/lavkush/reshaped_image_dataset/badWeather/wetSnow/in000410.jpg,96,534,237,608,car
/home/tyrone1/lavkush/reshaped_image_dataset/badWeather/wetSnow/in000410.jpg,138,336,176,435,person
/home/tyrone1/lavkush/reshaped_image_dataset/badWeather/wetSnow/in000411.jpg,89,539,230,606,car
/home/tyrone1/lavkush/reshaped_image_dataset/badWeather/wetSnow/in000411.jpg,140,322,177,442,person
/home/tyrone1/lavkush/reshaped_image_dataset/badWeather/wetSnow/in000412.jpg,90,547,222,606,car
/home/tyrone1/lavkush/reshaped_image_dataset/badWeather/wetSnow/in000412.jpg,134,327,180,446,person
/home/tyrone1/lavkush/reshaped_image_dataset/badWeather/wetSnow/in000413.jpg,88,547,217,608,car
/home/tyrone1/lavkush/reshaped_image_dataset/badWeather/wetSnow/in000413.jpg,138,322,182,436,person
/home/tyrone1/lavkush/reshaped_image_dataset/badWeather/wetSnow/in000414.jpg,86,557,209,606,car
/home/tyrone1/lavkush/reshaped_image_dataset/badWeather/wetSnow/in000414.jpg,137,320,184,442,person
/home/tyrone1/lavkush/reshaped_image_dataset/badWeather/wetSnow/in000415.jpg,81,561,207,606,car
/home/tyrone1/lavkush/reshaped_image_dataset/badWeather/wetSnow/in000415.jpg,140,320,186,436,person
/home/tyrone1/lavkush/reshaped_image_dataset/badWeather/wetSnow/in000416.jpg,422,566,512,606,car
/home/tyrone1/lavkush/reshaped_image_dataset/badWeather/wetSnow/in000416.jpg,79,561,197,608,car
/home/tyrone1/lavkush/reshaped_image_dataset/badWeather/wetSnow/in000416.jpg,141,329,184,442,person
/home/tyrone1/lavkush/reshaped_image_dataset/badWeather/wetSnow/in000417.jpg,78,568,196,608,car
/home/tyrone1/lavkush/reshaped_image_dataset/badWeather/wetSnow/in000417.jpg,420,557,526,606,car
/home/tyrone1/lavkush/reshaped_image_dataset/badWeather/wetSnow/in000417.jpg,140,318,184,442,person
/home/tyrone1/lavkush/reshaped_image_dataset/badWeather/wetSnow/in000418.jpg,69,569,184,606,car
/home/tyrone1/lavkush/reshaped_image_dataset/badWeather/wetSnow/in000418.jpg,428,546,529,606,car
/home/tyrone1/lavkush/reshaped_image_dataset/badWeather/wetSnow/in000418.jpg,140,318,184,442,person
/home/tyrone1/lavkush/reshaped_image_dataset/badWeather/wetSnow/in000419.jpg,435,535,537,606,car
/home/tyrone1/lavkush/reshaped_image_dataset/badWeather/wetSnow/in000419.jpg,75,576,178,608,car
/home/tyrone1/lavkush/reshaped_image_dataset/badWeather/wetSnow/in000419.jpg,143,306,186,439,person
/home/tyrone1/lavkush/reshaped_image_dataset/badWeather/wetSnow/in000420.jpg,431,534,548,606,car
/home/tyrone1/lavkush/reshaped_image_dataset/badWeather/wetSnow/in000420.jpg,140,322,190,442,person
/home/tyrone1/lavkush/reshaped_image_dataset/badWeather/wetSnow/in000421.jpg,423,526,546,608,car
/home/tyrone1/lavkush/reshaped_image_dataset/badWeather/wetSnow/in000421.jpg,141,314,184,430,person
/home/tyrone1/lavkush/reshaped_image_dataset/badWeather/wetSnow/in000422.jpg,411,526,553,606,car
/home/tyrone1/lavkush/reshaped_image_dataset/badWeather/wetSnow/in000422.jpg,146,326,187,440,person
/home/tyrone1/lavkush/reshaped_image_dataset/badWeather/wetSnow/in000423.jpg,418,521,561,608,car
/home/tyrone1/lavkush/reshaped_image_dataset/badWeather/wetSnow/in000423.jpg,147,314,190,439,person
/home/tyrone1/lavkush/reshaped_image_dataset/badWeather/wetSnow/in000424.jpg,426,516,566,606,car
/home/tyrone1/lavkush/reshaped_image_dataset/badWeather/wetSnow/in000424.jpg,142,318,187,431,person
/home/tyrone1/lavkush/reshaped_image_dataset/badWeather/wetSnow/in000425.jpg,430,510,571,608,car
/home/tyrone1/lavkush/reshaped_image_dataset/badWeather/wetSnow/in000425.jpg,146,322,192,430,person
/home/tyrone1/lavkush/reshaped_image_dataset/badWeather/wetSnow/in000426.jpg,439,506,579,606,car
/home/tyrone1/lavkush/reshaped_image_dataset/badWeather/wetSnow/in000426.jpg,152,322,195,439,person
/home/tyrone1/lavkush/reshaped_image_dataset/badWeather/wetSnow/in000427.jpg,441,495,583,608,car
/home/tyrone1/lavkush/reshaped_image_dataset/badWeather/wetSnow/in000427.jpg,152,324,195,436,person
/home/tyrone1/lavkush/reshaped_image_dataset/badWeather/wetSnow/in000428.jpg,449,490,590,608,car
/home/tyrone1/lavkush/reshaped_image_dataset/badWeather/wetSnow/in000428.jpg,149,318,198,436,person
/home/tyrone1/lavkush/reshaped_image_dataset/badWeather/wetSnow/in000429.jpg,455,487,596,606,car
/home/tyrone1/lavkush/reshaped_image_dataset/badWeather/wetSnow/in000429.jpg,152,322,201,435,person
/home/tyrone1/lavkush/reshaped_image_dataset/badWeather/wetSnow/in000430.jpg,462,478,602,606,car
/home/tyrone1/lavkush/reshaped_image_dataset/badWeather/wetSnow/in000430.jpg,153,308,206,430,person
/home/tyrone1/lavkush/reshaped_image_dataset/badWeather/wetSnow/in000431.jpg,470,470,607,606,car
/home/tyrone1/lavkush/reshaped_image_dataset/badWeather/wetSnow/in000431.jpg,158,318,213,440,person
/home/tyrone1/lavkush/reshaped_image_dataset/badWeather/wetSnow/in000432.jpg,472,468,608,604,car
/home/tyrone1/lavkush/reshaped_image_dataset/badWeather/wetSnow/in000432.jpg,157,317,213,428,person
/home/tyrone1/lavkush/reshaped_image_dataset/badWeather/wetSnow/in000433.jpg,471,459,608,606,car
/home/tyrone1/lavkush/reshaped_image_dataset/badWeather/wetSnow/in000433.jpg,160,314,204,423,person
/home/tyrone1/lavkush/reshaped_image_dataset/badWeather/wetSnow/in000434.jpg,489,450,608,606,car
/home/tyrone1/lavkush/reshaped_image_dataset/badWeather/wetSnow/in000434.jpg,154,315,206,435,person
/home/tyrone1/lavkush/reshaped_image_dataset/badWeather/wetSnow/in000435.jpg,494,450,608,606,car
/home/tyrone1/lavkush/reshaped_image_dataset/badWeather/wetSnow/in000435.jpg,162,314,208,436,person
/home/tyrone1/lavkush/reshaped_image_dataset/badWeather/wetSnow/in000436.jpg,587,186,608,284,car
/home/tyrone1/lavkush/reshaped_image_dataset/badWeather/wetSnow/in000436.jpg,502,439,608,602,car
/home/tyrone1/lavkush/reshaped_image_dataset/badWeather/wetSnow/in000436.jpg,163,308,212,425,person
/home/tyrone1/lavkush/reshaped_image_dataset/badWeather/wetSnow/in000437.jpg,586,186,608,292,car
/home/tyrone1/lavkush/reshaped_image_dataset/badWeather/wetSnow/in000437.jpg,510,435,608,598,car
/home/tyrone1/lavkush/reshaped_image_dataset/badWeather/wetSnow/in000437.jpg,165,301,206,409,person
/home/tyrone1/lavkush/reshaped_image_dataset/badWeather/wetSnow/in000438.jpg,577,174,608,292,car
/home/tyrone1/lavkush/reshaped_image_dataset/badWeather/wetSnow/in000438.jpg,514,425,608,595,car
/home/tyrone1/lavkush/reshaped_image_dataset/badWeather/wetSnow/in000438.jpg,167,306,210,413,person
/home/tyrone1/lavkush/reshaped_image_dataset/badWeather/wetSnow/in000439.jpg,573,176,608,302,car
/home/tyrone1/lavkush/reshaped_image_dataset/badWeather/wetSnow/in000439.jpg,524,419,608,584,car
/home/tyrone1/lavkush/reshaped_image_dataset/badWeather/wetSnow/in000439.jpg,163,302,217,423,person
/home/tyrone1/lavkush/reshaped_image_dataset/badWeather/wetSnow/in000440.jpg,530,415,608,578,car
/home/tyrone1/lavkush/reshaped_image_dataset/badWeather/wetSnow/in000440.jpg,567,171,608,322,car
/home/tyrone1/lavkush/reshaped_image_dataset/badWeather/wetSnow/in000440.jpg,167,296,203,433,person
/home/tyrone1/lavkush/reshaped_image_dataset/badWeather/wetSnow/in000441.jpg,564,172,608,328,car
/home/tyrone1/lavkush/reshaped_image_dataset/badWeather/wetSnow/in000441.jpg,535,413,608,575,car
/home/tyrone1/lavkush/reshaped_image_dataset/badWeather/wetSnow/in000441.jpg,168,304,212,419,person
/home/tyrone1/lavkush/reshaped_image_dataset/badWeather/wetSnow/in000442.jpg,556,175,608,320,car
/home/tyrone1/lavkush/reshaped_image_dataset/badWeather/wetSnow/in000442.jpg,537,406,608,568,car
/home/tyrone1/lavkush/reshaped_image_dataset/badWeather/wetSnow/in000442.jpg,163,302,210,418,person
/home/tyrone1/lavkush/reshaped_image_dataset/badWeather/wetSnow/in000443.jpg,553,168,608,332,car
/home/tyrone1/lavkush/reshaped_image_dataset/badWeather/wetSnow/in000443.jpg,545,395,608,564,car
/home/tyrone1/lavkush/reshaped_image_dataset/badWeather/wetSnow/in000443.jpg,173,315,208,412,person
/home/tyrone1/lavkush/reshaped_image_dataset/badWeather/wetSnow/in000444.jpg,548,165,608,334,car
/home/tyrone1/lavkush/reshaped_image_dataset/badWeather/wetSnow/in000444.jpg,549,394,608,550,car
/home/tyrone1/lavkush/reshaped_image_dataset/badWeather/wetSnow/in000444.jpg,164,299,218,414,person
/home/tyrone1/lavkush/reshaped_image_dataset/badWeather/wetSnow/in000445.jpg,545,166,608,332,car
/home/tyrone1/lavkush/reshaped_image_dataset/badWeather/wetSnow/in000445.jpg,558,394,608,546,car
/home/tyrone1/lavkush/reshaped_image_dataset/badWeather/wetSnow/in000445.jpg,173,308,216,426,person
/home/tyrone1/lavkush/reshaped_image_dataset/badWeather/wetSnow/in000446.jpg,538,168,608,335,car
/home/tyrone1/lavkush/reshaped_image_dataset/badWeather/wetSnow/in000446.jpg,563,397,608,539,car
/home/tyrone1/lavkush/reshaped_image_dataset/badWeather/wetSnow/in000446.jpg,173,308,228,421,person
/home/tyrone1/lavkush/reshaped_image_dataset/badWeather/wetSnow/in000447.jpg,535,171,608,343,car
/home/tyrone1/lavkush/reshaped_image_dataset/badWeather/wetSnow/in000447.jpg,571,392,608,528,car
/home/tyrone1/lavkush/reshaped_image_dataset/badWeather/wetSnow/in000447.jpg,178,306,224,407,person
/home/tyrone1/lavkush/reshaped_image_dataset/badWeather/wetSnow/in000448.jpg,530,171,608,344,car
/home/tyrone1/lavkush/reshaped_image_dataset/badWeather/wetSnow/in000448.jpg,574,398,608,520,car
/home/tyrone1/lavkush/reshaped_image_dataset/badWeather/wetSnow/in000448.jpg,176,314,226,414,person
/home/tyrone1/lavkush/reshaped_image_dataset/badWeather/wetSnow/in000449.jpg,524,176,608,347,car
/home/tyrone1/lavkush/reshaped_image_dataset/badWeather/wetSnow/in000449.jpg,580,404,608,512,car
/home/tyrone1/lavkush/reshaped_image_dataset/badWeather/wetSnow/in000449.jpg,173,306,226,424,person
/home/tyrone1/lavkush/reshaped_image_dataset/badWeather/wetSnow/in000450.jpg,521,183,608,349,car
/home/tyrone1/lavkush/reshaped_image_dataset/badWeather/wetSnow/in000450.jpg,182,306,226,410,person
/home/tyrone1/lavkush/reshaped_image_dataset/badWeather/wetSnow/in000451.jpg,515,182,608,362,car
/home/tyrone1/lavkush/reshaped_image_dataset/badWeather/wetSnow/in000451.jpg,182,304,232,414,person
/home/tyrone1/lavkush/reshaped_image_dataset/badWeather/wetSnow/in000452.jpg,510,186,608,362,car
/home/tyrone1/lavkush/reshaped_image_dataset/badWeather/wetSnow/in000452.jpg,182,299,232,412,person
/home/tyrone1/lavkush/reshaped_image_dataset/badWeather/wetSnow/in000453.jpg,503,189,608,368,car
/home/tyrone1/lavkush/reshaped_image_dataset/badWeather/wetSnow/in000453.jpg,181,293,231,428,person
/home/tyrone1/lavkush/reshaped_image_dataset/badWeather/wetSnow/in000454.jpg,501,193,608,368,car
/home/tyrone1/lavkush/reshaped_image_dataset/badWeather/wetSnow/in000454.jpg,180,294,235,419,person
/home/tyrone1/lavkush/reshaped_image_dataset/badWeather/wetSnow/in000455.jpg,497,198,608,369,car
/home/tyrone1/lavkush/reshaped_image_dataset/badWeather/wetSnow/in000455.jpg,178,306,235,423,person
/home/tyrone1/lavkush/reshaped_image_dataset/badWeather/wetSnow/in000456.jpg,490,201,608,385,car
/home/tyrone1/lavkush/reshaped_image_dataset/badWeather/wetSnow/in000456.jpg,183,308,233,417,person
/home/tyrone1/lavkush/reshaped_image_dataset/badWeather/wetSnow/in000457.jpg,487,195,608,388,car
/home/tyrone1/lavkush/reshaped_image_dataset/badWeather/wetSnow/in000457.jpg,186,297,233,410,person
/home/tyrone1/lavkush/reshaped_image_dataset/badWeather/wetSnow/in000458.jpg,482,195,608,386,car
/home/tyrone1/lavkush/reshaped_image_dataset/badWeather/wetSnow/in000458.jpg,189,301,235,415,person
/home/tyrone1/lavkush/reshaped_image_dataset/badWeather/wetSnow/in000459.jpg,476,198,608,399,car
/home/tyrone1/lavkush/reshaped_image_dataset/badWeather/wetSnow/in000459.jpg,186,298,234,431,person
/home/tyrone1/lavkush/reshaped_image_dataset/badWeather/wetSnow/in000460.jpg,468,206,608,403,car
/home/tyrone1/lavkush/reshaped_image_dataset/badWeather/wetSnow/in000460.jpg,185,298,244,416,person
/home/tyrone1/lavkush/reshaped_image_dataset/badWeather/wetSnow/in000461.jpg,466,206,608,403,car
/home/tyrone1/lavkush/reshaped_image_dataset/badWeather/wetSnow/in000461.jpg,187,292,238,412,person
/home/tyrone1/lavkush/reshaped_image_dataset/badWeather/wetSnow/in000462.jpg,461,210,608,403,car
/home/tyrone1/lavkush/reshaped_image_dataset/badWeather/wetSnow/in000462.jpg,182,294,238,407,person
/home/tyrone1/lavkush/reshaped_image_dataset/badWeather/wetSnow/in000463.jpg,456,212,608,405,car
/home/tyrone1/lavkush/reshaped_image_dataset/badWeather/wetSnow/in000463.jpg,189,291,242,417,person
/home/tyrone1/lavkush/reshaped_image_dataset/badWeather/wetSnow/in000464.jpg,450,216,608,414,car
/home/tyrone1/lavkush/reshaped_image_dataset/badWeather/wetSnow/in000464.jpg,195,297,241,418,person
/home/tyrone1/lavkush/reshaped_image_dataset/badWeather/wetSnow/in000465.jpg,443,220,608,423,car
/home/tyrone1/lavkush/reshaped_image_dataset/badWeather/wetSnow/in000465.jpg,190,289,249,416,person
/home/tyrone1/lavkush/reshaped_image_dataset/badWeather/wetSnow/in000466.jpg,440,227,608,414,car
/home/tyrone1/lavkush/reshaped_image_dataset/badWeather/wetSnow/in000466.jpg,192,279,240,410,person
/home/tyrone1/lavkush/reshaped_image_dataset/badWeather/wetSnow/in000467.jpg,434,227,608,422,car
/home/tyrone1/lavkush/reshaped_image_dataset/badWeather/wetSnow/in000467.jpg,206,315,243,415,person
/home/tyrone1/lavkush/reshaped_image_dataset/badWeather/wetSnow/in000468.jpg,423,231,608,425,car
/home/tyrone1/lavkush/reshaped_image_dataset/badWeather/wetSnow/in000468.jpg,200,292,238,417,person
/home/tyrone1/lavkush/reshaped_image_dataset/badWeather/wetSnow/in000469.jpg,423,237,596,431,car
/home/tyrone1/lavkush/reshaped_image_dataset/badWeather/wetSnow/in000469.jpg,199,292,248,417,person
/home/tyrone1/lavkush/reshaped_image_dataset/badWeather/wetSnow/in000470.jpg,419,237,593,431,car
/home/tyrone1/lavkush/reshaped_image_dataset/badWeather/wetSnow/in000470.jpg,199,289,242,395,person
/home/tyrone1/lavkush/reshaped_image_dataset/badWeather/wetSnow/in000471.jpg,412,240,586,439,car
/home/tyrone1/lavkush/reshaped_image_dataset/badWeather/wetSnow/in000471.jpg,203,285,245,406,person
/home/tyrone1/lavkush/reshaped_image_dataset/badWeather/wetSnow/in000472.jpg,407,244,584,441,car
/home/tyrone1/lavkush/reshaped_image_dataset/badWeather/wetSnow/in000472.jpg,203,284,253,415,person
/home/tyrone1/lavkush/reshaped_image_dataset/badWeather/wetSnow/in000473.jpg,403,249,576,443,car
/home/tyrone1/lavkush/reshaped_image_dataset/badWeather/wetSnow/in000473.jpg,206,287,250,421,person
/home/tyrone1/lavkush/reshaped_image_dataset/badWeather/wetSnow/in000474.jpg,398,257,575,453,car
/home/tyrone1/lavkush/reshaped_image_dataset/badWeather/wetSnow/in000474.jpg,207,294,255,415,person
/home/tyrone1/lavkush/reshaped_image_dataset/badWeather/wetSnow/in000475.jpg,391,254,566,459,car
/home/tyrone1/lavkush/reshaped_image_dataset/badWeather/wetSnow/in000475.jpg,206,289,250,405,person
/home/tyrone1/lavkush/reshaped_image_dataset/badWeather/wetSnow/in000476.jpg,389,263,564,459,car
/home/tyrone1/lavkush/reshaped_image_dataset/badWeather/wetSnow/in000476.jpg,205,289,249,395,person
/home/tyrone1/lavkush/reshaped_image_dataset/badWeather/wetSnow/in000477.jpg,381,267,558,465,car
/home/tyrone1/lavkush/reshaped_image_dataset/badWeather/wetSnow/in000477.jpg,211,280,254,403,person
/home/tyrone1/lavkush/reshaped_image_dataset/badWeather/wetSnow/in000478.jpg,377,269,553,470,car
/home/tyrone1/lavkush/reshaped_image_dataset/badWeather/wetSnow/in000478.jpg,208,290,256,413,person
/home/tyrone1/lavkush/reshaped_image_dataset/badWeather/wetSnow/in000479.jpg,371,275,550,474,car
/home/tyrone1/lavkush/reshaped_image_dataset/badWeather/wetSnow/in000479.jpg,208,279,253,423,person
/home/tyrone1/lavkush/reshaped_image_dataset/badWeather/wetSnow/in000480.jpg,363,279,542,477,car
/home/tyrone1/lavkush/reshaped_image_dataset/badWeather/wetSnow/in000480.jpg,212,280,257,412,person
/home/tyrone1/lavkush/reshaped_image_dataset/badWeather/wetSnow/in000481.jpg,360,281,539,478,car
/home/tyrone1/lavkush/reshaped_image_dataset/badWeather/wetSnow/in000481.jpg,208,274,261,408,person
/home/tyrone1/lavkush/reshaped_image_dataset/badWeather/wetSnow/in000482.jpg,352,284,533,486,car
/home/tyrone1/lavkush/reshaped_image_dataset/badWeather/wetSnow/in000482.jpg,206,278,258,417,person
/home/tyrone1/lavkush/reshaped_image_dataset/badWeather/wetSnow/in000483.jpg,347,288,529,489,car
/home/tyrone1/lavkush/reshaped_image_dataset/badWeather/wetSnow/in000483.jpg,208,281,260,409,person
/home/tyrone1/lavkush/reshaped_image_dataset/badWeather/wetSnow/in000484.jpg,343,294,524,498,car
/home/tyrone1/lavkush/reshaped_image_dataset/badWeather/wetSnow/in000484.jpg,211,281,263,416,person
/home/tyrone1/lavkush/reshaped_image_dataset/badWeather/wetSnow/in000485.jpg,337,300,516,506,car
/home/tyrone1/lavkush/reshaped_image_dataset/badWeather/wetSnow/in000485.jpg,215,281,262,407,person
/home/tyrone1/lavkush/reshaped_image_dataset/badWeather/wetSnow/in000486.jpg,330,302,514,508,car
/home/tyrone1/lavkush/reshaped_image_dataset/badWeather/wetSnow/in000486.jpg,217,280,264,408,person
/home/tyrone1/lavkush/reshaped_image_dataset/badWeather/wetSnow/in000487.jpg,325,306,508,510,car
/home/tyrone1/lavkush/reshaped_image_dataset/badWeather/wetSnow/in000487.jpg,217,271,271,400,person
/home/tyrone1/lavkush/reshaped_image_dataset/badWeather/wetSnow/in000488.jpg,318,307,500,513,car
/home/tyrone1/lavkush/reshaped_image_dataset/badWeather/wetSnow/in000488.jpg,217,272,264,415,person
/home/tyrone1/lavkush/reshaped_image_dataset/badWeather/wetSnow/in000489.jpg,314,311,497,517,car
/home/tyrone1/lavkush/reshaped_image_dataset/badWeather/wetSnow/in000489.jpg,217,274,263,408,person
/home/tyrone1/lavkush/reshaped_image_dataset/badWeather/wetSnow/in000490.jpg,306,318,493,531,car
/home/tyrone1/lavkush/reshaped_image_dataset/badWeather/wetSnow/in000490.jpg,217,270,261,394,person
/home/tyrone1/lavkush/reshaped_image_dataset/badWeather/wetSnow/in000491.jpg,302,323,488,531,car
/home/tyrone1/lavkush/reshaped_image_dataset/badWeather/wetSnow/in000491.jpg,217,275,267,388,person
/home/tyrone1/lavkush/reshaped_image_dataset/badWeather/wetSnow/in000492.jpg,294,326,480,532,car
/home/tyrone1/lavkush/reshaped_image_dataset/badWeather/wetSnow/in000492.jpg,219,275,267,392,person
/home/tyrone1/lavkush/reshaped_image_dataset/badWeather/wetSnow/in000493.jpg,288,332,478,535,car
/home/tyrone1/lavkush/reshaped_image_dataset/badWeather/wetSnow/in000493.jpg,227,284,266,381,person
/home/tyrone1/lavkush/reshaped_image_dataset/badWeather/wetSnow/in000494.jpg,282,333,472,546,car
/home/tyrone1/lavkush/reshaped_image_dataset/badWeather/wetSnow/in000494.jpg,225,273,268,386,person
/home/tyrone1/lavkush/reshaped_image_dataset/badWeather/wetSnow/in000495.jpg,276,337,467,550,car
/home/tyrone1/lavkush/reshaped_image_dataset/badWeather/wetSnow/in000495.jpg,219,272,264,379,person
/home/tyrone1/lavkush/reshaped_image_dataset/badWeather/wetSnow/in000496.jpg,269,341,458,552,car
/home/tyrone1/lavkush/reshaped_image_dataset/badWeather/wetSnow/in000496.jpg,226,276,261,381,person
/home/tyrone1/lavkush/reshaped_image_dataset/badWeather/wetSnow/in000497.jpg,264,347,455,558,car
/home/tyrone1/lavkush/reshaped_image_dataset/badWeather/wetSnow/in000497.jpg,228,272,275,374,person
/home/tyrone1/lavkush/reshaped_image_dataset/badWeather/wetSnow/in000498.jpg,256,351,445,564,car
/home/tyrone1/lavkush/reshaped_image_dataset/badWeather/wetSnow/in000498.jpg,230,273,278,382,person
/home/tyrone1/lavkush/reshaped_image_dataset/badWeather/wetSnow/in000499.jpg,251,355,443,568,car
/home/tyrone1/lavkush/reshaped_image_dataset/badWeather/wetSnow/in000499.jpg,228,270,272,378,person
/home/tyrone1/lavkush/reshaped_image_dataset/badWeather/wetSnow/in000500.jpg,244,359,439,568,car
/home/tyrone1/lavkush/reshaped_image_dataset/badWeather/wetSnow/in000500.jpg,233,275,275,378,person
/home/tyrone1/lavkush/reshaped_image_dataset/badWeather/wetSnow/in000501.jpg,238,363,431,586,car
/home/tyrone1/lavkush/reshaped_image_dataset/badWeather/wetSnow/in000501.jpg,231,271,280,370,person
/home/tyrone1/lavkush/reshaped_image_dataset/badWeather/wetSnow/in000502.jpg,232,367,427,591,car
/home/tyrone1/lavkush/reshaped_image_dataset/badWeather/wetSnow/in000502.jpg,237,279,275,376,person
/home/tyrone1/lavkush/reshaped_image_dataset/badWeather/wetSnow/in000503.jpg,227,372,422,595,car
/home/tyrone1/lavkush/reshaped_image_dataset/badWeather/wetSnow/in000503.jpg,234,275,276,376,person
/home/tyrone1/lavkush/reshaped_image_dataset/badWeather/wetSnow/in000504.jpg,217,370,417,595,car
/home/tyrone1/lavkush/reshaped_image_dataset/badWeather/wetSnow/in000504.jpg,233,263,276,372,person
/home/tyrone1/lavkush/reshaped_image_dataset/badWeather/wetSnow/in000505.jpg,212,380,412,602,car
/home/tyrone1/lavkush/reshaped_image_dataset/badWeather/wetSnow/in000505.jpg,233,269,278,376,person
/home/tyrone1/lavkush/reshaped_image_dataset/badWeather/wetSnow/in000506.jpg,208,385,401,602,car
/home/tyrone1/lavkush/reshaped_image_dataset/badWeather/wetSnow/in000506.jpg,235,270,273,374,person
/home/tyrone1/lavkush/reshaped_image_dataset/badWeather/wetSnow/in000507.jpg,196,386,396,606,car
/home/tyrone1/lavkush/reshaped_image_dataset/badWeather/wetSnow/in000507.jpg,235,266,275,367,person
/home/tyrone1/lavkush/reshaped_image_dataset/badWeather/wetSnow/in000508.jpg,190,391,390,606,car
/home/tyrone1/lavkush/reshaped_image_dataset/badWeather/wetSnow/in000508.jpg,237,264,278,367,person
/home/tyrone1/lavkush/reshaped_image_dataset/badWeather/wetSnow/in000509.jpg,185,394,388,608,car
/home/tyrone1/lavkush/reshaped_image_dataset/badWeather/wetSnow/in000509.jpg,238,263,276,368,person
/home/tyrone1/lavkush/reshaped_image_dataset/badWeather/wetSnow/in000510.jpg,176,396,382,608,car
/home/tyrone1/lavkush/reshaped_image_dataset/badWeather/wetSnow/in000510.jpg,240,270,275,372,person
