/home/tyrone1/lavkush/reshaped_image_dataset/shadow/peopleInShade/in000292.jpg,1,82,126,515,person
/home/tyrone1/lavkush/reshaped_image_dataset/shadow/peopleInShade/in000293.jpg,0,82,118,510,person
/home/tyrone1/lavkush/reshaped_image_dataset/shadow/peopleInShade/in000294.jpg,0,64,129,528,person
/home/tyrone1/lavkush/reshaped_image_dataset/shadow/peopleInShade/in000295.jpg,1,64,123,485,person
/home/tyrone1/lavkush/reshaped_image_dataset/shadow/peopleInShade/in000296.jpg,6,69,120,503,person
/home/tyrone1/lavkush/reshaped_image_dataset/shadow/peopleInShade/in000297.jpg,27,64,174,513,person
/home/tyrone1/lavkush/reshaped_image_dataset/shadow/peopleInShade/in000298.jpg,40,67,206,485,person
/home/tyrone1/lavkush/reshaped_image_dataset/shadow/peopleInShade/in000299.jpg,54,64,217,485,person
/home/tyrone1/lavkush/reshaped_image_dataset/shadow/peopleInShade/in000300.jpg,51,69,228,480,person
/home/tyrone1/lavkush/reshaped_image_dataset/shadow/peopleInShade/in000301.jpg,64,64,232,485,person
/home/tyrone1/lavkush/reshaped_image_dataset/shadow/peopleInShade/in000302.jpg,60,72,232,495,person
/home/tyrone1/lavkush/reshaped_image_dataset/shadow/peopleInShade/in000303.jpg,92,79,240,488,person
/home/tyrone1/lavkush/reshaped_image_dataset/shadow/peopleInShade/in000304.jpg,97,59,233,493,person
/home/tyrone1/lavkush/reshaped_image_dataset/shadow/peopleInShade/in000305.jpg,118,49,248,490,person
/home/tyrone1/lavkush/reshaped_image_dataset/shadow/peopleInShade/in000305.jpg,526,171,608,608,person
/home/tyrone1/lavkush/reshaped_image_dataset/shadow/peopleInShade/in000306.jpg,144,54,257,485,person
/home/tyrone1/lavkush/reshaped_image_dataset/shadow/peopleInShade/in000306.jpg,502,166,608,608,person
/home/tyrone1/lavkush/reshaped_image_dataset/shadow/peopleInShade/in000307.jpg,470,161,608,608,person
/home/tyrone1/lavkush/reshaped_image_dataset/shadow/peopleInShade/in000307.jpg,155,64,284,493,person
/home/tyrone1/lavkush/reshaped_image_dataset/shadow/peopleInShade/in000308.jpg,459,159,608,608,person
/home/tyrone1/lavkush/reshaped_image_dataset/shadow/peopleInShade/in000308.jpg,152,59,283,498,person
/home/tyrone1/lavkush/reshaped_image_dataset/shadow/peopleInShade/in000309.jpg,161,62,315,490,person
/home/tyrone1/lavkush/reshaped_image_dataset/shadow/peopleInShade/in000309.jpg,422,156,600,608,person
/home/tyrone1/lavkush/reshaped_image_dataset/shadow/peopleInShade/in000310.jpg,163,57,316,493,person
/home/tyrone1/lavkush/reshaped_image_dataset/shadow/peopleInShade/in000310.jpg,425,169,600,608,person
/home/tyrone1/lavkush/reshaped_image_dataset/shadow/peopleInShade/in000311.jpg,156,62,318,490,person
/home/tyrone1/lavkush/reshaped_image_dataset/shadow/peopleInShade/in000311.jpg,430,169,601,608,person
/home/tyrone1/lavkush/reshaped_image_dataset/shadow/peopleInShade/in000312.jpg,164,62,315,485,person
/home/tyrone1/lavkush/reshaped_image_dataset/shadow/peopleInShade/in000312.jpg,422,166,601,608,person
/home/tyrone1/lavkush/reshaped_image_dataset/shadow/peopleInShade/in000313.jpg,195,72,336,483,person
/home/tyrone1/lavkush/reshaped_image_dataset/shadow/peopleInShade/in000313.jpg,347,179,531,605,person
/home/tyrone1/lavkush/reshaped_image_dataset/shadow/peopleInShade/in000314.jpg,214,64,345,470,person
/home/tyrone1/lavkush/reshaped_image_dataset/shadow/peopleInShade/in000314.jpg,334,191,507,608,person
/home/tyrone1/lavkush/reshaped_image_dataset/shadow/peopleInShade/in000315.jpg,243,54,348,453,person
/home/tyrone1/lavkush/reshaped_image_dataset/shadow/peopleInShade/in000315.jpg,331,181,483,608,person
/home/tyrone1/lavkush/reshaped_image_dataset/shadow/peopleInShade/in000316.jpg,248,44,348,468,person
/home/tyrone1/lavkush/reshaped_image_dataset/shadow/peopleInShade/in000316.jpg,318,171,484,608,person
/home/tyrone1/lavkush/reshaped_image_dataset/shadow/peopleInShade/in000317.jpg,254,67,352,460,person
/home/tyrone1/lavkush/reshaped_image_dataset/shadow/peopleInShade/in000317.jpg,334,174,483,600,person
/home/tyrone1/lavkush/reshaped_image_dataset/shadow/peopleInShade/in000318.jpg,252,52,348,463,person
/home/tyrone1/lavkush/reshaped_image_dataset/shadow/peopleInShade/in000318.jpg,339,169,480,608,person
/home/tyrone1/lavkush/reshaped_image_dataset/shadow/peopleInShade/in000319.jpg,291,49,424,465,person
/home/tyrone1/lavkush/reshaped_image_dataset/shadow/peopleInShade/in000319.jpg,270,174,422,608,person
/home/tyrone1/lavkush/reshaped_image_dataset/shadow/peopleInShade/in000320.jpg,283,49,422,456,person
/home/tyrone1/lavkush/reshaped_image_dataset/shadow/peopleInShade/in000320.jpg,267,199,409,603,person
/home/tyrone1/lavkush/reshaped_image_dataset/shadow/peopleInShade/in000321.jpg,310,59,436,463,person
/home/tyrone1/lavkush/reshaped_image_dataset/shadow/peopleInShade/in000321.jpg,224,189,395,608,person
/home/tyrone1/lavkush/reshaped_image_dataset/shadow/peopleInShade/in000322.jpg,315,62,451,468,person
/home/tyrone1/lavkush/reshaped_image_dataset/shadow/peopleInShade/in000322.jpg,206,186,369,608,person
/home/tyrone1/lavkush/reshaped_image_dataset/shadow/peopleInShade/in000323.jpg,300,57,449,465,person
/home/tyrone1/lavkush/reshaped_image_dataset/shadow/peopleInShade/in000323.jpg,192,209,342,608,person
/home/tyrone1/lavkush/reshaped_image_dataset/shadow/peopleInShade/in000324.jpg,326,49,467,465,person
/home/tyrone1/lavkush/reshaped_image_dataset/shadow/peopleInShade/in000324.jpg,172,214,321,608,person
/home/tyrone1/lavkush/reshaped_image_dataset/shadow/peopleInShade/in000325.jpg,334,54,459,456,person
/home/tyrone1/lavkush/reshaped_image_dataset/shadow/peopleInShade/in000325.jpg,174,191,324,608,person
/home/tyrone1/lavkush/reshaped_image_dataset/shadow/peopleInShade/in000326.jpg,358,57,470,468,person
/home/tyrone1/lavkush/reshaped_image_dataset/shadow/peopleInShade/in000326.jpg,144,186,291,608,person
/home/tyrone1/lavkush/reshaped_image_dataset/shadow/peopleInShade/in000327.jpg,382,62,475,456,person
/home/tyrone1/lavkush/reshaped_image_dataset/shadow/peopleInShade/in000327.jpg,128,199,265,608,person
/home/tyrone1/lavkush/reshaped_image_dataset/shadow/peopleInShade/in000328.jpg,396,42,499,460,person
/home/tyrone1/lavkush/reshaped_image_dataset/shadow/peopleInShade/in000328.jpg,97,209,241,608,person
/home/tyrone1/lavkush/reshaped_image_dataset/shadow/peopleInShade/in000329.jpg,385,44,496,458,person
/home/tyrone1/lavkush/reshaped_image_dataset/shadow/peopleInShade/in000329.jpg,99,211,244,608,person
/home/tyrone1/lavkush/reshaped_image_dataset/shadow/peopleInShade/in000330.jpg,398,57,518,453,person
/home/tyrone1/lavkush/reshaped_image_dataset/shadow/peopleInShade/in000330.jpg,48,196,233,608,person
/home/tyrone1/lavkush/reshaped_image_dataset/shadow/peopleInShade/in000331.jpg,404,62,547,448,person
/home/tyrone1/lavkush/reshaped_image_dataset/shadow/peopleInShade/in000331.jpg,20,239,216,608,person
/home/tyrone1/lavkush/reshaped_image_dataset/shadow/peopleInShade/in000332.jpg,408,47,545,446,person
/home/tyrone1/lavkush/reshaped_image_dataset/shadow/peopleInShade/in000332.jpg,508,236,608,608,person
/home/tyrone1/lavkush/reshaped_image_dataset/shadow/peopleInShade/in000332.jpg,0,229,193,608,person
/home/tyrone1/lavkush/reshaped_image_dataset/shadow/peopleInShade/in000333.jpg,403,54,552,458,person
/home/tyrone1/lavkush/reshaped_image_dataset/shadow/peopleInShade/in000333.jpg,508,244,608,608,person
/home/tyrone1/lavkush/reshaped_image_dataset/shadow/peopleInShade/in000333.jpg,0,229,196,608,person
/home/tyrone1/lavkush/reshaped_image_dataset/shadow/peopleInShade/in000334.jpg,412,39,550,456,person
/home/tyrone1/lavkush/reshaped_image_dataset/shadow/peopleInShade/in000334.jpg,494,226,608,608,person
/home/tyrone1/lavkush/reshaped_image_dataset/shadow/peopleInShade/in000334.jpg,0,241,152,608,person
/home/tyrone1/lavkush/reshaped_image_dataset/shadow/peopleInShade/in000335.jpg,502,224,608,608,person
/home/tyrone1/lavkush/reshaped_image_dataset/shadow/peopleInShade/in000335.jpg,427,47,563,458,person
/home/tyrone1/lavkush/reshaped_image_dataset/shadow/peopleInShade/in000335.jpg,1,221,113,608,person
/home/tyrone1/lavkush/reshaped_image_dataset/shadow/peopleInShade/in000336.jpg,460,216,601,608,person
/home/tyrone1/lavkush/reshaped_image_dataset/shadow/peopleInShade/in000336.jpg,460,32,588,465,person
/home/tyrone1/lavkush/reshaped_image_dataset/shadow/peopleInShade/in000337.jpg,470,47,582,460,person
/home/tyrone1/lavkush/reshaped_image_dataset/shadow/peopleInShade/in000337.jpg,470,206,596,605,person
/home/tyrone1/lavkush/reshaped_image_dataset/shadow/peopleInShade/in000338.jpg,491,34,596,478,person
/home/tyrone1/lavkush/reshaped_image_dataset/shadow/peopleInShade/in000338.jpg,438,229,564,595,person
/home/tyrone1/lavkush/reshaped_image_dataset/shadow/peopleInShade/in000339.jpg,500,34,608,453,person
/home/tyrone1/lavkush/reshaped_image_dataset/shadow/peopleInShade/in000339.jpg,398,211,544,608,person
/home/tyrone1/lavkush/reshaped_image_dataset/shadow/peopleInShade/in000340.jpg,502,37,608,446,person
/home/tyrone1/lavkush/reshaped_image_dataset/shadow/peopleInShade/in000340.jpg,352,211,526,600,person
/home/tyrone1/lavkush/reshaped_image_dataset/shadow/peopleInShade/in000341.jpg,502,49,608,453,person
/home/tyrone1/lavkush/reshaped_image_dataset/shadow/peopleInShade/in000341.jpg,366,224,523,608,person
/home/tyrone1/lavkush/reshaped_image_dataset/shadow/peopleInShade/in000342.jpg,505,44,608,456,person
/home/tyrone1/lavkush/reshaped_image_dataset/shadow/peopleInShade/in000342.jpg,331,221,500,608,person
/home/tyrone1/lavkush/reshaped_image_dataset/shadow/peopleInShade/in000343.jpg,491,59,608,463,person
/home/tyrone1/lavkush/reshaped_image_dataset/shadow/peopleInShade/in000343.jpg,329,214,494,608,person
/home/tyrone1/lavkush/reshaped_image_dataset/shadow/peopleInShade/in000344.jpg,516,82,608,456,person
/home/tyrone1/lavkush/reshaped_image_dataset/shadow/peopleInShade/in000344.jpg,304,201,427,600,person
/home/tyrone1/lavkush/reshaped_image_dataset/shadow/peopleInShade/in000345.jpg,300,199,438,605,person
/home/tyrone1/lavkush/reshaped_image_dataset/shadow/peopleInShade/in000346.jpg,272,199,406,608,person
/home/tyrone1/lavkush/reshaped_image_dataset/shadow/peopleInShade/in000347.jpg,249,199,384,608,person
/home/tyrone1/lavkush/reshaped_image_dataset/shadow/peopleInShade/in000348.jpg,222,206,380,608,person
/home/tyrone1/lavkush/reshaped_image_dataset/shadow/peopleInShade/in000349.jpg,219,206,380,608,person
/home/tyrone1/lavkush/reshaped_image_dataset/shadow/peopleInShade/in000350.jpg,196,206,364,608,person
/home/tyrone1/lavkush/reshaped_image_dataset/shadow/peopleInShade/in000351.jpg,184,206,369,608,person
/home/tyrone1/lavkush/reshaped_image_dataset/shadow/peopleInShade/in000352.jpg,132,201,299,608,person
/home/tyrone1/lavkush/reshaped_image_dataset/shadow/peopleInShade/in000353.jpg,131,214,300,603,person
/home/tyrone1/lavkush/reshaped_image_dataset/shadow/peopleInShade/in000354.jpg,100,209,265,608,person
/home/tyrone1/lavkush/reshaped_image_dataset/shadow/peopleInShade/in000355.jpg,84,199,232,608,person
/home/tyrone1/lavkush/reshaped_image_dataset/shadow/peopleInShade/in000356.jpg,43,211,211,600,person
/home/tyrone1/lavkush/reshaped_image_dataset/shadow/peopleInShade/in000357.jpg,3,194,198,608,person
/home/tyrone1/lavkush/reshaped_image_dataset/shadow/peopleInShade/in000358.jpg,3,196,204,608,person
/home/tyrone1/lavkush/reshaped_image_dataset/shadow/peopleInShade/in000359.jpg,1,206,187,608,person
/home/tyrone1/lavkush/reshaped_image_dataset/shadow/peopleInShade/in000360.jpg,1,221,172,608,person
/home/tyrone1/lavkush/reshaped_image_dataset/shadow/peopleInShade/in000361.jpg,0,196,136,608,person
/home/tyrone1/lavkush/reshaped_image_dataset/shadow/peopleInShade/in000362.jpg,1,199,140,608,person
/home/tyrone1/lavkush/reshaped_image_dataset/shadow/peopleInShade/in000447.jpg,1,32,142,475,person
/home/tyrone1/lavkush/reshaped_image_dataset/shadow/peopleInShade/in000448.jpg,0,27,152,475,person
/home/tyrone1/lavkush/reshaped_image_dataset/shadow/peopleInShade/in000449.jpg,1,32,156,473,person
/home/tyrone1/lavkush/reshaped_image_dataset/shadow/peopleInShade/in000450.jpg,1,39,158,463,person
/home/tyrone1/lavkush/reshaped_image_dataset/shadow/peopleInShade/in000451.jpg,6,29,155,453,person
/home/tyrone1/lavkush/reshaped_image_dataset/shadow/peopleInShade/in000452.jpg,6,32,156,456,person
/home/tyrone1/lavkush/reshaped_image_dataset/shadow/peopleInShade/in000453.jpg,16,19,161,460,person
/home/tyrone1/lavkush/reshaped_image_dataset/shadow/peopleInShade/in000454.jpg,25,17,177,465,person
/home/tyrone1/lavkush/reshaped_image_dataset/shadow/peopleInShade/in000455.jpg,43,12,184,463,person
/home/tyrone1/lavkush/reshaped_image_dataset/shadow/peopleInShade/in000456.jpg,60,12,216,475,person
/home/tyrone1/lavkush/reshaped_image_dataset/shadow/peopleInShade/in000457.jpg,59,17,224,473,person
/home/tyrone1/lavkush/reshaped_image_dataset/shadow/peopleInShade/in000458.jpg,73,14,241,460,person
/home/tyrone1/lavkush/reshaped_image_dataset/shadow/peopleInShade/in000459.jpg,84,12,256,468,person
/home/tyrone1/lavkush/reshaped_image_dataset/shadow/peopleInShade/in000460.jpg,100,17,257,446,person
/home/tyrone1/lavkush/reshaped_image_dataset/shadow/peopleInShade/in000461.jpg,88,22,267,463,person
/home/tyrone1/lavkush/reshaped_image_dataset/shadow/peopleInShade/in000462.jpg,97,22,270,453,person
/home/tyrone1/lavkush/reshaped_image_dataset/shadow/peopleInShade/in000463.jpg,120,22,259,456,person
/home/tyrone1/lavkush/reshaped_image_dataset/shadow/peopleInShade/in000464.jpg,148,27,281,456,person
/home/tyrone1/lavkush/reshaped_image_dataset/shadow/peopleInShade/in000465.jpg,160,32,272,453,person
/home/tyrone1/lavkush/reshaped_image_dataset/shadow/peopleInShade/in000466.jpg,158,14,284,453,person
/home/tyrone1/lavkush/reshaped_image_dataset/shadow/peopleInShade/in000467.jpg,164,24,288,473,person
/home/tyrone1/lavkush/reshaped_image_dataset/shadow/peopleInShade/in000468.jpg,190,14,355,463,person
/home/tyrone1/lavkush/reshaped_image_dataset/shadow/peopleInShade/in000469.jpg,187,19,342,465,person
/home/tyrone1/lavkush/reshaped_image_dataset/shadow/peopleInShade/in000470.jpg,192,19,352,460,person
/home/tyrone1/lavkush/reshaped_image_dataset/shadow/peopleInShade/in000471.jpg,206,27,371,458,person
/home/tyrone1/lavkush/reshaped_image_dataset/shadow/peopleInShade/in000472.jpg,212,24,360,465,person
/home/tyrone1/lavkush/reshaped_image_dataset/shadow/peopleInShade/in000473.jpg,212,37,366,470,person
/home/tyrone1/lavkush/reshaped_image_dataset/shadow/peopleInShade/in000474.jpg,216,32,364,463,person
/home/tyrone1/lavkush/reshaped_image_dataset/shadow/peopleInShade/in000475.jpg,241,29,371,453,person
/home/tyrone1/lavkush/reshaped_image_dataset/shadow/peopleInShade/in000476.jpg,270,14,384,463,person
/home/tyrone1/lavkush/reshaped_image_dataset/shadow/peopleInShade/in000477.jpg,270,12,384,451,person
/home/tyrone1/lavkush/reshaped_image_dataset/shadow/peopleInShade/in000478.jpg,284,14,398,456,person
/home/tyrone1/lavkush/reshaped_image_dataset/shadow/peopleInShade/in000479.jpg,300,14,430,475,person
/home/tyrone1/lavkush/reshaped_image_dataset/shadow/peopleInShade/in000480.jpg,307,19,454,463,person
/home/tyrone1/lavkush/reshaped_image_dataset/shadow/peopleInShade/in000481.jpg,300,19,464,463,person
/home/tyrone1/lavkush/reshaped_image_dataset/shadow/peopleInShade/in000482.jpg,312,22,468,483,person
/home/tyrone1/lavkush/reshaped_image_dataset/shadow/peopleInShade/in000483.jpg,313,19,465,465,person
/home/tyrone1/lavkush/reshaped_image_dataset/shadow/peopleInShade/in000484.jpg,331,29,475,448,person
/home/tyrone1/lavkush/reshaped_image_dataset/shadow/peopleInShade/in000485.jpg,334,29,473,470,person
/home/tyrone1/lavkush/reshaped_image_dataset/shadow/peopleInShade/in000486.jpg,356,19,475,480,person
/home/tyrone1/lavkush/reshaped_image_dataset/shadow/peopleInShade/in000487.jpg,366,24,494,478,person
/home/tyrone1/lavkush/reshaped_image_dataset/shadow/peopleInShade/in000488.jpg,388,22,504,468,person
/home/tyrone1/lavkush/reshaped_image_dataset/shadow/peopleInShade/in000489.jpg,406,24,526,465,person
/home/tyrone1/lavkush/reshaped_image_dataset/shadow/peopleInShade/in000490.jpg,400,17,523,475,person
/home/tyrone1/lavkush/reshaped_image_dataset/shadow/peopleInShade/in000491.jpg,406,17,524,478,person
/home/tyrone1/lavkush/reshaped_image_dataset/shadow/peopleInShade/in000492.jpg,414,24,568,468,person
/home/tyrone1/lavkush/reshaped_image_dataset/shadow/peopleInShade/in000493.jpg,425,32,574,475,person
/home/tyrone1/lavkush/reshaped_image_dataset/shadow/peopleInShade/in000494.jpg,419,32,576,488,person
/home/tyrone1/lavkush/reshaped_image_dataset/shadow/peopleInShade/in000495.jpg,424,34,577,478,person
/home/tyrone1/lavkush/reshaped_image_dataset/shadow/peopleInShade/in000496.jpg,441,17,585,480,person
/home/tyrone1/lavkush/reshaped_image_dataset/shadow/peopleInShade/in000497.jpg,481,19,600,488,person
/home/tyrone1/lavkush/reshaped_image_dataset/shadow/peopleInShade/in000498.jpg,488,24,595,500,person
/home/tyrone1/lavkush/reshaped_image_dataset/shadow/peopleInShade/in000499.jpg,513,32,600,483,person
/home/tyrone1/lavkush/reshaped_image_dataset/shadow/peopleInShade/in000500.jpg,516,24,608,488,person
/home/tyrone1/lavkush/reshaped_image_dataset/shadow/peopleInShade/in000501.jpg,516,29,608,483,person
/home/tyrone1/lavkush/reshaped_image_dataset/shadow/peopleInShade/in000502.jpg,528,39,608,478,person
/home/tyrone1/lavkush/reshaped_image_dataset/shadow/peopleInShade/in000503.jpg,516,37,608,475,person
/home/tyrone1/lavkush/reshaped_image_dataset/shadow/peopleInShade/in000581.jpg,496,236,608,605,person
/home/tyrone1/lavkush/reshaped_image_dataset/shadow/peopleInShade/in000582.jpg,496,211,608,608,person
/home/tyrone1/lavkush/reshaped_image_dataset/shadow/peopleInShade/in000583.jpg,473,214,608,598,person
/home/tyrone1/lavkush/reshaped_image_dataset/shadow/peopleInShade/in000584.jpg,468,199,608,590,person
/home/tyrone1/lavkush/reshaped_image_dataset/shadow/peopleInShade/in000585.jpg,475,186,608,598,person
/home/tyrone1/lavkush/reshaped_image_dataset/shadow/peopleInShade/in000586.jpg,462,189,608,608,person
/home/tyrone1/lavkush/reshaped_image_dataset/shadow/peopleInShade/in000587.jpg,451,191,608,608,person
/home/tyrone1/lavkush/reshaped_image_dataset/shadow/peopleInShade/in000588.jpg,438,196,608,603,person
/home/tyrone1/lavkush/reshaped_image_dataset/shadow/peopleInShade/in000589.jpg,430,186,608,608,person
/home/tyrone1/lavkush/reshaped_image_dataset/shadow/peopleInShade/in000590.jpg,409,181,600,608,person
/home/tyrone1/lavkush/reshaped_image_dataset/shadow/peopleInShade/in000591.jpg,419,186,595,608,person
/home/tyrone1/lavkush/reshaped_image_dataset/shadow/peopleInShade/in000592.jpg,412,189,582,608,person
/home/tyrone1/lavkush/reshaped_image_dataset/shadow/peopleInShade/in000593.jpg,409,194,580,608,person
/home/tyrone1/lavkush/reshaped_image_dataset/shadow/peopleInShade/in000594.jpg,400,196,574,603,person
/home/tyrone1/lavkush/reshaped_image_dataset/shadow/peopleInShade/in000595.jpg,393,204,569,605,person
/home/tyrone1/lavkush/reshaped_image_dataset/shadow/peopleInShade/in000596.jpg,376,196,563,603,person
/home/tyrone1/lavkush/reshaped_image_dataset/shadow/peopleInShade/in000597.jpg,388,199,556,600,person
/home/tyrone1/lavkush/reshaped_image_dataset/shadow/peopleInShade/in000598.jpg,377,194,556,608,person
/home/tyrone1/lavkush/reshaped_image_dataset/shadow/peopleInShade/in000599.jpg,371,216,548,608,person
/home/tyrone1/lavkush/reshaped_image_dataset/shadow/peopleInShade/in000600.jpg,363,209,540,608,person
/home/tyrone1/lavkush/reshaped_image_dataset/shadow/peopleInShade/in000601.jpg,355,219,539,608,person
/home/tyrone1/lavkush/reshaped_image_dataset/shadow/peopleInShade/in000602.jpg,352,206,537,608,person
/home/tyrone1/lavkush/reshaped_image_dataset/shadow/peopleInShade/in000603.jpg,347,214,539,603,person
/home/tyrone1/lavkush/reshaped_image_dataset/shadow/peopleInShade/in000604.jpg,352,216,529,608,person
/home/tyrone1/lavkush/reshaped_image_dataset/shadow/peopleInShade/in000605.jpg,348,221,528,608,person
/home/tyrone1/lavkush/reshaped_image_dataset/shadow/peopleInShade/in000606.jpg,340,206,524,608,person
/home/tyrone1/lavkush/reshaped_image_dataset/shadow/peopleInShade/in000607.jpg,321,216,513,605,person
/home/tyrone1/lavkush/reshaped_image_dataset/shadow/peopleInShade/in000608.jpg,326,229,516,608,person
/home/tyrone1/lavkush/reshaped_image_dataset/shadow/peopleInShade/in000609.jpg,328,239,512,608,person
/home/tyrone1/lavkush/reshaped_image_dataset/shadow/peopleInShade/in000610.jpg,323,234,504,608,person
/home/tyrone1/lavkush/reshaped_image_dataset/shadow/peopleInShade/in000611.jpg,305,219,497,608,person
/home/tyrone1/lavkush/reshaped_image_dataset/shadow/peopleInShade/in000612.jpg,283,221,484,608,person
/home/tyrone1/lavkush/reshaped_image_dataset/shadow/peopleInShade/in000613.jpg,283,211,488,608,person
/home/tyrone1/lavkush/reshaped_image_dataset/shadow/peopleInShade/in000614.jpg,302,239,488,608,person
/home/tyrone1/lavkush/reshaped_image_dataset/shadow/peopleInShade/in000615.jpg,288,239,473,608,person
/home/tyrone1/lavkush/reshaped_image_dataset/shadow/peopleInShade/in000616.jpg,291,244,470,608,person
/home/tyrone1/lavkush/reshaped_image_dataset/shadow/peopleInShade/in000617.jpg,286,214,470,608,person
/home/tyrone1/lavkush/reshaped_image_dataset/shadow/peopleInShade/in000618.jpg,281,229,483,608,person
/home/tyrone1/lavkush/reshaped_image_dataset/shadow/peopleInShade/in000619.jpg,294,231,467,608,person
/home/tyrone1/lavkush/reshaped_image_dataset/shadow/peopleInShade/in000620.jpg,286,241,465,608,person
/home/tyrone1/lavkush/reshaped_image_dataset/shadow/peopleInShade/in000621.jpg,283,234,473,608,person
/home/tyrone1/lavkush/reshaped_image_dataset/shadow/peopleInShade/in000622.jpg,289,231,480,608,person
/home/tyrone1/lavkush/reshaped_image_dataset/shadow/peopleInShade/in000623.jpg,288,231,475,608,person
/home/tyrone1/lavkush/reshaped_image_dataset/shadow/peopleInShade/in000624.jpg,288,244,481,608,person
/home/tyrone1/lavkush/reshaped_image_dataset/shadow/peopleInShade/in000625.jpg,302,229,484,608,person
/home/tyrone1/lavkush/reshaped_image_dataset/shadow/peopleInShade/in000626.jpg,294,219,478,608,person
/home/tyrone1/lavkush/reshaped_image_dataset/shadow/peopleInShade/in000627.jpg,289,234,488,608,person
/home/tyrone1/lavkush/reshaped_image_dataset/shadow/peopleInShade/in000628.jpg,294,221,478,608,person
/home/tyrone1/lavkush/reshaped_image_dataset/shadow/peopleInShade/in000629.jpg,300,234,492,608,person
/home/tyrone1/lavkush/reshaped_image_dataset/shadow/peopleInShade/in000630.jpg,291,231,486,608,person
/home/tyrone1/lavkush/reshaped_image_dataset/shadow/peopleInShade/in000631.jpg,304,241,483,608,person
/home/tyrone1/lavkush/reshaped_image_dataset/shadow/peopleInShade/in000632.jpg,308,239,489,608,person
/home/tyrone1/lavkush/reshaped_image_dataset/shadow/peopleInShade/in000633.jpg,300,229,488,608,person
/home/tyrone1/lavkush/reshaped_image_dataset/shadow/peopleInShade/in000634.jpg,305,249,484,608,person
/home/tyrone1/lavkush/reshaped_image_dataset/shadow/peopleInShade/in000635.jpg,304,239,486,608,person
/home/tyrone1/lavkush/reshaped_image_dataset/shadow/peopleInShade/in000636.jpg,313,246,486,608,person
/home/tyrone1/lavkush/reshaped_image_dataset/shadow/peopleInShade/in000637.jpg,310,231,488,608,person
/home/tyrone1/lavkush/reshaped_image_dataset/shadow/peopleInShade/in000638.jpg,304,251,486,608,person
/home/tyrone1/lavkush/reshaped_image_dataset/shadow/peopleInShade/in000639.jpg,304,239,494,608,person
/home/tyrone1/lavkush/reshaped_image_dataset/shadow/peopleInShade/in000640.jpg,300,241,484,608,person
/home/tyrone1/lavkush/reshaped_image_dataset/shadow/peopleInShade/in000641.jpg,291,211,492,608,person
/home/tyrone1/lavkush/reshaped_image_dataset/shadow/peopleInShade/in000642.jpg,302,239,488,608,person
/home/tyrone1/lavkush/reshaped_image_dataset/shadow/peopleInShade/in000643.jpg,307,244,488,608,person
/home/tyrone1/lavkush/reshaped_image_dataset/shadow/peopleInShade/in000644.jpg,304,224,489,608,person
/home/tyrone1/lavkush/reshaped_image_dataset/shadow/peopleInShade/in000645.jpg,308,249,491,608,person
/home/tyrone1/lavkush/reshaped_image_dataset/shadow/peopleInShade/in000646.jpg,302,244,486,608,person
/home/tyrone1/lavkush/reshaped_image_dataset/shadow/peopleInShade/in000647.jpg,300,234,492,608,person
/home/tyrone1/lavkush/reshaped_image_dataset/shadow/peopleInShade/in000648.jpg,305,231,494,608,person
/home/tyrone1/lavkush/reshaped_image_dataset/shadow/peopleInShade/in000649.jpg,297,244,486,608,person
/home/tyrone1/lavkush/reshaped_image_dataset/shadow/peopleInShade/in000650.jpg,307,241,497,608,person
/home/tyrone1/lavkush/reshaped_image_dataset/shadow/peopleInShade/in000651.jpg,312,234,483,608,person
/home/tyrone1/lavkush/reshaped_image_dataset/shadow/peopleInShade/in000652.jpg,300,231,491,608,person
/home/tyrone1/lavkush/reshaped_image_dataset/shadow/peopleInShade/in000653.jpg,316,234,491,608,person
/home/tyrone1/lavkush/reshaped_image_dataset/shadow/peopleInShade/in000654.jpg,308,231,489,608,person
/home/tyrone1/lavkush/reshaped_image_dataset/shadow/peopleInShade/in000655.jpg,299,239,489,608,person
/home/tyrone1/lavkush/reshaped_image_dataset/shadow/peopleInShade/in000656.jpg,305,241,484,608,person
/home/tyrone1/lavkush/reshaped_image_dataset/shadow/peopleInShade/in000657.jpg,304,234,486,608,person
/home/tyrone1/lavkush/reshaped_image_dataset/shadow/peopleInShade/in000658.jpg,307,236,486,608,person
/home/tyrone1/lavkush/reshaped_image_dataset/shadow/peopleInShade/in000666.jpg,308,234,492,608,person
/home/tyrone1/lavkush/reshaped_image_dataset/shadow/peopleInShade/in000667.jpg,302,244,484,608,person
/home/tyrone1/lavkush/reshaped_image_dataset/shadow/peopleInShade/in000668.jpg,308,244,489,608,person
/home/tyrone1/lavkush/reshaped_image_dataset/shadow/peopleInShade/in000669.jpg,312,241,486,608,person
/home/tyrone1/lavkush/reshaped_image_dataset/shadow/peopleInShade/in000670.jpg,300,241,488,608,person
/home/tyrone1/lavkush/reshaped_image_dataset/shadow/peopleInShade/in000671.jpg,304,244,486,608,person
/home/tyrone1/lavkush/reshaped_image_dataset/shadow/peopleInShade/in000672.jpg,296,229,484,608,person
/home/tyrone1/lavkush/reshaped_image_dataset/shadow/peopleInShade/in000673.jpg,308,239,480,608,person
/home/tyrone1/lavkush/reshaped_image_dataset/shadow/peopleInShade/in000674.jpg,305,239,488,608,person
/home/tyrone1/lavkush/reshaped_image_dataset/shadow/peopleInShade/in000675.jpg,310,246,484,608,person
/home/tyrone1/lavkush/reshaped_image_dataset/shadow/peopleInShade/in000676.jpg,313,254,481,608,person
/home/tyrone1/lavkush/reshaped_image_dataset/shadow/peopleInShade/in000677.jpg,297,249,480,608,person
/home/tyrone1/lavkush/reshaped_image_dataset/shadow/peopleInShade/in000678.jpg,302,239,484,608,person
/home/tyrone1/lavkush/reshaped_image_dataset/shadow/peopleInShade/in000679.jpg,307,241,484,608,person
/home/tyrone1/lavkush/reshaped_image_dataset/shadow/peopleInShade/in000680.jpg,305,259,492,608,person
/home/tyrone1/lavkush/reshaped_image_dataset/shadow/peopleInShade/in000681.jpg,300,254,491,608,person
/home/tyrone1/lavkush/reshaped_image_dataset/shadow/peopleInShade/in000682.jpg,302,246,478,598,person
/home/tyrone1/lavkush/reshaped_image_dataset/shadow/peopleInShade/in000683.jpg,297,241,486,608,person
/home/tyrone1/lavkush/reshaped_image_dataset/shadow/peopleInShade/in000684.jpg,307,244,484,608,person
/home/tyrone1/lavkush/reshaped_image_dataset/shadow/peopleInShade/in000685.jpg,296,239,488,605,person
/home/tyrone1/lavkush/reshaped_image_dataset/shadow/peopleInShade/in000686.jpg,300,249,484,595,person
/home/tyrone1/lavkush/reshaped_image_dataset/shadow/peopleInShade/in000687.jpg,302,261,491,608,person
/home/tyrone1/lavkush/reshaped_image_dataset/shadow/peopleInShade/in000688.jpg,307,236,483,603,person
/home/tyrone1/lavkush/reshaped_image_dataset/shadow/peopleInShade/in000689.jpg,312,244,483,608,person
/home/tyrone1/lavkush/reshaped_image_dataset/shadow/peopleInShade/in000690.jpg,307,241,481,605,person
/home/tyrone1/lavkush/reshaped_image_dataset/shadow/peopleInShade/in000691.jpg,291,246,481,608,person
/home/tyrone1/lavkush/reshaped_image_dataset/shadow/peopleInShade/in000692.jpg,310,254,484,608,person
/home/tyrone1/lavkush/reshaped_image_dataset/shadow/peopleInShade/in000693.jpg,305,254,483,608,person
/home/tyrone1/lavkush/reshaped_image_dataset/shadow/peopleInShade/in000694.jpg,304,244,483,608,person
/home/tyrone1/lavkush/reshaped_image_dataset/shadow/peopleInShade/in000695.jpg,307,249,481,608,person
/home/tyrone1/lavkush/reshaped_image_dataset/shadow/peopleInShade/in000696.jpg,307,241,484,608,person
/home/tyrone1/lavkush/reshaped_image_dataset/shadow/peopleInShade/in000697.jpg,307,246,462,608,person
/home/tyrone1/lavkush/reshaped_image_dataset/shadow/peopleInShade/in000698.jpg,299,251,486,608,person
/home/tyrone1/lavkush/reshaped_image_dataset/shadow/peopleInShade/in000699.jpg,304,246,476,608,person
/home/tyrone1/lavkush/reshaped_image_dataset/shadow/peopleInShade/in000700.jpg,307,239,481,608,person
/home/tyrone1/lavkush/reshaped_image_dataset/shadow/peopleInShade/in000701.jpg,300,246,473,608,person
/home/tyrone1/lavkush/reshaped_image_dataset/shadow/peopleInShade/in000702.jpg,307,241,472,608,person
/home/tyrone1/lavkush/reshaped_image_dataset/shadow/peopleInShade/in000703.jpg,308,231,481,605,person
/home/tyrone1/lavkush/reshaped_image_dataset/shadow/peopleInShade/in000704.jpg,310,231,486,608,person
/home/tyrone1/lavkush/reshaped_image_dataset/shadow/peopleInShade/in000705.jpg,316,231,504,608,person
/home/tyrone1/lavkush/reshaped_image_dataset/shadow/peopleInShade/in000706.jpg,304,231,476,608,person
/home/tyrone1/lavkush/reshaped_image_dataset/shadow/peopleInShade/in000707.jpg,315,226,478,608,person
/home/tyrone1/lavkush/reshaped_image_dataset/shadow/peopleInShade/in000708.jpg,312,234,484,603,person
/home/tyrone1/lavkush/reshaped_image_dataset/shadow/peopleInShade/in000709.jpg,312,229,502,608,person
/home/tyrone1/lavkush/reshaped_image_dataset/shadow/peopleInShade/in000710.jpg,313,236,484,608,person
/home/tyrone1/lavkush/reshaped_image_dataset/shadow/peopleInShade/in000711.jpg,310,239,484,603,person
/home/tyrone1/lavkush/reshaped_image_dataset/shadow/peopleInShade/in000712.jpg,312,236,478,608,person
/home/tyrone1/lavkush/reshaped_image_dataset/shadow/peopleInShade/in000713.jpg,312,239,478,608,person
/home/tyrone1/lavkush/reshaped_image_dataset/shadow/peopleInShade/in000714.jpg,312,249,480,600,person
/home/tyrone1/lavkush/reshaped_image_dataset/shadow/peopleInShade/in000715.jpg,313,241,481,608,person
/home/tyrone1/lavkush/reshaped_image_dataset/shadow/peopleInShade/in000716.jpg,312,239,483,608,person
/home/tyrone1/lavkush/reshaped_image_dataset/shadow/peopleInShade/in000717.jpg,307,246,484,608,person
/home/tyrone1/lavkush/reshaped_image_dataset/shadow/peopleInShade/in000718.jpg,313,246,481,608,person
/home/tyrone1/lavkush/reshaped_image_dataset/shadow/peopleInShade/in000719.jpg,300,241,484,600,person
/home/tyrone1/lavkush/reshaped_image_dataset/shadow/peopleInShade/in000720.jpg,318,234,488,608,person
/home/tyrone1/lavkush/reshaped_image_dataset/shadow/peopleInShade/in000721.jpg,310,239,486,605,person
/home/tyrone1/lavkush/reshaped_image_dataset/shadow/peopleInShade/in000722.jpg,316,254,483,608,person
/home/tyrone1/lavkush/reshaped_image_dataset/shadow/peopleInShade/in000723.jpg,312,246,484,605,person
/home/tyrone1/lavkush/reshaped_image_dataset/shadow/peopleInShade/in000724.jpg,310,241,488,603,person
/home/tyrone1/lavkush/reshaped_image_dataset/shadow/peopleInShade/in000725.jpg,304,246,483,608,person
/home/tyrone1/lavkush/reshaped_image_dataset/shadow/peopleInShade/in000726.jpg,318,236,484,608,person
/home/tyrone1/lavkush/reshaped_image_dataset/shadow/peopleInShade/in000727.jpg,315,236,478,608,person
/home/tyrone1/lavkush/reshaped_image_dataset/shadow/peopleInShade/in000728.jpg,308,236,481,608,person
/home/tyrone1/lavkush/reshaped_image_dataset/shadow/peopleInShade/in000729.jpg,315,231,486,608,person
/home/tyrone1/lavkush/reshaped_image_dataset/shadow/peopleInShade/in000730.jpg,305,231,484,608,person
/home/tyrone1/lavkush/reshaped_image_dataset/shadow/peopleInShade/in000731.jpg,310,234,483,608,person
/home/tyrone1/lavkush/reshaped_image_dataset/shadow/peopleInShade/in000732.jpg,308,236,480,608,person
/home/tyrone1/lavkush/reshaped_image_dataset/shadow/peopleInShade/in000733.jpg,310,241,472,608,person
/home/tyrone1/lavkush/reshaped_image_dataset/shadow/peopleInShade/in000734.jpg,304,241,478,608,person
/home/tyrone1/lavkush/reshaped_image_dataset/shadow/peopleInShade/in000735.jpg,304,241,481,608,person
/home/tyrone1/lavkush/reshaped_image_dataset/shadow/peopleInShade/in000736.jpg,299,246,488,608,person
/home/tyrone1/lavkush/reshaped_image_dataset/shadow/peopleInShade/in000737.jpg,308,249,486,608,person
/home/tyrone1/lavkush/reshaped_image_dataset/shadow/peopleInShade/in000738.jpg,300,244,478,608,person
/home/tyrone1/lavkush/reshaped_image_dataset/shadow/peopleInShade/in000739.jpg,312,251,476,608,person
/home/tyrone1/lavkush/reshaped_image_dataset/shadow/peopleInShade/in000740.jpg,304,244,481,608,person
/home/tyrone1/lavkush/reshaped_image_dataset/shadow/peopleInShade/in000741.jpg,300,231,489,608,person
/home/tyrone1/lavkush/reshaped_image_dataset/shadow/peopleInShade/in000742.jpg,302,246,491,608,person
/home/tyrone1/lavkush/reshaped_image_dataset/shadow/peopleInShade/in000743.jpg,296,229,481,608,person
/home/tyrone1/lavkush/reshaped_image_dataset/shadow/peopleInShade/in000744.jpg,300,234,476,595,person
/home/tyrone1/lavkush/reshaped_image_dataset/shadow/peopleInShade/in000745.jpg,308,241,476,603,person
/home/tyrone1/lavkush/reshaped_image_dataset/shadow/peopleInShade/in000746.jpg,300,229,472,608,person
/home/tyrone1/lavkush/reshaped_image_dataset/shadow/peopleInShade/in000747.jpg,302,234,478,608,person
/home/tyrone1/lavkush/reshaped_image_dataset/shadow/peopleInShade/in000748.jpg,297,234,480,608,person
/home/tyrone1/lavkush/reshaped_image_dataset/shadow/peopleInShade/in000749.jpg,294,234,475,608,person
/home/tyrone1/lavkush/reshaped_image_dataset/shadow/peopleInShade/in000750.jpg,297,236,475,608,person
/home/tyrone1/lavkush/reshaped_image_dataset/shadow/peopleInShade/in000751.jpg,294,231,468,608,person
/home/tyrone1/lavkush/reshaped_image_dataset/shadow/peopleInShade/in000752.jpg,275,211,475,590,person
/home/tyrone1/lavkush/reshaped_image_dataset/shadow/peopleInShade/in000753.jpg,278,236,459,608,person
/home/tyrone1/lavkush/reshaped_image_dataset/shadow/peopleInShade/in000754.jpg,281,219,462,605,person
/home/tyrone1/lavkush/reshaped_image_dataset/shadow/peopleInShade/in000755.jpg,283,226,454,608,person
/home/tyrone1/lavkush/reshaped_image_dataset/shadow/peopleInShade/in000756.jpg,254,219,464,608,person
/home/tyrone1/lavkush/reshaped_image_dataset/shadow/peopleInShade/in000757.jpg,265,219,454,608,person
/home/tyrone1/lavkush/reshaped_image_dataset/shadow/peopleInShade/in000758.jpg,270,219,456,608,person
/home/tyrone1/lavkush/reshaped_image_dataset/shadow/peopleInShade/in000759.jpg,265,221,449,608,person
/home/tyrone1/lavkush/reshaped_image_dataset/shadow/peopleInShade/in000760.jpg,260,219,446,608,person
/home/tyrone1/lavkush/reshaped_image_dataset/shadow/peopleInShade/in000761.jpg,257,226,448,608,person
/home/tyrone1/lavkush/reshaped_image_dataset/shadow/peopleInShade/in000762.jpg,257,221,446,608,person
/home/tyrone1/lavkush/reshaped_image_dataset/shadow/peopleInShade/in000763.jpg,249,216,451,608,person
/home/tyrone1/lavkush/reshaped_image_dataset/shadow/peopleInShade/in000764.jpg,254,214,449,608,person
/home/tyrone1/lavkush/reshaped_image_dataset/shadow/peopleInShade/in000765.jpg,252,214,444,608,person
/home/tyrone1/lavkush/reshaped_image_dataset/shadow/peopleInShade/in000766.jpg,257,196,444,600,person
/home/tyrone1/lavkush/reshaped_image_dataset/shadow/peopleInShade/in000767.jpg,254,206,441,608,person
/home/tyrone1/lavkush/reshaped_image_dataset/shadow/peopleInShade/in000768.jpg,246,221,440,608,person
/home/tyrone1/lavkush/reshaped_image_dataset/shadow/peopleInShade/in000769.jpg,246,216,440,600,person
/home/tyrone1/lavkush/reshaped_image_dataset/shadow/peopleInShade/in000770.jpg,249,216,440,608,person
/home/tyrone1/lavkush/reshaped_image_dataset/shadow/peopleInShade/in000771.jpg,244,206,440,608,person
/home/tyrone1/lavkush/reshaped_image_dataset/shadow/peopleInShade/in000772.jpg,241,211,443,608,person
/home/tyrone1/lavkush/reshaped_image_dataset/shadow/peopleInShade/in000773.jpg,244,199,435,608,person
/home/tyrone1/lavkush/reshaped_image_dataset/shadow/peopleInShade/in000774.jpg,244,206,432,608,person
/home/tyrone1/lavkush/reshaped_image_dataset/shadow/peopleInShade/in000775.jpg,246,206,425,608,person
/home/tyrone1/lavkush/reshaped_image_dataset/shadow/peopleInShade/in000776.jpg,238,189,414,608,person
/home/tyrone1/lavkush/reshaped_image_dataset/shadow/peopleInShade/in000777.jpg,240,194,411,608,person
/home/tyrone1/lavkush/reshaped_image_dataset/shadow/peopleInShade/in000778.jpg,219,176,400,608,person
/home/tyrone1/lavkush/reshaped_image_dataset/shadow/peopleInShade/in000779.jpg,236,191,393,608,person
/home/tyrone1/lavkush/reshaped_image_dataset/shadow/peopleInShade/in000780.jpg,222,179,371,608,person
/home/tyrone1/lavkush/reshaped_image_dataset/shadow/peopleInShade/in000781.jpg,209,186,372,608,person
/home/tyrone1/lavkush/reshaped_image_dataset/shadow/peopleInShade/in000782.jpg,198,181,336,608,person
/home/tyrone1/lavkush/reshaped_image_dataset/shadow/peopleInShade/in000783.jpg,187,174,334,608,person
/home/tyrone1/lavkush/reshaped_image_dataset/shadow/peopleInShade/in000784.jpg,172,174,340,608,person
/home/tyrone1/lavkush/reshaped_image_dataset/shadow/peopleInShade/in000785.jpg,156,164,294,603,person
/home/tyrone1/lavkush/reshaped_image_dataset/shadow/peopleInShade/in000786.jpg,161,164,305,603,person
/home/tyrone1/lavkush/reshaped_image_dataset/shadow/peopleInShade/in000787.jpg,156,161,299,608,person
/home/tyrone1/lavkush/reshaped_image_dataset/shadow/peopleInShade/in000788.jpg,131,161,278,608,person
/home/tyrone1/lavkush/reshaped_image_dataset/shadow/peopleInShade/in000789.jpg,104,159,273,608,person
/home/tyrone1/lavkush/reshaped_image_dataset/shadow/peopleInShade/in000790.jpg,91,164,265,608,person
/home/tyrone1/lavkush/reshaped_image_dataset/shadow/peopleInShade/in000791.jpg,89,154,265,608,person
/home/tyrone1/lavkush/reshaped_image_dataset/shadow/peopleInShade/in000792.jpg,75,169,272,608,person
/home/tyrone1/lavkush/reshaped_image_dataset/shadow/peopleInShade/in000793.jpg,9,174,251,608,person
/home/tyrone1/lavkush/reshaped_image_dataset/shadow/peopleInShade/in000794.jpg,0,179,246,608,person
/home/tyrone1/lavkush/reshaped_image_dataset/shadow/peopleInShade/in000795.jpg,0,174,232,608,person
/home/tyrone1/lavkush/reshaped_image_dataset/shadow/peopleInShade/in000796.jpg,0,179,216,608,person
/home/tyrone1/lavkush/reshaped_image_dataset/shadow/peopleInShade/in000797.jpg,0,174,209,608,person
/home/tyrone1/lavkush/reshaped_image_dataset/shadow/peopleInShade/in000798.jpg,0,174,172,608,person
/home/tyrone1/lavkush/reshaped_image_dataset/shadow/peopleInShade/in000799.jpg,1,174,179,608,person
/home/tyrone1/lavkush/reshaped_image_dataset/shadow/peopleInShade/in000800.jpg,0,166,129,608,person
/home/tyrone1/lavkush/reshaped_image_dataset/shadow/peopleInShade/in000801.jpg,0,164,126,603,person
/home/tyrone1/lavkush/reshaped_image_dataset/shadow/peopleInShade/in000802.jpg,0,234,96,608,person
/home/tyrone1/lavkush/reshaped_image_dataset/shadow/peopleInShade/in000803.jpg,0,231,96,608,person
/home/tyrone1/lavkush/reshaped_image_dataset/shadow/peopleInShade/in000835.jpg,534,184,608,608,person
/home/tyrone1/lavkush/reshaped_image_dataset/shadow/peopleInShade/in000836.jpg,542,186,608,608,person
/home/tyrone1/lavkush/reshaped_image_dataset/shadow/peopleInShade/in000837.jpg,544,174,608,608,person
/home/tyrone1/lavkush/reshaped_image_dataset/shadow/peopleInShade/in000838.jpg,524,174,608,608,person
/home/tyrone1/lavkush/reshaped_image_dataset/shadow/peopleInShade/in000839.jpg,510,174,608,608,person
/home/tyrone1/lavkush/reshaped_image_dataset/shadow/peopleInShade/in000840.jpg,518,184,608,608,person
/home/tyrone1/lavkush/reshaped_image_dataset/shadow/peopleInShade/in000841.jpg,500,181,608,608,person
/home/tyrone1/lavkush/reshaped_image_dataset/shadow/peopleInShade/in000842.jpg,491,184,608,608,person
/home/tyrone1/lavkush/reshaped_image_dataset/shadow/peopleInShade/in000843.jpg,483,181,608,608,person
/home/tyrone1/lavkush/reshaped_image_dataset/shadow/peopleInShade/in000844.jpg,454,184,608,608,person
/home/tyrone1/lavkush/reshaped_image_dataset/shadow/peopleInShade/in000845.jpg,465,171,608,608,person
/home/tyrone1/lavkush/reshaped_image_dataset/shadow/peopleInShade/in000846.jpg,409,186,606,608,person
/home/tyrone1/lavkush/reshaped_image_dataset/shadow/peopleInShade/in000847.jpg,411,179,593,608,person
/home/tyrone1/lavkush/reshaped_image_dataset/shadow/peopleInShade/in000848.jpg,393,174,577,608,person
/home/tyrone1/lavkush/reshaped_image_dataset/shadow/peopleInShade/in000849.jpg,392,171,584,608,person
/home/tyrone1/lavkush/reshaped_image_dataset/shadow/peopleInShade/in000850.jpg,398,174,571,608,person
/home/tyrone1/lavkush/reshaped_image_dataset/shadow/peopleInShade/in000851.jpg,398,179,550,608,person
/home/tyrone1/lavkush/reshaped_image_dataset/shadow/peopleInShade/in000852.jpg,396,181,547,608,person
/home/tyrone1/lavkush/reshaped_image_dataset/shadow/peopleInShade/in000853.jpg,388,164,556,608,person
/home/tyrone1/lavkush/reshaped_image_dataset/shadow/peopleInShade/in000854.jpg,382,174,545,608,person
/home/tyrone1/lavkush/reshaped_image_dataset/shadow/peopleInShade/in000855.jpg,376,171,540,608,person
/home/tyrone1/lavkush/reshaped_image_dataset/shadow/peopleInShade/in000856.jpg,368,174,540,608,person
/home/tyrone1/lavkush/reshaped_image_dataset/shadow/peopleInShade/in000857.jpg,369,179,545,608,person
/home/tyrone1/lavkush/reshaped_image_dataset/shadow/peopleInShade/in000858.jpg,368,186,531,608,person
/home/tyrone1/lavkush/reshaped_image_dataset/shadow/peopleInShade/in000859.jpg,356,186,526,583,person
/home/tyrone1/lavkush/reshaped_image_dataset/shadow/peopleInShade/in000860.jpg,342,191,531,608,person
/home/tyrone1/lavkush/reshaped_image_dataset/shadow/peopleInShade/in000861.jpg,342,201,534,608,person
/home/tyrone1/lavkush/reshaped_image_dataset/shadow/peopleInShade/in000862.jpg,358,206,532,608,person
/home/tyrone1/lavkush/reshaped_image_dataset/shadow/peopleInShade/in000863.jpg,339,199,526,608,person
/home/tyrone1/lavkush/reshaped_image_dataset/shadow/peopleInShade/in000864.jpg,345,209,526,600,person
/home/tyrone1/lavkush/reshaped_image_dataset/shadow/peopleInShade/in000865.jpg,328,199,521,608,person
/home/tyrone1/lavkush/reshaped_image_dataset/shadow/peopleInShade/in000866.jpg,347,206,540,608,person
/home/tyrone1/lavkush/reshaped_image_dataset/shadow/peopleInShade/in000867.jpg,329,191,524,603,person
/home/tyrone1/lavkush/reshaped_image_dataset/shadow/peopleInShade/in000868.jpg,334,209,518,608,person
/home/tyrone1/lavkush/reshaped_image_dataset/shadow/peopleInShade/in000869.jpg,324,219,515,608,person
/home/tyrone1/lavkush/reshaped_image_dataset/shadow/peopleInShade/in000870.jpg,318,226,499,608,person
/home/tyrone1/lavkush/reshaped_image_dataset/shadow/peopleInShade/in000871.jpg,315,226,502,608,person
/home/tyrone1/lavkush/reshaped_image_dataset/shadow/peopleInShade/in000872.jpg,307,236,507,605,person
/home/tyrone1/lavkush/reshaped_image_dataset/shadow/peopleInShade/in000873.jpg,307,254,496,608,person
/home/tyrone1/lavkush/reshaped_image_dataset/shadow/peopleInShade/in000874.jpg,297,246,486,608,person
/home/tyrone1/lavkush/reshaped_image_dataset/shadow/peopleInShade/in000875.jpg,267,231,475,608,person
/home/tyrone1/lavkush/reshaped_image_dataset/shadow/peopleInShade/in000876.jpg,267,241,460,608,person
/home/tyrone1/lavkush/reshaped_image_dataset/shadow/peopleInShade/in000877.jpg,259,264,452,608,person
/home/tyrone1/lavkush/reshaped_image_dataset/shadow/peopleInShade/in000878.jpg,254,251,457,608,person
/home/tyrone1/lavkush/reshaped_image_dataset/shadow/peopleInShade/in000879.jpg,240,274,448,608,person
/home/tyrone1/lavkush/reshaped_image_dataset/shadow/peopleInShade/in000880.jpg,224,259,441,608,person
/home/tyrone1/lavkush/reshaped_image_dataset/shadow/peopleInShade/in000881.jpg,235,271,440,608,person
/home/tyrone1/lavkush/reshaped_image_dataset/shadow/peopleInShade/in000882.jpg,233,274,436,608,person
/home/tyrone1/lavkush/reshaped_image_dataset/shadow/peopleInShade/in000883.jpg,225,291,443,605,person
/home/tyrone1/lavkush/reshaped_image_dataset/shadow/peopleInShade/in000884.jpg,230,279,448,608,person
/home/tyrone1/lavkush/reshaped_image_dataset/shadow/peopleInShade/in000885.jpg,227,286,454,608,person
/home/tyrone1/lavkush/reshaped_image_dataset/shadow/peopleInShade/in000886.jpg,217,266,454,605,person
/home/tyrone1/lavkush/reshaped_image_dataset/shadow/peopleInShade/in000887.jpg,244,308,457,605,person
/home/tyrone1/lavkush/reshaped_image_dataset/shadow/peopleInShade/in000888.jpg,244,281,481,608,person
/home/tyrone1/lavkush/reshaped_image_dataset/shadow/peopleInShade/in000889.jpg,276,308,481,608,person
/home/tyrone1/lavkush/reshaped_image_dataset/shadow/peopleInShade/in000890.jpg,256,308,480,608,person
/home/tyrone1/lavkush/reshaped_image_dataset/shadow/peopleInShade/in000891.jpg,275,326,492,598,person
/home/tyrone1/lavkush/reshaped_image_dataset/shadow/peopleInShade/in000892.jpg,278,331,497,608,person
/home/tyrone1/lavkush/reshaped_image_dataset/shadow/peopleInShade/in000893.jpg,291,331,496,608,person
/home/tyrone1/lavkush/reshaped_image_dataset/shadow/peopleInShade/in000894.jpg,286,328,504,603,person
/home/tyrone1/lavkush/reshaped_image_dataset/shadow/peopleInShade/in000895.jpg,270,316,502,608,person
/home/tyrone1/lavkush/reshaped_image_dataset/shadow/peopleInShade/in000896.jpg,280,328,502,600,person
/home/tyrone1/lavkush/reshaped_image_dataset/shadow/peopleInShade/in000897.jpg,291,333,505,608,person
/home/tyrone1/lavkush/reshaped_image_dataset/shadow/peopleInShade/in000898.jpg,276,326,513,608,person
/home/tyrone1/lavkush/reshaped_image_dataset/shadow/peopleInShade/in000899.jpg,265,313,502,600,person
/home/tyrone1/lavkush/reshaped_image_dataset/shadow/peopleInShade/in000900.jpg,288,328,504,608,person
/home/tyrone1/lavkush/reshaped_image_dataset/shadow/peopleInShade/in000901.jpg,278,316,500,608,person
/home/tyrone1/lavkush/reshaped_image_dataset/shadow/peopleInShade/in000902.jpg,283,321,504,603,person
/home/tyrone1/lavkush/reshaped_image_dataset/shadow/peopleInShade/in000903.jpg,283,331,510,608,person
/home/tyrone1/lavkush/reshaped_image_dataset/shadow/peopleInShade/in000904.jpg,278,318,491,608,person
/home/tyrone1/lavkush/reshaped_image_dataset/shadow/peopleInShade/in000905.jpg,275,316,502,600,person
/home/tyrone1/lavkush/reshaped_image_dataset/shadow/peopleInShade/in000906.jpg,272,331,497,608,person
/home/tyrone1/lavkush/reshaped_image_dataset/shadow/peopleInShade/in000907.jpg,270,299,491,605,person
/home/tyrone1/lavkush/reshaped_image_dataset/shadow/peopleInShade/in000908.jpg,273,318,497,608,person
/home/tyrone1/lavkush/reshaped_image_dataset/shadow/peopleInShade/in000909.jpg,273,326,499,608,person
/home/tyrone1/lavkush/reshaped_image_dataset/shadow/peopleInShade/in000910.jpg,278,299,504,608,person
/home/tyrone1/lavkush/reshaped_image_dataset/shadow/peopleInShade/in000911.jpg,281,301,500,608,person
/home/tyrone1/lavkush/reshaped_image_dataset/shadow/peopleInShade/in000912.jpg,265,291,507,608,person
/home/tyrone1/lavkush/reshaped_image_dataset/shadow/peopleInShade/in000913.jpg,291,306,504,608,person
/home/tyrone1/lavkush/reshaped_image_dataset/shadow/peopleInShade/in000914.jpg,286,291,513,608,person
/home/tyrone1/lavkush/reshaped_image_dataset/shadow/peopleInShade/in000915.jpg,268,299,508,608,person
/home/tyrone1/lavkush/reshaped_image_dataset/shadow/peopleInShade/in000916.jpg,283,294,513,608,person
/home/tyrone1/lavkush/reshaped_image_dataset/shadow/peopleInShade/in000917.jpg,275,289,520,608,person
/home/tyrone1/lavkush/reshaped_image_dataset/shadow/peopleInShade/in000918.jpg,286,291,513,608,person
/home/tyrone1/lavkush/reshaped_image_dataset/shadow/peopleInShade/in000919.jpg,283,294,521,608,person
/home/tyrone1/lavkush/reshaped_image_dataset/shadow/peopleInShade/in000920.jpg,278,294,516,600,person
/home/tyrone1/lavkush/reshaped_image_dataset/shadow/peopleInShade/in000921.jpg,297,291,518,600,person
/home/tyrone1/lavkush/reshaped_image_dataset/shadow/peopleInShade/in000922.jpg,280,284,518,608,person
/home/tyrone1/lavkush/reshaped_image_dataset/shadow/peopleInShade/in000923.jpg,291,291,518,608,person
/home/tyrone1/lavkush/reshaped_image_dataset/shadow/peopleInShade/in000924.jpg,296,296,508,608,person
/home/tyrone1/lavkush/reshaped_image_dataset/shadow/peopleInShade/in000925.jpg,297,286,512,598,person
/home/tyrone1/lavkush/reshaped_image_dataset/shadow/peopleInShade/in000926.jpg,291,281,520,608,person
/home/tyrone1/lavkush/reshaped_image_dataset/shadow/peopleInShade/in000927.jpg,296,284,515,608,person
/home/tyrone1/lavkush/reshaped_image_dataset/shadow/peopleInShade/in000928.jpg,283,274,504,608,person
/home/tyrone1/lavkush/reshaped_image_dataset/shadow/peopleInShade/in000929.jpg,299,286,500,605,person
/home/tyrone1/lavkush/reshaped_image_dataset/shadow/peopleInShade/in000930.jpg,286,286,497,603,person
/home/tyrone1/lavkush/reshaped_image_dataset/shadow/peopleInShade/in000931.jpg,289,276,496,608,person
/home/tyrone1/lavkush/reshaped_image_dataset/shadow/peopleInShade/in000932.jpg,273,281,481,603,person
/home/tyrone1/lavkush/reshaped_image_dataset/shadow/peopleInShade/in000933.jpg,272,286,470,608,person
/home/tyrone1/lavkush/reshaped_image_dataset/shadow/peopleInShade/in000934.jpg,256,261,451,608,person
/home/tyrone1/lavkush/reshaped_image_dataset/shadow/peopleInShade/in000935.jpg,254,259,459,608,person
/home/tyrone1/lavkush/reshaped_image_dataset/shadow/peopleInShade/in000936.jpg,248,274,448,603,person
/home/tyrone1/lavkush/reshaped_image_dataset/shadow/peopleInShade/in000937.jpg,246,261,433,600,person
/home/tyrone1/lavkush/reshaped_image_dataset/shadow/peopleInShade/in000938.jpg,244,251,424,608,person
/home/tyrone1/lavkush/reshaped_image_dataset/shadow/peopleInShade/in000939.jpg,238,249,430,608,person
/home/tyrone1/lavkush/reshaped_image_dataset/shadow/peopleInShade/in000940.jpg,236,246,411,608,person
/home/tyrone1/lavkush/reshaped_image_dataset/shadow/peopleInShade/in000941.jpg,227,246,417,600,person
/home/tyrone1/lavkush/reshaped_image_dataset/shadow/peopleInShade/in000942.jpg,227,241,400,593,person
/home/tyrone1/lavkush/reshaped_image_dataset/shadow/peopleInShade/in000943.jpg,222,241,392,608,person
/home/tyrone1/lavkush/reshaped_image_dataset/shadow/peopleInShade/in000944.jpg,224,246,387,608,person
/home/tyrone1/lavkush/reshaped_image_dataset/shadow/peopleInShade/in000945.jpg,204,241,374,608,person
/home/tyrone1/lavkush/reshaped_image_dataset/shadow/peopleInShade/in000946.jpg,204,249,360,608,person
/home/tyrone1/lavkush/reshaped_image_dataset/shadow/peopleInShade/in000947.jpg,187,254,347,608,person
/home/tyrone1/lavkush/reshaped_image_dataset/shadow/peopleInShade/in000948.jpg,184,274,352,605,person
/home/tyrone1/lavkush/reshaped_image_dataset/shadow/peopleInShade/in000949.jpg,193,266,348,608,person
/home/tyrone1/lavkush/reshaped_image_dataset/shadow/peopleInShade/in000950.jpg,168,276,320,608,person
/home/tyrone1/lavkush/reshaped_image_dataset/shadow/peopleInShade/in000951.jpg,144,264,308,603,person
/home/tyrone1/lavkush/reshaped_image_dataset/shadow/peopleInShade/in000952.jpg,148,276,300,598,person
/home/tyrone1/lavkush/reshaped_image_dataset/shadow/peopleInShade/in000953.jpg,131,284,288,605,person
/home/tyrone1/lavkush/reshaped_image_dataset/shadow/peopleInShade/in000954.jpg,121,286,294,605,person
/home/tyrone1/lavkush/reshaped_image_dataset/shadow/peopleInShade/in000955.jpg,113,289,256,593,person
/home/tyrone1/lavkush/reshaped_image_dataset/shadow/peopleInShade/in000956.jpg,104,279,264,603,person
/home/tyrone1/lavkush/reshaped_image_dataset/shadow/peopleInShade/in000957.jpg,76,286,264,603,person
/home/tyrone1/lavkush/reshaped_image_dataset/shadow/peopleInShade/in000958.jpg,91,286,260,600,person
/home/tyrone1/lavkush/reshaped_image_dataset/shadow/peopleInShade/in000959.jpg,75,284,243,608,person
/home/tyrone1/lavkush/reshaped_image_dataset/shadow/peopleInShade/in000960.jpg,64,301,230,598,person
/home/tyrone1/lavkush/reshaped_image_dataset/shadow/peopleInShade/in000961.jpg,56,279,214,603,person
/home/tyrone1/lavkush/reshaped_image_dataset/shadow/peopleInShade/in000962.jpg,30,294,201,608,person
/home/tyrone1/lavkush/reshaped_image_dataset/shadow/peopleInShade/in000963.jpg,16,291,188,603,person
/home/tyrone1/lavkush/reshaped_image_dataset/shadow/peopleInShade/in000964.jpg,30,281,185,608,person
/home/tyrone1/lavkush/reshaped_image_dataset/shadow/peopleInShade/in000965.jpg,0,276,177,603,person
/home/tyrone1/lavkush/reshaped_image_dataset/shadow/peopleInShade/in000966.jpg,0,274,155,608,person
/home/tyrone1/lavkush/reshaped_image_dataset/shadow/peopleInShade/in000967.jpg,0,274,147,608,person
/home/tyrone1/lavkush/reshaped_image_dataset/shadow/peopleInShade/in000970.jpg,1,269,145,608,person
/home/tyrone1/lavkush/reshaped_image_dataset/shadow/peopleInShade/in000971.jpg,0,276,105,608,person
/home/tyrone1/lavkush/reshaped_image_dataset/shadow/peopleInShade/in000972.jpg,1,299,102,608,person
/home/tyrone1/lavkush/reshaped_image_dataset/shadow/peopleInShade/in000973.jpg,1,304,113,608,person
/home/tyrone1/lavkush/reshaped_image_dataset/shadow/peopleInShade/in000974.jpg,1,318,84,608,person
/home/tyrone1/lavkush/reshaped_image_dataset/shadow/peopleInShade/in001064.jpg,510,17,608,426,person
/home/tyrone1/lavkush/reshaped_image_dataset/shadow/peopleInShade/in001065.jpg,505,4,608,411,person
/home/tyrone1/lavkush/reshaped_image_dataset/shadow/peopleInShade/in001066.jpg,504,14,608,413,person
/home/tyrone1/lavkush/reshaped_image_dataset/shadow/peopleInShade/in001067.jpg,505,24,608,408,person
/home/tyrone1/lavkush/reshaped_image_dataset/shadow/peopleInShade/in001068.jpg,484,9,606,413,person
/home/tyrone1/lavkush/reshaped_image_dataset/shadow/peopleInShade/in001069.jpg,462,9,579,431,person
/home/tyrone1/lavkush/reshaped_image_dataset/shadow/peopleInShade/in001070.jpg,416,17,560,428,person
/home/tyrone1/lavkush/reshaped_image_dataset/shadow/peopleInShade/in001071.jpg,395,17,536,413,person
/home/tyrone1/lavkush/reshaped_image_dataset/shadow/peopleInShade/in001071.jpg,436,94,579,535,person
/home/tyrone1/lavkush/reshaped_image_dataset/shadow/peopleInShade/in001072.jpg,403,17,539,416,person
/home/tyrone1/lavkush/reshaped_image_dataset/shadow/peopleInShade/in001072.jpg,414,82,582,538,person
/home/tyrone1/lavkush/reshaped_image_dataset/shadow/peopleInShade/in001073.jpg,374,14,513,413,person
/home/tyrone1/lavkush/reshaped_image_dataset/shadow/peopleInShade/in001073.jpg,404,82,569,530,person
/home/tyrone1/lavkush/reshaped_image_dataset/shadow/peopleInShade/in001074.jpg,380,17,502,433,person
/home/tyrone1/lavkush/reshaped_image_dataset/shadow/peopleInShade/in001074.jpg,400,77,564,523,person
/home/tyrone1/lavkush/reshaped_image_dataset/shadow/peopleInShade/in001075.jpg,379,17,521,408,person
/home/tyrone1/lavkush/reshaped_image_dataset/shadow/peopleInShade/in001075.jpg,401,87,545,533,person
/home/tyrone1/lavkush/reshaped_image_dataset/shadow/peopleInShade/in001076.jpg,385,7,523,426,person
/home/tyrone1/lavkush/reshaped_image_dataset/shadow/peopleInShade/in001076.jpg,395,82,547,525,person
/home/tyrone1/lavkush/reshaped_image_dataset/shadow/peopleInShade/in001077.jpg,388,9,491,431,person
/home/tyrone1/lavkush/reshaped_image_dataset/shadow/peopleInShade/in001077.jpg,406,84,512,523,person
/home/tyrone1/lavkush/reshaped_image_dataset/shadow/peopleInShade/in001078.jpg,371,14,470,391,person
/home/tyrone1/lavkush/reshaped_image_dataset/shadow/peopleInShade/in001078.jpg,377,89,484,540,person
/home/tyrone1/lavkush/reshaped_image_dataset/shadow/peopleInShade/in001079.jpg,364,7,448,368,person
/home/tyrone1/lavkush/reshaped_image_dataset/shadow/peopleInShade/in001079.jpg,355,84,459,543,person
/home/tyrone1/lavkush/reshaped_image_dataset/shadow/peopleInShade/in001080.jpg,363,79,456,550,person
/home/tyrone1/lavkush/reshaped_image_dataset/shadow/peopleInShade/in001080.jpg,360,4,462,428,person
/home/tyrone1/lavkush/reshaped_image_dataset/shadow/peopleInShade/in001081.jpg,315,82,454,543,person
/home/tyrone1/lavkush/reshaped_image_dataset/shadow/peopleInShade/in001081.jpg,315,7,440,421,person
/home/tyrone1/lavkush/reshaped_image_dataset/shadow/peopleInShade/in001082.jpg,275,17,436,383,person
/home/tyrone1/lavkush/reshaped_image_dataset/shadow/peopleInShade/in001082.jpg,283,87,454,530,person
/home/tyrone1/lavkush/reshaped_image_dataset/shadow/peopleInShade/in001083.jpg,270,9,441,418,person
/home/tyrone1/lavkush/reshaped_image_dataset/shadow/peopleInShade/in001083.jpg,275,92,451,545,person
/home/tyrone1/lavkush/reshaped_image_dataset/shadow/peopleInShade/in001084.jpg,273,92,467,540,person
/home/tyrone1/lavkush/reshaped_image_dataset/shadow/peopleInShade/in001084.jpg,276,12,441,428,person
/home/tyrone1/lavkush/reshaped_image_dataset/shadow/peopleInShade/in001085.jpg,260,12,438,426,person
/home/tyrone1/lavkush/reshaped_image_dataset/shadow/peopleInShade/in001085.jpg,262,87,440,558,person
/home/tyrone1/lavkush/reshaped_image_dataset/shadow/peopleInShade/in001086.jpg,256,84,390,568,person
/home/tyrone1/lavkush/reshaped_image_dataset/shadow/peopleInShade/in001086.jpg,254,17,417,416,person
/home/tyrone1/lavkush/reshaped_image_dataset/shadow/peopleInShade/in001087.jpg,238,84,361,553,person
/home/tyrone1/lavkush/reshaped_image_dataset/shadow/peopleInShade/in001087.jpg,241,14,366,398,person
/home/tyrone1/lavkush/reshaped_image_dataset/shadow/peopleInShade/in001088.jpg,244,87,364,583,person
/home/tyrone1/lavkush/reshaped_image_dataset/shadow/peopleInShade/in001088.jpg,230,14,401,441,person
/home/tyrone1/lavkush/reshaped_image_dataset/shadow/peopleInShade/in001089.jpg,227,12,348,373,person
/home/tyrone1/lavkush/reshaped_image_dataset/shadow/peopleInShade/in001089.jpg,212,67,352,538,person
/home/tyrone1/lavkush/reshaped_image_dataset/shadow/peopleInShade/in001090.jpg,192,77,336,528,person
/home/tyrone1/lavkush/reshaped_image_dataset/shadow/peopleInShade/in001090.jpg,216,4,334,418,person
/home/tyrone1/lavkush/reshaped_image_dataset/shadow/peopleInShade/in001091.jpg,204,7,328,413,person
/home/tyrone1/lavkush/reshaped_image_dataset/shadow/peopleInShade/in001091.jpg,172,69,332,530,person
/home/tyrone1/lavkush/reshaped_image_dataset/shadow/peopleInShade/in001092.jpg,179,79,328,540,person
/home/tyrone1/lavkush/reshaped_image_dataset/shadow/peopleInShade/in001092.jpg,185,12,328,428,person
/home/tyrone1/lavkush/reshaped_image_dataset/shadow/peopleInShade/in001093.jpg,144,9,331,411,person
/home/tyrone1/lavkush/reshaped_image_dataset/shadow/peopleInShade/in001093.jpg,148,82,328,548,person
/home/tyrone1/lavkush/reshaped_image_dataset/shadow/peopleInShade/in001094.jpg,140,89,315,518,person
/home/tyrone1/lavkush/reshaped_image_dataset/shadow/peopleInShade/in001094.jpg,148,22,318,426,person
/home/tyrone1/lavkush/reshaped_image_dataset/shadow/peopleInShade/in001095.jpg,139,29,312,403,person
/home/tyrone1/lavkush/reshaped_image_dataset/shadow/peopleInShade/in001095.jpg,123,67,278,530,person
/home/tyrone1/lavkush/reshaped_image_dataset/shadow/peopleInShade/in001096.jpg,126,84,272,518,person
/home/tyrone1/lavkush/reshaped_image_dataset/shadow/peopleInShade/in001096.jpg,137,14,304,396,person
/home/tyrone1/lavkush/reshaped_image_dataset/shadow/peopleInShade/in001097.jpg,126,17,292,396,person
/home/tyrone1/lavkush/reshaped_image_dataset/shadow/peopleInShade/in001097.jpg,107,67,241,505,person
/home/tyrone1/lavkush/reshaped_image_dataset/shadow/peopleInShade/in001098.jpg,96,72,222,525,person
/home/tyrone1/lavkush/reshaped_image_dataset/shadow/peopleInShade/in001098.jpg,102,19,267,408,person
/home/tyrone1/lavkush/reshaped_image_dataset/shadow/peopleInShade/in001099.jpg,92,9,230,398,person
/home/tyrone1/lavkush/reshaped_image_dataset/shadow/peopleInShade/in001099.jpg,70,77,222,528,person
/home/tyrone1/lavkush/reshaped_image_dataset/shadow/peopleInShade/in001100.jpg,67,67,217,530,person
/home/tyrone1/lavkush/reshaped_image_dataset/shadow/peopleInShade/in001100.jpg,76,17,227,398,person
/home/tyrone1/lavkush/reshaped_image_dataset/shadow/peopleInShade/in001101.jpg,65,17,211,376,person
/home/tyrone1/lavkush/reshaped_image_dataset/shadow/peopleInShade/in001101.jpg,56,72,219,533,person
/home/tyrone1/lavkush/reshaped_image_dataset/shadow/peopleInShade/in001102.jpg,24,82,212,513,person
/home/tyrone1/lavkush/reshaped_image_dataset/shadow/peopleInShade/in001102.jpg,62,17,204,418,person
/home/tyrone1/lavkush/reshaped_image_dataset/shadow/peopleInShade/in001103.jpg,52,22,222,431,person
/home/tyrone1/lavkush/reshaped_image_dataset/shadow/peopleInShade/in001103.jpg,9,84,200,525,person
/home/tyrone1/lavkush/reshaped_image_dataset/shadow/peopleInShade/in001104.jpg,4,79,168,515,person
/home/tyrone1/lavkush/reshaped_image_dataset/shadow/peopleInShade/in001104.jpg,30,24,211,426,person
/home/tyrone1/lavkush/reshaped_image_dataset/shadow/peopleInShade/in001105.jpg,43,22,206,421,person
/home/tyrone1/lavkush/reshaped_image_dataset/shadow/peopleInShade/in001105.jpg,3,84,169,518,person
/home/tyrone1/lavkush/reshaped_image_dataset/shadow/peopleInShade/in001106.jpg,0,74,145,500,person
/home/tyrone1/lavkush/reshaped_image_dataset/shadow/peopleInShade/in001106.jpg,9,17,193,438,person
/home/tyrone1/lavkush/reshaped_image_dataset/shadow/peopleInShade/in001107.jpg,4,24,176,426,person
/home/tyrone1/lavkush/reshaped_image_dataset/shadow/peopleInShade/in001107.jpg,1,82,102,520,person
/home/tyrone1/lavkush/reshaped_image_dataset/shadow/peopleInShade/in001108.jpg,0,84,110,515,person
/home/tyrone1/lavkush/reshaped_image_dataset/shadow/peopleInShade/in001108.jpg,0,24,142,403,person
/home/tyrone1/lavkush/reshaped_image_dataset/shadow/peopleInShade/in001109.jpg,0,22,161,403,person
/home/tyrone1/lavkush/reshaped_image_dataset/shadow/peopleInShade/in001109.jpg,0,54,118,538,person
/home/tyrone1/lavkush/reshaped_image_dataset/shadow/peopleInShade/in001110.jpg,0,9,105,416,person
/home/tyrone1/lavkush/reshaped_image_dataset/shadow/peopleInShade/in001111.jpg,1,17,94,426,person
/home/tyrone1/lavkush/reshaped_image_dataset/shadow/peopleInShade/in001112.jpg,0,27,88,431,person
/home/tyrone1/lavkush/reshaped_image_dataset/shadow/peopleInShade/in001113.jpg,1,22,84,421,person
