/home/tyrone1/lavkush/reshaped_image_dataset/dynamicBackground/fountain02/in000666.jpg,530,162,605,266,car
/home/tyrone1/lavkush/reshaped_image_dataset/dynamicBackground/fountain02/in000667.jpg,534,168,608,263,car
/home/tyrone1/lavkush/reshaped_image_dataset/dynamicBackground/fountain02/in000668.jpg,510,160,608,259,car
/home/tyrone1/lavkush/reshaped_image_dataset/dynamicBackground/fountain02/in000669.jpg,502,154,608,259,car
/home/tyrone1/lavkush/reshaped_image_dataset/dynamicBackground/fountain02/in000670.jpg,498,160,608,253,car
/home/tyrone1/lavkush/reshaped_image_dataset/dynamicBackground/fountain02/in000671.jpg,495,156,608,266,car
/home/tyrone1/lavkush/reshaped_image_dataset/dynamicBackground/fountain02/in000672.jpg,488,173,608,255,car
/home/tyrone1/lavkush/reshaped_image_dataset/dynamicBackground/fountain02/in000673.jpg,491,154,608,253,car
/home/tyrone1/lavkush/reshaped_image_dataset/dynamicBackground/fountain02/in000674.jpg,471,173,608,268,car
/home/tyrone1/lavkush/reshaped_image_dataset/dynamicBackground/fountain02/in000675.jpg,465,168,608,257,car
/home/tyrone1/lavkush/reshaped_image_dataset/dynamicBackground/fountain02/in000676.jpg,456,154,608,257,car
/home/tyrone1/lavkush/reshaped_image_dataset/dynamicBackground/fountain02/in000677.jpg,454,162,595,274,car
/home/tyrone1/lavkush/reshaped_image_dataset/dynamicBackground/fountain02/in000678.jpg,434,152,593,270,car
/home/tyrone1/lavkush/reshaped_image_dataset/dynamicBackground/fountain02/in000679.jpg,434,149,589,266,car
/home/tyrone1/lavkush/reshaped_image_dataset/dynamicBackground/fountain02/in000680.jpg,422,147,579,263,car
/home/tyrone1/lavkush/reshaped_image_dataset/dynamicBackground/fountain02/in000681.jpg,425,143,585,278,car
/home/tyrone1/lavkush/reshaped_image_dataset/dynamicBackground/fountain02/in000682.jpg,412,147,567,278,car
/home/tyrone1/lavkush/reshaped_image_dataset/dynamicBackground/fountain02/in000683.jpg,395,143,557,280,car
/home/tyrone1/lavkush/reshaped_image_dataset/dynamicBackground/fountain02/in000684.jpg,395,149,544,261,car
/home/tyrone1/lavkush/reshaped_image_dataset/dynamicBackground/fountain02/in000685.jpg,381,145,544,263,car
/home/tyrone1/lavkush/reshaped_image_dataset/dynamicBackground/fountain02/in000686.jpg,372,135,539,285,car
/home/tyrone1/lavkush/reshaped_image_dataset/dynamicBackground/fountain02/in000687.jpg,367,137,555,270,car
/home/tyrone1/lavkush/reshaped_image_dataset/dynamicBackground/fountain02/in000688.jpg,368,145,522,263,car
/home/tyrone1/lavkush/reshaped_image_dataset/dynamicBackground/fountain02/in000689.jpg,349,139,494,263,car
/home/tyrone1/lavkush/reshaped_image_dataset/dynamicBackground/fountain02/in000689.jpg,522,173,608,272,car
/home/tyrone1/lavkush/reshaped_image_dataset/dynamicBackground/fountain02/in000690.jpg,347,149,499,259,car
/home/tyrone1/lavkush/reshaped_image_dataset/dynamicBackground/fountain02/in000690.jpg,522,179,608,268,car
/home/tyrone1/lavkush/reshaped_image_dataset/dynamicBackground/fountain02/in000691.jpg,349,149,482,253,car
/home/tyrone1/lavkush/reshaped_image_dataset/dynamicBackground/fountain02/in000691.jpg,509,171,608,257,car
/home/tyrone1/lavkush/reshaped_image_dataset/dynamicBackground/fountain02/in000692.jpg,342,156,475,253,car
/home/tyrone1/lavkush/reshaped_image_dataset/dynamicBackground/fountain02/in000692.jpg,509,168,608,272,car
/home/tyrone1/lavkush/reshaped_image_dataset/dynamicBackground/fountain02/in000693.jpg,333,168,472,257,car
/home/tyrone1/lavkush/reshaped_image_dataset/dynamicBackground/fountain02/in000693.jpg,506,175,596,274,car
/home/tyrone1/lavkush/reshaped_image_dataset/dynamicBackground/fountain02/in000694.jpg,322,152,470,253,car
/home/tyrone1/lavkush/reshaped_image_dataset/dynamicBackground/fountain02/in000694.jpg,503,177,596,261,car
/home/tyrone1/lavkush/reshaped_image_dataset/dynamicBackground/fountain02/in000695.jpg,318,162,460,253,car
/home/tyrone1/lavkush/reshaped_image_dataset/dynamicBackground/fountain02/in000695.jpg,478,168,585,261,car
/home/tyrone1/lavkush/reshaped_image_dataset/dynamicBackground/fountain02/in000696.jpg,311,135,461,257,car
/home/tyrone1/lavkush/reshaped_image_dataset/dynamicBackground/fountain02/in000696.jpg,494,183,581,263,car
/home/tyrone1/lavkush/reshaped_image_dataset/dynamicBackground/fountain02/in000697.jpg,309,158,456,261,car
/home/tyrone1/lavkush/reshaped_image_dataset/dynamicBackground/fountain02/in000697.jpg,489,166,574,251,car
/home/tyrone1/lavkush/reshaped_image_dataset/dynamicBackground/fountain02/in000698.jpg,304,156,451,255,car
/home/tyrone1/lavkush/reshaped_image_dataset/dynamicBackground/fountain02/in000698.jpg,472,171,565,255,car
/home/tyrone1/lavkush/reshaped_image_dataset/dynamicBackground/fountain02/in000699.jpg,305,143,443,261,car
/home/tyrone1/lavkush/reshaped_image_dataset/dynamicBackground/fountain02/in000699.jpg,464,162,568,255,car
/home/tyrone1/lavkush/reshaped_image_dataset/dynamicBackground/fountain02/in000700.jpg,298,128,433,261,car
/home/tyrone1/lavkush/reshaped_image_dataset/dynamicBackground/fountain02/in000701.jpg,277,135,429,259,car
/home/tyrone1/lavkush/reshaped_image_dataset/dynamicBackground/fountain02/in000702.jpg,267,139,416,268,car
/home/tyrone1/lavkush/reshaped_image_dataset/dynamicBackground/fountain02/in000703.jpg,260,133,406,266,car
/home/tyrone1/lavkush/reshaped_image_dataset/dynamicBackground/fountain02/in000704.jpg,256,149,399,261,car
/home/tyrone1/lavkush/reshaped_image_dataset/dynamicBackground/fountain02/in000705.jpg,251,152,398,266,car
/home/tyrone1/lavkush/reshaped_image_dataset/dynamicBackground/fountain02/in000705.jpg,410,171,537,257,car
/home/tyrone1/lavkush/reshaped_image_dataset/dynamicBackground/fountain02/in000706.jpg,250,158,396,270,car
/home/tyrone1/lavkush/reshaped_image_dataset/dynamicBackground/fountain02/in000706.jpg,403,171,494,263,car
/home/tyrone1/lavkush/reshaped_image_dataset/dynamicBackground/fountain02/in000707.jpg,388,173,508,263,car
/home/tyrone1/lavkush/reshaped_image_dataset/dynamicBackground/fountain02/in000707.jpg,239,164,381,276,car
/home/tyrone1/lavkush/reshaped_image_dataset/dynamicBackground/fountain02/in000708.jpg,225,152,374,263,car
/home/tyrone1/lavkush/reshaped_image_dataset/dynamicBackground/fountain02/in000708.jpg,385,175,477,276,car
/home/tyrone1/lavkush/reshaped_image_dataset/dynamicBackground/fountain02/in000709.jpg,219,135,370,253,car
/home/tyrone1/lavkush/reshaped_image_dataset/dynamicBackground/fountain02/in000709.jpg,378,164,468,257,car
/home/tyrone1/lavkush/reshaped_image_dataset/dynamicBackground/fountain02/in000710.jpg,212,139,370,261,car
/home/tyrone1/lavkush/reshaped_image_dataset/dynamicBackground/fountain02/in000710.jpg,377,143,467,268,car
/home/tyrone1/lavkush/reshaped_image_dataset/dynamicBackground/fountain02/in000711.jpg,192,141,357,249,car
/home/tyrone1/lavkush/reshaped_image_dataset/dynamicBackground/fountain02/in000711.jpg,370,162,470,257,car
/home/tyrone1/lavkush/reshaped_image_dataset/dynamicBackground/fountain02/in000712.jpg,202,145,347,253,car
/home/tyrone1/lavkush/reshaped_image_dataset/dynamicBackground/fountain02/in000712.jpg,354,147,456,253,car
/home/tyrone1/lavkush/reshaped_image_dataset/dynamicBackground/fountain02/in000713.jpg,351,147,451,255,car
/home/tyrone1/lavkush/reshaped_image_dataset/dynamicBackground/fountain02/in000713.jpg,202,145,347,257,car
/home/tyrone1/lavkush/reshaped_image_dataset/dynamicBackground/fountain02/in000714.jpg,192,137,329,263,car
/home/tyrone1/lavkush/reshaped_image_dataset/dynamicBackground/fountain02/in000714.jpg,339,164,447,255,car
/home/tyrone1/lavkush/reshaped_image_dataset/dynamicBackground/fountain02/in000715.jpg,178,145,332,255,car
/home/tyrone1/lavkush/reshaped_image_dataset/dynamicBackground/fountain02/in000715.jpg,340,160,436,249,car
/home/tyrone1/lavkush/reshaped_image_dataset/dynamicBackground/fountain02/in000716.jpg,178,147,322,251,car
/home/tyrone1/lavkush/reshaped_image_dataset/dynamicBackground/fountain02/in000716.jpg,327,160,433,259,car
/home/tyrone1/lavkush/reshaped_image_dataset/dynamicBackground/fountain02/in000717.jpg,163,149,316,257,car
/home/tyrone1/lavkush/reshaped_image_dataset/dynamicBackground/fountain02/in000717.jpg,325,154,430,249,car
/home/tyrone1/lavkush/reshaped_image_dataset/dynamicBackground/fountain02/in000718.jpg,166,149,316,261,car
/home/tyrone1/lavkush/reshaped_image_dataset/dynamicBackground/fountain02/in000718.jpg,322,158,427,257,car
/home/tyrone1/lavkush/reshaped_image_dataset/dynamicBackground/fountain02/in000719.jpg,320,137,423,242,car
/home/tyrone1/lavkush/reshaped_image_dataset/dynamicBackground/fountain02/in000719.jpg,160,135,299,244,car
/home/tyrone1/lavkush/reshaped_image_dataset/dynamicBackground/fountain02/in000720.jpg,153,147,298,244,car
/home/tyrone1/lavkush/reshaped_image_dataset/dynamicBackground/fountain02/in000720.jpg,306,156,403,244,car
/home/tyrone1/lavkush/reshaped_image_dataset/dynamicBackground/fountain02/in000721.jpg,308,139,398,249,car
/home/tyrone1/lavkush/reshaped_image_dataset/dynamicBackground/fountain02/in000721.jpg,143,137,291,247,car
/home/tyrone1/lavkush/reshaped_image_dataset/dynamicBackground/fountain02/in000722.jpg,130,143,284,255,car
/home/tyrone1/lavkush/reshaped_image_dataset/dynamicBackground/fountain02/in000722.jpg,296,139,394,253,car
/home/tyrone1/lavkush/reshaped_image_dataset/dynamicBackground/fountain02/in000723.jpg,299,162,398,251,car
/home/tyrone1/lavkush/reshaped_image_dataset/dynamicBackground/fountain02/in000723.jpg,137,158,282,257,car
/home/tyrone1/lavkush/reshaped_image_dataset/dynamicBackground/fountain02/in000724.jpg,128,152,278,261,car
/home/tyrone1/lavkush/reshaped_image_dataset/dynamicBackground/fountain02/in000724.jpg,282,160,385,247,car
/home/tyrone1/lavkush/reshaped_image_dataset/dynamicBackground/fountain02/in000725.jpg,273,166,378,251,car
/home/tyrone1/lavkush/reshaped_image_dataset/dynamicBackground/fountain02/in000725.jpg,115,154,264,247,car
/home/tyrone1/lavkush/reshaped_image_dataset/dynamicBackground/fountain02/in000726.jpg,106,147,253,244,car
/home/tyrone1/lavkush/reshaped_image_dataset/dynamicBackground/fountain02/in000726.jpg,257,164,367,251,car
/home/tyrone1/lavkush/reshaped_image_dataset/dynamicBackground/fountain02/in000727.jpg,254,160,360,253,car
/home/tyrone1/lavkush/reshaped_image_dataset/dynamicBackground/fountain02/in000727.jpg,104,154,251,257,car
/home/tyrone1/lavkush/reshaped_image_dataset/dynamicBackground/fountain02/in000728.jpg,91,149,246,251,car
/home/tyrone1/lavkush/reshaped_image_dataset/dynamicBackground/fountain02/in000728.jpg,251,154,350,251,car
/home/tyrone1/lavkush/reshaped_image_dataset/dynamicBackground/fountain02/in000729.jpg,244,166,346,266,car
/home/tyrone1/lavkush/reshaped_image_dataset/dynamicBackground/fountain02/in000729.jpg,97,162,229,263,car
/home/tyrone1/lavkush/reshaped_image_dataset/dynamicBackground/fountain02/in000730.jpg,84,145,230,261,car
/home/tyrone1/lavkush/reshaped_image_dataset/dynamicBackground/fountain02/in000730.jpg,235,147,339,251,car
/home/tyrone1/lavkush/reshaped_image_dataset/dynamicBackground/fountain02/in000731.jpg,226,160,334,261,car
/home/tyrone1/lavkush/reshaped_image_dataset/dynamicBackground/fountain02/in000731.jpg,80,158,220,274,car
/home/tyrone1/lavkush/reshaped_image_dataset/dynamicBackground/fountain02/in000732.jpg,68,158,218,261,car
/home/tyrone1/lavkush/reshaped_image_dataset/dynamicBackground/fountain02/in000732.jpg,220,162,323,244,car
/home/tyrone1/lavkush/reshaped_image_dataset/dynamicBackground/fountain02/in000733.jpg,74,145,213,257,car
/home/tyrone1/lavkush/reshaped_image_dataset/dynamicBackground/fountain02/in000733.jpg,215,147,322,244,car
/home/tyrone1/lavkush/reshaped_image_dataset/dynamicBackground/fountain02/in000734.jpg,208,154,308,270,car
/home/tyrone1/lavkush/reshaped_image_dataset/dynamicBackground/fountain02/in000734.jpg,59,162,202,257,car
/home/tyrone1/lavkush/reshaped_image_dataset/dynamicBackground/fountain02/in000735.jpg,57,154,197,268,car
/home/tyrone1/lavkush/reshaped_image_dataset/dynamicBackground/fountain02/in000735.jpg,199,164,311,263,car
/home/tyrone1/lavkush/reshaped_image_dataset/dynamicBackground/fountain02/in000736.jpg,194,154,294,266,car
/home/tyrone1/lavkush/reshaped_image_dataset/dynamicBackground/fountain02/in000736.jpg,47,154,184,261,car
/home/tyrone1/lavkush/reshaped_image_dataset/dynamicBackground/fountain02/in000737.jpg,40,145,180,251,car
/home/tyrone1/lavkush/reshaped_image_dataset/dynamicBackground/fountain02/in000737.jpg,184,149,289,255,car
/home/tyrone1/lavkush/reshaped_image_dataset/dynamicBackground/fountain02/in000738.jpg,182,154,281,261,car
/home/tyrone1/lavkush/reshaped_image_dataset/dynamicBackground/fountain02/in000738.jpg,33,152,173,253,car
/home/tyrone1/lavkush/reshaped_image_dataset/dynamicBackground/fountain02/in000739.jpg,35,141,170,261,car
/home/tyrone1/lavkush/reshaped_image_dataset/dynamicBackground/fountain02/in000739.jpg,175,149,280,276,car
/home/tyrone1/lavkush/reshaped_image_dataset/dynamicBackground/fountain02/in000740.jpg,168,160,271,266,car
/home/tyrone1/lavkush/reshaped_image_dataset/dynamicBackground/fountain02/in000740.jpg,25,160,164,261,car
/home/tyrone1/lavkush/reshaped_image_dataset/dynamicBackground/fountain02/in000741.jpg,26,152,156,253,car
/home/tyrone1/lavkush/reshaped_image_dataset/dynamicBackground/fountain02/in000741.jpg,159,158,267,259,car
/home/tyrone1/lavkush/reshaped_image_dataset/dynamicBackground/fountain02/in000742.jpg,14,158,149,253,car
/home/tyrone1/lavkush/reshaped_image_dataset/dynamicBackground/fountain02/in000742.jpg,156,160,260,244,car
/home/tyrone1/lavkush/reshaped_image_dataset/dynamicBackground/fountain02/in000743.jpg,142,156,250,257,car
/home/tyrone1/lavkush/reshaped_image_dataset/dynamicBackground/fountain02/in000743.jpg,11,147,139,249,car
/home/tyrone1/lavkush/reshaped_image_dataset/dynamicBackground/fountain02/in000744.jpg,2,149,135,253,car
/home/tyrone1/lavkush/reshaped_image_dataset/dynamicBackground/fountain02/in000744.jpg,142,158,243,261,car
/home/tyrone1/lavkush/reshaped_image_dataset/dynamicBackground/fountain02/in000745.jpg,133,152,237,251,car
/home/tyrone1/lavkush/reshaped_image_dataset/dynamicBackground/fountain02/in000745.jpg,0,149,126,242,car
/home/tyrone1/lavkush/reshaped_image_dataset/dynamicBackground/fountain02/in000746.jpg,1,145,126,244,car
/home/tyrone1/lavkush/reshaped_image_dataset/dynamicBackground/fountain02/in000746.jpg,128,149,229,261,car
/home/tyrone1/lavkush/reshaped_image_dataset/dynamicBackground/fountain02/in000747.jpg,2,139,118,249,car
/home/tyrone1/lavkush/reshaped_image_dataset/dynamicBackground/fountain02/in000747.jpg,122,158,226,266,car
/home/tyrone1/lavkush/reshaped_image_dataset/dynamicBackground/fountain02/in000748.jpg,1,128,104,253,car
/home/tyrone1/lavkush/reshaped_image_dataset/dynamicBackground/fountain02/in000748.jpg,108,160,219,266,car
/home/tyrone1/lavkush/reshaped_image_dataset/dynamicBackground/fountain02/in000749.jpg,0,139,101,249,car
/home/tyrone1/lavkush/reshaped_image_dataset/dynamicBackground/fountain02/in000749.jpg,106,166,211,257,car
/home/tyrone1/lavkush/reshaped_image_dataset/dynamicBackground/fountain02/in000750.jpg,1,128,94,249,car
/home/tyrone1/lavkush/reshaped_image_dataset/dynamicBackground/fountain02/in000750.jpg,95,166,198,255,car
/home/tyrone1/lavkush/reshaped_image_dataset/dynamicBackground/fountain02/in000751.jpg,0,130,91,249,car
/home/tyrone1/lavkush/reshaped_image_dataset/dynamicBackground/fountain02/in000751.jpg,95,171,197,268,car
/home/tyrone1/lavkush/reshaped_image_dataset/dynamicBackground/fountain02/in000752.jpg,0,135,80,242,car
/home/tyrone1/lavkush/reshaped_image_dataset/dynamicBackground/fountain02/in000752.jpg,87,154,192,251,car
/home/tyrone1/lavkush/reshaped_image_dataset/dynamicBackground/fountain02/in000753.jpg,0,133,76,251,car
/home/tyrone1/lavkush/reshaped_image_dataset/dynamicBackground/fountain02/in000753.jpg,83,162,187,263,car
/home/tyrone1/lavkush/reshaped_image_dataset/dynamicBackground/fountain02/in000754.jpg,1,141,68,244,car
/home/tyrone1/lavkush/reshaped_image_dataset/dynamicBackground/fountain02/in000754.jpg,73,168,181,257,car
/home/tyrone1/lavkush/reshaped_image_dataset/dynamicBackground/fountain02/in000755.jpg,0,137,66,236,car
/home/tyrone1/lavkush/reshaped_image_dataset/dynamicBackground/fountain02/in000755.jpg,67,177,174,255,car
/home/tyrone1/lavkush/reshaped_image_dataset/dynamicBackground/fountain02/in000756.jpg,1,145,66,238,car
/home/tyrone1/lavkush/reshaped_image_dataset/dynamicBackground/fountain02/in000756.jpg,66,164,167,255,car
/home/tyrone1/lavkush/reshaped_image_dataset/dynamicBackground/fountain02/in000757.jpg,1,143,56,251,car
/home/tyrone1/lavkush/reshaped_image_dataset/dynamicBackground/fountain02/in000757.jpg,57,152,159,232,car
/home/tyrone1/lavkush/reshaped_image_dataset/dynamicBackground/fountain02/in000758.jpg,49,158,159,249,car
/home/tyrone1/lavkush/reshaped_image_dataset/dynamicBackground/fountain02/in000759.jpg,43,168,153,266,car
/home/tyrone1/lavkush/reshaped_image_dataset/dynamicBackground/fountain02/in000760.jpg,38,171,142,247,car
/home/tyrone1/lavkush/reshaped_image_dataset/dynamicBackground/fountain02/in000761.jpg,29,168,139,253,car
/home/tyrone1/lavkush/reshaped_image_dataset/dynamicBackground/fountain02/in000762.jpg,18,168,129,244,car
/home/tyrone1/lavkush/reshaped_image_dataset/dynamicBackground/fountain02/in000763.jpg,15,173,125,253,car
/home/tyrone1/lavkush/reshaped_image_dataset/dynamicBackground/fountain02/in000764.jpg,9,147,111,244,car
/home/tyrone1/lavkush/reshaped_image_dataset/dynamicBackground/fountain02/in000765.jpg,5,158,108,251,car
/home/tyrone1/lavkush/reshaped_image_dataset/dynamicBackground/fountain02/in000766.jpg,2,158,101,247,car
/home/tyrone1/lavkush/reshaped_image_dataset/dynamicBackground/fountain02/in000767.jpg,2,158,101,247,car
/home/tyrone1/lavkush/reshaped_image_dataset/dynamicBackground/fountain02/in000768.jpg,1,158,88,255,car
/home/tyrone1/lavkush/reshaped_image_dataset/dynamicBackground/fountain02/in000769.jpg,0,154,84,244,car
/home/tyrone1/lavkush/reshaped_image_dataset/dynamicBackground/fountain02/in000770.jpg,0,152,76,255,car
/home/tyrone1/lavkush/reshaped_image_dataset/dynamicBackground/fountain02/in000771.jpg,0,149,70,249,car
/home/tyrone1/lavkush/reshaped_image_dataset/dynamicBackground/fountain02/in000772.jpg,0,158,76,244,car
/home/tyrone1/lavkush/reshaped_image_dataset/dynamicBackground/fountain02/in000773.jpg,0,147,67,244,car
/home/tyrone1/lavkush/reshaped_image_dataset/dynamicBackground/fountain02/in000774.jpg,1,158,66,240,car
/home/tyrone1/lavkush/reshaped_image_dataset/dynamicBackground/fountain02/in001226.jpg,547,166,608,257,car
/home/tyrone1/lavkush/reshaped_image_dataset/dynamicBackground/fountain02/in001227.jpg,530,171,608,253,car
/home/tyrone1/lavkush/reshaped_image_dataset/dynamicBackground/fountain02/in001228.jpg,520,175,608,266,car
/home/tyrone1/lavkush/reshaped_image_dataset/dynamicBackground/fountain02/in001229.jpg,520,166,608,261,car
/home/tyrone1/lavkush/reshaped_image_dataset/dynamicBackground/fountain02/in001230.jpg,503,166,608,268,car
/home/tyrone1/lavkush/reshaped_image_dataset/dynamicBackground/fountain02/in001231.jpg,495,177,608,263,car
/home/tyrone1/lavkush/reshaped_image_dataset/dynamicBackground/fountain02/in001232.jpg,482,168,608,274,car
/home/tyrone1/lavkush/reshaped_image_dataset/dynamicBackground/fountain02/in001233.jpg,472,177,608,253,car
/home/tyrone1/lavkush/reshaped_image_dataset/dynamicBackground/fountain02/in001234.jpg,458,166,603,257,car
/home/tyrone1/lavkush/reshaped_image_dataset/dynamicBackground/fountain02/in001235.jpg,467,168,595,261,car
/home/tyrone1/lavkush/reshaped_image_dataset/dynamicBackground/fountain02/in001236.jpg,460,168,579,257,car
/home/tyrone1/lavkush/reshaped_image_dataset/dynamicBackground/fountain02/in001237.jpg,433,177,575,261,car
/home/tyrone1/lavkush/reshaped_image_dataset/dynamicBackground/fountain02/in001238.jpg,419,164,553,270,car
/home/tyrone1/lavkush/reshaped_image_dataset/dynamicBackground/fountain02/in001239.jpg,405,171,546,263,car
/home/tyrone1/lavkush/reshaped_image_dataset/dynamicBackground/fountain02/in001240.jpg,391,164,541,266,car
/home/tyrone1/lavkush/reshaped_image_dataset/dynamicBackground/fountain02/in001241.jpg,380,162,536,266,car
/home/tyrone1/lavkush/reshaped_image_dataset/dynamicBackground/fountain02/in001242.jpg,368,143,529,251,car
/home/tyrone1/lavkush/reshaped_image_dataset/dynamicBackground/fountain02/in001243.jpg,357,137,510,244,car
/home/tyrone1/lavkush/reshaped_image_dataset/dynamicBackground/fountain02/in001244.jpg,372,135,513,249,car
/home/tyrone1/lavkush/reshaped_image_dataset/dynamicBackground/fountain02/in001245.jpg,346,149,501,249,car
/home/tyrone1/lavkush/reshaped_image_dataset/dynamicBackground/fountain02/in001246.jpg,332,158,471,251,car
/home/tyrone1/lavkush/reshaped_image_dataset/dynamicBackground/fountain02/in001247.jpg,333,164,464,238,car
/home/tyrone1/lavkush/reshaped_image_dataset/dynamicBackground/fountain02/in001248.jpg,323,158,457,253,car
/home/tyrone1/lavkush/reshaped_image_dataset/dynamicBackground/fountain02/in001249.jpg,318,152,446,249,car
/home/tyrone1/lavkush/reshaped_image_dataset/dynamicBackground/fountain02/in001250.jpg,312,143,436,257,car
/home/tyrone1/lavkush/reshaped_image_dataset/dynamicBackground/fountain02/in001251.jpg,308,141,434,253,car
/home/tyrone1/lavkush/reshaped_image_dataset/dynamicBackground/fountain02/in001252.jpg,294,145,423,251,car
/home/tyrone1/lavkush/reshaped_image_dataset/dynamicBackground/fountain02/in001253.jpg,299,149,412,249,car
/home/tyrone1/lavkush/reshaped_image_dataset/dynamicBackground/fountain02/in001254.jpg,268,143,395,257,car
/home/tyrone1/lavkush/reshaped_image_dataset/dynamicBackground/fountain02/in001255.jpg,256,158,385,253,car
/home/tyrone1/lavkush/reshaped_image_dataset/dynamicBackground/fountain02/in001256.jpg,246,162,380,240,car
/home/tyrone1/lavkush/reshaped_image_dataset/dynamicBackground/fountain02/in001257.jpg,242,156,367,249,car
/home/tyrone1/lavkush/reshaped_image_dataset/dynamicBackground/fountain02/in001258.jpg,233,154,370,247,car
/home/tyrone1/lavkush/reshaped_image_dataset/dynamicBackground/fountain02/in001259.jpg,216,154,344,251,car
/home/tyrone1/lavkush/reshaped_image_dataset/dynamicBackground/fountain02/in001260.jpg,209,152,337,255,car
/home/tyrone1/lavkush/reshaped_image_dataset/dynamicBackground/fountain02/in001261.jpg,205,154,332,249,car
/home/tyrone1/lavkush/reshaped_image_dataset/dynamicBackground/fountain02/in001262.jpg,195,149,313,251,car
/home/tyrone1/lavkush/reshaped_image_dataset/dynamicBackground/fountain02/in001263.jpg,182,145,312,247,car
/home/tyrone1/lavkush/reshaped_image_dataset/dynamicBackground/fountain02/in001264.jpg,177,145,302,253,car
/home/tyrone1/lavkush/reshaped_image_dataset/dynamicBackground/fountain02/in001265.jpg,163,147,298,244,car
/home/tyrone1/lavkush/reshaped_image_dataset/dynamicBackground/fountain02/in001266.jpg,157,154,287,257,car
/home/tyrone1/lavkush/reshaped_image_dataset/dynamicBackground/fountain02/in001267.jpg,144,168,271,251,car
/home/tyrone1/lavkush/reshaped_image_dataset/dynamicBackground/fountain02/in001268.jpg,142,156,270,244,car
/home/tyrone1/lavkush/reshaped_image_dataset/dynamicBackground/fountain02/in001269.jpg,136,171,253,261,car
/home/tyrone1/lavkush/reshaped_image_dataset/dynamicBackground/fountain02/in001270.jpg,126,158,246,251,car
/home/tyrone1/lavkush/reshaped_image_dataset/dynamicBackground/fountain02/in001271.jpg,111,154,239,240,car
/home/tyrone1/lavkush/reshaped_image_dataset/dynamicBackground/fountain02/in001272.jpg,98,160,232,251,car
/home/tyrone1/lavkush/reshaped_image_dataset/dynamicBackground/fountain02/in001273.jpg,91,154,223,268,car
/home/tyrone1/lavkush/reshaped_image_dataset/dynamicBackground/fountain02/in001274.jpg,77,158,206,251,car
/home/tyrone1/lavkush/reshaped_image_dataset/dynamicBackground/fountain02/in001275.jpg,67,158,206,259,car
/home/tyrone1/lavkush/reshaped_image_dataset/dynamicBackground/fountain02/in001276.jpg,61,166,188,249,car
/home/tyrone1/lavkush/reshaped_image_dataset/dynamicBackground/fountain02/in001277.jpg,52,164,181,253,car
/home/tyrone1/lavkush/reshaped_image_dataset/dynamicBackground/fountain02/in001278.jpg,35,171,168,247,car
/home/tyrone1/lavkush/reshaped_image_dataset/dynamicBackground/fountain02/in001279.jpg,43,171,163,247,car
/home/tyrone1/lavkush/reshaped_image_dataset/dynamicBackground/fountain02/in001280.jpg,35,160,166,253,car
/home/tyrone1/lavkush/reshaped_image_dataset/dynamicBackground/fountain02/in001281.jpg,18,152,146,240,car
/home/tyrone1/lavkush/reshaped_image_dataset/dynamicBackground/fountain02/in001282.jpg,14,158,135,247,car
/home/tyrone1/lavkush/reshaped_image_dataset/dynamicBackground/fountain02/in001283.jpg,9,158,130,257,car
/home/tyrone1/lavkush/reshaped_image_dataset/dynamicBackground/fountain02/in001284.jpg,0,158,125,247,car
/home/tyrone1/lavkush/reshaped_image_dataset/dynamicBackground/fountain02/in001285.jpg,0,164,109,249,car
/home/tyrone1/lavkush/reshaped_image_dataset/dynamicBackground/fountain02/in001286.jpg,1,152,99,249,car
/home/tyrone1/lavkush/reshaped_image_dataset/dynamicBackground/fountain02/in001287.jpg,0,154,91,249,car
/home/tyrone1/lavkush/reshaped_image_dataset/dynamicBackground/fountain02/in001288.jpg,0,162,84,251,car
/home/tyrone1/lavkush/reshaped_image_dataset/dynamicBackground/fountain02/in001289.jpg,0,147,70,238,car
/home/tyrone1/lavkush/reshaped_image_dataset/dynamicBackground/fountain02/in001290.jpg,0,164,70,249,car
/home/tyrone1/lavkush/reshaped_image_dataset/dynamicBackground/fountain02/in001291.jpg,0,152,57,242,car
/home/tyrone1/lavkush/reshaped_image_dataset/dynamicBackground/fountain02/in001292.jpg,0,158,53,244,car
