/home/tyrone1/lavkush/reshaped_image_dataset/dynamicBackground/fall/in000615.jpg,40,444,62,557,person
/home/tyrone1/lavkush/reshaped_image_dataset/dynamicBackground/fall/in000615.jpg,61,458,99,563,person
/home/tyrone1/lavkush/reshaped_image_dataset/dynamicBackground/fall/in000615.jpg,89,447,119,561,person
/home/tyrone1/lavkush/reshaped_image_dataset/dynamicBackground/fall/in000615.jpg,564,461,608,606,person
/home/tyrone1/lavkush/reshaped_image_dataset/dynamicBackground/fall/in000616.jpg,561,466,604,606,person
/home/tyrone1/lavkush/reshaped_image_dataset/dynamicBackground/fall/in000616.jpg,40,445,67,554,person
/home/tyrone1/lavkush/reshaped_image_dataset/dynamicBackground/fall/in000616.jpg,62,461,93,561,person
/home/tyrone1/lavkush/reshaped_image_dataset/dynamicBackground/fall/in000616.jpg,87,449,115,559,person
/home/tyrone1/lavkush/reshaped_image_dataset/dynamicBackground/fall/in000617.jpg,38,443,63,558,person
/home/tyrone1/lavkush/reshaped_image_dataset/dynamicBackground/fall/in000617.jpg,54,453,95,558,person
/home/tyrone1/lavkush/reshaped_image_dataset/dynamicBackground/fall/in000617.jpg,87,449,113,562,person
/home/tyrone1/lavkush/reshaped_image_dataset/dynamicBackground/fall/in000617.jpg,558,453,601,606,person
/home/tyrone1/lavkush/reshaped_image_dataset/dynamicBackground/fall/in000618.jpg,602,485,608,511,car
/home/tyrone1/lavkush/reshaped_image_dataset/dynamicBackground/fall/in000618.jpg,551,462,598,606,person
/home/tyrone1/lavkush/reshaped_image_dataset/dynamicBackground/fall/in000618.jpg,34,440,59,564,person
/home/tyrone1/lavkush/reshaped_image_dataset/dynamicBackground/fall/in000618.jpg,54,456,89,567,person
/home/tyrone1/lavkush/reshaped_image_dataset/dynamicBackground/fall/in000618.jpg,84,448,111,562,person
/home/tyrone1/lavkush/reshaped_image_dataset/dynamicBackground/fall/in000619.jpg,592,480,608,523,car
/home/tyrone1/lavkush/reshaped_image_dataset/dynamicBackground/fall/in000619.jpg,34,443,59,551,person
/home/tyrone1/lavkush/reshaped_image_dataset/dynamicBackground/fall/in000619.jpg,52,454,95,557,person
/home/tyrone1/lavkush/reshaped_image_dataset/dynamicBackground/fall/in000619.jpg,86,448,111,557,person
/home/tyrone1/lavkush/reshaped_image_dataset/dynamicBackground/fall/in000619.jpg,551,461,597,606,person
/home/tyrone1/lavkush/reshaped_image_dataset/dynamicBackground/fall/in000620.jpg,587,472,608,520,car
/home/tyrone1/lavkush/reshaped_image_dataset/dynamicBackground/fall/in000620.jpg,550,466,591,606,person
/home/tyrone1/lavkush/reshaped_image_dataset/dynamicBackground/fall/in000620.jpg,85,450,112,561,person
/home/tyrone1/lavkush/reshaped_image_dataset/dynamicBackground/fall/in000620.jpg,52,454,84,558,person
/home/tyrone1/lavkush/reshaped_image_dataset/dynamicBackground/fall/in000620.jpg,34,445,58,558,person
/home/tyrone1/lavkush/reshaped_image_dataset/dynamicBackground/fall/in000621.jpg,580,468,608,518,car
/home/tyrone1/lavkush/reshaped_image_dataset/dynamicBackground/fall/in000621.jpg,34,447,56,557,person
/home/tyrone1/lavkush/reshaped_image_dataset/dynamicBackground/fall/in000621.jpg,48,456,83,556,person
/home/tyrone1/lavkush/reshaped_image_dataset/dynamicBackground/fall/in000621.jpg,81,453,111,561,person
/home/tyrone1/lavkush/reshaped_image_dataset/dynamicBackground/fall/in000621.jpg,549,466,592,606,person
/home/tyrone1/lavkush/reshaped_image_dataset/dynamicBackground/fall/in000622.jpg,577,453,608,516,car
/home/tyrone1/lavkush/reshaped_image_dataset/dynamicBackground/fall/in000622.jpg,545,462,593,606,person
/home/tyrone1/lavkush/reshaped_image_dataset/dynamicBackground/fall/in000622.jpg,603,516,608,581,person
/home/tyrone1/lavkush/reshaped_image_dataset/dynamicBackground/fall/in000622.jpg,32,449,59,562,person
/home/tyrone1/lavkush/reshaped_image_dataset/dynamicBackground/fall/in000622.jpg,48,458,86,568,person
/home/tyrone1/lavkush/reshaped_image_dataset/dynamicBackground/fall/in000622.jpg,81,457,110,562,person
/home/tyrone1/lavkush/reshaped_image_dataset/dynamicBackground/fall/in000623.jpg,567,449,608,519,car
/home/tyrone1/lavkush/reshaped_image_dataset/dynamicBackground/fall/in000623.jpg,37,453,59,558,person
/home/tyrone1/lavkush/reshaped_image_dataset/dynamicBackground/fall/in000623.jpg,48,450,82,561,person
/home/tyrone1/lavkush/reshaped_image_dataset/dynamicBackground/fall/in000623.jpg,81,448,106,556,person
/home/tyrone1/lavkush/reshaped_image_dataset/dynamicBackground/fall/in000623.jpg,541,466,587,606,person
/home/tyrone1/lavkush/reshaped_image_dataset/dynamicBackground/fall/in000623.jpg,602,490,608,590,person
/home/tyrone1/lavkush/reshaped_image_dataset/dynamicBackground/fall/in000624.jpg,564,448,608,516,car
/home/tyrone1/lavkush/reshaped_image_dataset/dynamicBackground/fall/in000624.jpg,542,469,581,606,person
/home/tyrone1/lavkush/reshaped_image_dataset/dynamicBackground/fall/in000624.jpg,597,488,608,587,person
/home/tyrone1/lavkush/reshaped_image_dataset/dynamicBackground/fall/in000624.jpg,29,448,61,559,person
/home/tyrone1/lavkush/reshaped_image_dataset/dynamicBackground/fall/in000624.jpg,45,454,81,567,person
/home/tyrone1/lavkush/reshaped_image_dataset/dynamicBackground/fall/in000624.jpg,80,453,105,558,person
/home/tyrone1/lavkush/reshaped_image_dataset/dynamicBackground/fall/in000625.jpg,562,448,608,518,car
/home/tyrone1/lavkush/reshaped_image_dataset/dynamicBackground/fall/in000625.jpg,28,445,58,554,person
/home/tyrone1/lavkush/reshaped_image_dataset/dynamicBackground/fall/in000625.jpg,42,448,77,557,person
/home/tyrone1/lavkush/reshaped_image_dataset/dynamicBackground/fall/in000625.jpg,77,452,103,562,person
/home/tyrone1/lavkush/reshaped_image_dataset/dynamicBackground/fall/in000625.jpg,540,466,580,606,person
/home/tyrone1/lavkush/reshaped_image_dataset/dynamicBackground/fall/in000625.jpg,594,477,608,590,person
/home/tyrone1/lavkush/reshaped_image_dataset/dynamicBackground/fall/in000626.jpg,557,448,608,523,car
/home/tyrone1/lavkush/reshaped_image_dataset/dynamicBackground/fall/in000626.jpg,26,445,53,562,person
/home/tyrone1/lavkush/reshaped_image_dataset/dynamicBackground/fall/in000626.jpg,38,452,70,562,person
/home/tyrone1/lavkush/reshaped_image_dataset/dynamicBackground/fall/in000626.jpg,73,459,102,558,person
/home/tyrone1/lavkush/reshaped_image_dataset/dynamicBackground/fall/in000626.jpg,532,463,577,606,person
/home/tyrone1/lavkush/reshaped_image_dataset/dynamicBackground/fall/in000626.jpg,595,480,608,589,person
/home/tyrone1/lavkush/reshaped_image_dataset/dynamicBackground/fall/in000627.jpg,526,448,608,523,car
/home/tyrone1/lavkush/reshaped_image_dataset/dynamicBackground/fall/in000627.jpg,592,481,608,587,person
/home/tyrone1/lavkush/reshaped_image_dataset/dynamicBackground/fall/in000627.jpg,532,471,573,606,person
/home/tyrone1/lavkush/reshaped_image_dataset/dynamicBackground/fall/in000627.jpg,28,453,52,564,person
/home/tyrone1/lavkush/reshaped_image_dataset/dynamicBackground/fall/in000627.jpg,42,452,70,563,person
/home/tyrone1/lavkush/reshaped_image_dataset/dynamicBackground/fall/in000627.jpg,71,450,101,561,person
/home/tyrone1/lavkush/reshaped_image_dataset/dynamicBackground/fall/in000628.jpg,515,447,608,523,car
/home/tyrone1/lavkush/reshaped_image_dataset/dynamicBackground/fall/in000628.jpg,73,456,99,557,person
/home/tyrone1/lavkush/reshaped_image_dataset/dynamicBackground/fall/in000628.jpg,38,453,69,562,person
/home/tyrone1/lavkush/reshaped_image_dataset/dynamicBackground/fall/in000628.jpg,24,449,48,562,person
/home/tyrone1/lavkush/reshaped_image_dataset/dynamicBackground/fall/in000628.jpg,532,477,575,606,person
/home/tyrone1/lavkush/reshaped_image_dataset/dynamicBackground/fall/in000628.jpg,591,483,608,606,person
/home/tyrone1/lavkush/reshaped_image_dataset/dynamicBackground/fall/in000629.jpg,509,449,608,521,car
/home/tyrone1/lavkush/reshaped_image_dataset/dynamicBackground/fall/in000629.jpg,532,463,572,606,person
/home/tyrone1/lavkush/reshaped_image_dataset/dynamicBackground/fall/in000629.jpg,591,480,608,597,person
/home/tyrone1/lavkush/reshaped_image_dataset/dynamicBackground/fall/in000629.jpg,72,453,97,562,person
/home/tyrone1/lavkush/reshaped_image_dataset/dynamicBackground/fall/in000629.jpg,38,453,68,558,person
/home/tyrone1/lavkush/reshaped_image_dataset/dynamicBackground/fall/in000629.jpg,26,449,45,561,person
/home/tyrone1/lavkush/reshaped_image_dataset/dynamicBackground/fall/in000630.jpg,502,449,607,520,car
/home/tyrone1/lavkush/reshaped_image_dataset/dynamicBackground/fall/in000630.jpg,25,445,46,564,person
/home/tyrone1/lavkush/reshaped_image_dataset/dynamicBackground/fall/in000630.jpg,37,454,70,562,person
/home/tyrone1/lavkush/reshaped_image_dataset/dynamicBackground/fall/in000630.jpg,72,453,97,561,person
/home/tyrone1/lavkush/reshaped_image_dataset/dynamicBackground/fall/in000630.jpg,532,471,564,606,person
/home/tyrone1/lavkush/reshaped_image_dataset/dynamicBackground/fall/in000630.jpg,590,485,608,606,person
/home/tyrone1/lavkush/reshaped_image_dataset/dynamicBackground/fall/in000631.jpg,491,450,608,523,car
/home/tyrone1/lavkush/reshaped_image_dataset/dynamicBackground/fall/in000631.jpg,527,472,569,606,person
/home/tyrone1/lavkush/reshaped_image_dataset/dynamicBackground/fall/in000631.jpg,586,480,608,602,person
/home/tyrone1/lavkush/reshaped_image_dataset/dynamicBackground/fall/in000631.jpg,69,449,97,563,person
/home/tyrone1/lavkush/reshaped_image_dataset/dynamicBackground/fall/in000631.jpg,32,453,62,568,person
/home/tyrone1/lavkush/reshaped_image_dataset/dynamicBackground/fall/in000631.jpg,18,445,40,571,person
/home/tyrone1/lavkush/reshaped_image_dataset/dynamicBackground/fall/in000632.jpg,479,452,608,529,car
/home/tyrone1/lavkush/reshaped_image_dataset/dynamicBackground/fall/in000632.jpg,20,439,41,567,person
/home/tyrone1/lavkush/reshaped_image_dataset/dynamicBackground/fall/in000632.jpg,35,458,65,564,person
/home/tyrone1/lavkush/reshaped_image_dataset/dynamicBackground/fall/in000632.jpg,66,445,92,561,person
/home/tyrone1/lavkush/reshaped_image_dataset/dynamicBackground/fall/in000632.jpg,522,466,571,606,person
/home/tyrone1/lavkush/reshaped_image_dataset/dynamicBackground/fall/in000632.jpg,585,481,608,606,person
/home/tyrone1/lavkush/reshaped_image_dataset/dynamicBackground/fall/in000633.jpg,471,448,608,526,car
/home/tyrone1/lavkush/reshaped_image_dataset/dynamicBackground/fall/in000633.jpg,522,463,572,606,person
/home/tyrone1/lavkush/reshaped_image_dataset/dynamicBackground/fall/in000633.jpg,580,485,608,606,person
/home/tyrone1/lavkush/reshaped_image_dataset/dynamicBackground/fall/in000633.jpg,16,442,37,562,person
/home/tyrone1/lavkush/reshaped_image_dataset/dynamicBackground/fall/in000633.jpg,30,456,65,557,person
/home/tyrone1/lavkush/reshaped_image_dataset/dynamicBackground/fall/in000633.jpg,65,448,93,559,person
/home/tyrone1/lavkush/reshaped_image_dataset/dynamicBackground/fall/in000634.jpg,461,450,608,530,car
/home/tyrone1/lavkush/reshaped_image_dataset/dynamicBackground/fall/in000634.jpg,16,444,38,557,person
/home/tyrone1/lavkush/reshaped_image_dataset/dynamicBackground/fall/in000634.jpg,32,456,64,568,person
/home/tyrone1/lavkush/reshaped_image_dataset/dynamicBackground/fall/in000634.jpg,65,438,93,562,person
/home/tyrone1/lavkush/reshaped_image_dataset/dynamicBackground/fall/in000634.jpg,520,467,573,606,person
/home/tyrone1/lavkush/reshaped_image_dataset/dynamicBackground/fall/in000634.jpg,580,486,608,606,person
/home/tyrone1/lavkush/reshaped_image_dataset/dynamicBackground/fall/in000635.jpg,451,452,605,535,car
/home/tyrone1/lavkush/reshaped_image_dataset/dynamicBackground/fall/in000635.jpg,14,439,35,561,person
/home/tyrone1/lavkush/reshaped_image_dataset/dynamicBackground/fall/in000635.jpg,28,452,58,563,person
/home/tyrone1/lavkush/reshaped_image_dataset/dynamicBackground/fall/in000635.jpg,64,449,90,561,person
/home/tyrone1/lavkush/reshaped_image_dataset/dynamicBackground/fall/in000635.jpg,513,467,570,606,person
/home/tyrone1/lavkush/reshaped_image_dataset/dynamicBackground/fall/in000635.jpg,577,485,608,606,person
/home/tyrone1/lavkush/reshaped_image_dataset/dynamicBackground/fall/in000636.jpg,439,456,596,534,car
/home/tyrone1/lavkush/reshaped_image_dataset/dynamicBackground/fall/in000636.jpg,14,445,37,567,person
/home/tyrone1/lavkush/reshaped_image_dataset/dynamicBackground/fall/in000636.jpg,27,456,62,567,person
/home/tyrone1/lavkush/reshaped_image_dataset/dynamicBackground/fall/in000636.jpg,61,448,91,558,person
/home/tyrone1/lavkush/reshaped_image_dataset/dynamicBackground/fall/in000636.jpg,514,469,570,606,person
/home/tyrone1/lavkush/reshaped_image_dataset/dynamicBackground/fall/in000636.jpg,576,487,607,606,person
/home/tyrone1/lavkush/reshaped_image_dataset/dynamicBackground/fall/in000637.jpg,430,454,586,534,car
/home/tyrone1/lavkush/reshaped_image_dataset/dynamicBackground/fall/in000637.jpg,13,440,36,556,person
/home/tyrone1/lavkush/reshaped_image_dataset/dynamicBackground/fall/in000637.jpg,26,459,59,562,person
/home/tyrone1/lavkush/reshaped_image_dataset/dynamicBackground/fall/in000637.jpg,62,457,91,562,person
/home/tyrone1/lavkush/reshaped_image_dataset/dynamicBackground/fall/in000637.jpg,515,466,570,606,person
/home/tyrone1/lavkush/reshaped_image_dataset/dynamicBackground/fall/in000637.jpg,575,487,608,606,person
/home/tyrone1/lavkush/reshaped_image_dataset/dynamicBackground/fall/in000638.jpg,428,454,573,528,car
/home/tyrone1/lavkush/reshaped_image_dataset/dynamicBackground/fall/in000638.jpg,10,448,36,556,person
/home/tyrone1/lavkush/reshaped_image_dataset/dynamicBackground/fall/in000638.jpg,26,456,59,563,person
/home/tyrone1/lavkush/reshaped_image_dataset/dynamicBackground/fall/in000638.jpg,56,452,91,563,person
/home/tyrone1/lavkush/reshaped_image_dataset/dynamicBackground/fall/in000638.jpg,512,469,568,606,person
/home/tyrone1/lavkush/reshaped_image_dataset/dynamicBackground/fall/in000638.jpg,575,490,608,606,person
/home/tyrone1/lavkush/reshaped_image_dataset/dynamicBackground/fall/in000639.jpg,413,459,567,529,car
/home/tyrone1/lavkush/reshaped_image_dataset/dynamicBackground/fall/in000639.jpg,5,444,34,552,person
/home/tyrone1/lavkush/reshaped_image_dataset/dynamicBackground/fall/in000639.jpg,24,453,56,562,person
/home/tyrone1/lavkush/reshaped_image_dataset/dynamicBackground/fall/in000639.jpg,59,452,89,563,person
/home/tyrone1/lavkush/reshaped_image_dataset/dynamicBackground/fall/in000639.jpg,510,463,567,606,person
/home/tyrone1/lavkush/reshaped_image_dataset/dynamicBackground/fall/in000639.jpg,573,481,608,606,person
/home/tyrone1/lavkush/reshaped_image_dataset/dynamicBackground/fall/in000640.jpg,403,448,558,537,car
/home/tyrone1/lavkush/reshaped_image_dataset/dynamicBackground/fall/in000640.jpg,5,448,32,553,person
/home/tyrone1/lavkush/reshaped_image_dataset/dynamicBackground/fall/in000640.jpg,22,452,50,559,person
/home/tyrone1/lavkush/reshaped_image_dataset/dynamicBackground/fall/in000640.jpg,56,458,86,561,person
/home/tyrone1/lavkush/reshaped_image_dataset/dynamicBackground/fall/in000640.jpg,510,466,568,606,person
/home/tyrone1/lavkush/reshaped_image_dataset/dynamicBackground/fall/in000640.jpg,572,482,608,606,person
/home/tyrone1/lavkush/reshaped_image_dataset/dynamicBackground/fall/in000641.jpg,396,456,551,543,car
/home/tyrone1/lavkush/reshaped_image_dataset/dynamicBackground/fall/in000641.jpg,3,443,28,553,person
/home/tyrone1/lavkush/reshaped_image_dataset/dynamicBackground/fall/in000641.jpg,20,456,47,562,person
/home/tyrone1/lavkush/reshaped_image_dataset/dynamicBackground/fall/in000641.jpg,54,462,85,561,person
/home/tyrone1/lavkush/reshaped_image_dataset/dynamicBackground/fall/in000641.jpg,504,469,564,606,person
/home/tyrone1/lavkush/reshaped_image_dataset/dynamicBackground/fall/in000641.jpg,569,475,602,601,person
/home/tyrone1/lavkush/reshaped_image_dataset/dynamicBackground/fall/in000642.jpg,382,453,541,543,car
/home/tyrone1/lavkush/reshaped_image_dataset/dynamicBackground/fall/in000642.jpg,52,459,85,559,person
/home/tyrone1/lavkush/reshaped_image_dataset/dynamicBackground/fall/in000642.jpg,21,458,43,558,person
/home/tyrone1/lavkush/reshaped_image_dataset/dynamicBackground/fall/in000642.jpg,2,454,24,554,person
/home/tyrone1/lavkush/reshaped_image_dataset/dynamicBackground/fall/in000642.jpg,500,466,559,606,person
/home/tyrone1/lavkush/reshaped_image_dataset/dynamicBackground/fall/in000642.jpg,565,473,608,606,person
/home/tyrone1/lavkush/reshaped_image_dataset/dynamicBackground/fall/in000643.jpg,374,458,532,535,car
/home/tyrone1/lavkush/reshaped_image_dataset/dynamicBackground/fall/in000643.jpg,1,449,22,561,person
/home/tyrone1/lavkush/reshaped_image_dataset/dynamicBackground/fall/in000643.jpg,18,458,39,563,person
/home/tyrone1/lavkush/reshaped_image_dataset/dynamicBackground/fall/in000643.jpg,46,456,87,566,person
/home/tyrone1/lavkush/reshaped_image_dataset/dynamicBackground/fall/in000643.jpg,500,463,555,606,person
/home/tyrone1/lavkush/reshaped_image_dataset/dynamicBackground/fall/in000643.jpg,565,482,608,606,person
/home/tyrone1/lavkush/reshaped_image_dataset/dynamicBackground/fall/in000644.jpg,362,452,515,537,car
/home/tyrone1/lavkush/reshaped_image_dataset/dynamicBackground/fall/in000644.jpg,48,452,86,564,person
/home/tyrone1/lavkush/reshaped_image_dataset/dynamicBackground/fall/in000644.jpg,16,452,36,559,person
/home/tyrone1/lavkush/reshaped_image_dataset/dynamicBackground/fall/in000644.jpg,5,445,21,563,person
/home/tyrone1/lavkush/reshaped_image_dataset/dynamicBackground/fall/in000644.jpg,497,458,548,606,person
/home/tyrone1/lavkush/reshaped_image_dataset/dynamicBackground/fall/in000644.jpg,559,478,608,606,person
/home/tyrone1/lavkush/reshaped_image_dataset/dynamicBackground/fall/in000645.jpg,352,456,506,543,car
/home/tyrone1/lavkush/reshaped_image_dataset/dynamicBackground/fall/in000645.jpg,1,445,19,558,person
/home/tyrone1/lavkush/reshaped_image_dataset/dynamicBackground/fall/in000645.jpg,14,453,43,563,person
/home/tyrone1/lavkush/reshaped_image_dataset/dynamicBackground/fall/in000645.jpg,46,458,80,564,person
/home/tyrone1/lavkush/reshaped_image_dataset/dynamicBackground/fall/in000645.jpg,499,459,546,606,person
/home/tyrone1/lavkush/reshaped_image_dataset/dynamicBackground/fall/in000645.jpg,558,483,608,606,person
/home/tyrone1/lavkush/reshaped_image_dataset/dynamicBackground/fall/in000646.jpg,336,453,501,545,car
/home/tyrone1/lavkush/reshaped_image_dataset/dynamicBackground/fall/in000646.jpg,44,454,81,561,person
/home/tyrone1/lavkush/reshaped_image_dataset/dynamicBackground/fall/in000646.jpg,12,457,40,561,person
/home/tyrone1/lavkush/reshaped_image_dataset/dynamicBackground/fall/in000646.jpg,0,442,16,552,person
/home/tyrone1/lavkush/reshaped_image_dataset/dynamicBackground/fall/in000646.jpg,496,466,546,606,person
/home/tyrone1/lavkush/reshaped_image_dataset/dynamicBackground/fall/in000646.jpg,554,485,602,606,person
/home/tyrone1/lavkush/reshaped_image_dataset/dynamicBackground/fall/in000647.jpg,331,453,494,547,car
/home/tyrone1/lavkush/reshaped_image_dataset/dynamicBackground/fall/in000647.jpg,0,445,12,557,person
/home/tyrone1/lavkush/reshaped_image_dataset/dynamicBackground/fall/in000647.jpg,9,450,40,568,person
/home/tyrone1/lavkush/reshaped_image_dataset/dynamicBackground/fall/in000647.jpg,43,449,76,563,person
/home/tyrone1/lavkush/reshaped_image_dataset/dynamicBackground/fall/in000647.jpg,496,463,540,606,person
/home/tyrone1/lavkush/reshaped_image_dataset/dynamicBackground/fall/in000647.jpg,559,490,599,606,person
/home/tyrone1/lavkush/reshaped_image_dataset/dynamicBackground/fall/in000648.jpg,323,454,483,539,car
/home/tyrone1/lavkush/reshaped_image_dataset/dynamicBackground/fall/in000648.jpg,43,448,74,564,person
/home/tyrone1/lavkush/reshaped_image_dataset/dynamicBackground/fall/in000648.jpg,6,454,36,567,person
/home/tyrone1/lavkush/reshaped_image_dataset/dynamicBackground/fall/in000648.jpg,0,442,13,556,person
/home/tyrone1/lavkush/reshaped_image_dataset/dynamicBackground/fall/in000648.jpg,550,485,599,606,person
/home/tyrone1/lavkush/reshaped_image_dataset/dynamicBackground/fall/in000648.jpg,489,467,533,606,person
/home/tyrone1/lavkush/reshaped_image_dataset/dynamicBackground/fall/in000649.jpg,325,454,473,539,car
/home/tyrone1/lavkush/reshaped_image_dataset/dynamicBackground/fall/in000649.jpg,0,443,9,523,person
/home/tyrone1/lavkush/reshaped_image_dataset/dynamicBackground/fall/in000649.jpg,7,454,37,564,person
/home/tyrone1/lavkush/reshaped_image_dataset/dynamicBackground/fall/in000649.jpg,44,453,73,561,person
/home/tyrone1/lavkush/reshaped_image_dataset/dynamicBackground/fall/in000649.jpg,486,466,535,606,person
/home/tyrone1/lavkush/reshaped_image_dataset/dynamicBackground/fall/in000649.jpg,546,491,593,606,person
/home/tyrone1/lavkush/reshaped_image_dataset/dynamicBackground/fall/in000650.jpg,299,459,462,542,car
/home/tyrone1/lavkush/reshaped_image_dataset/dynamicBackground/fall/in000650.jpg,42,452,68,563,person
/home/tyrone1/lavkush/reshaped_image_dataset/dynamicBackground/fall/in000650.jpg,0,445,7,509,person
/home/tyrone1/lavkush/reshaped_image_dataset/dynamicBackground/fall/in000650.jpg,5,452,39,564,person
/home/tyrone1/lavkush/reshaped_image_dataset/dynamicBackground/fall/in000650.jpg,549,490,594,606,person
/home/tyrone1/lavkush/reshaped_image_dataset/dynamicBackground/fall/in000650.jpg,479,467,527,606,person
/home/tyrone1/lavkush/reshaped_image_dataset/dynamicBackground/fall/in000651.jpg,290,456,451,543,car
/home/tyrone1/lavkush/reshaped_image_dataset/dynamicBackground/fall/in000651.jpg,0,445,7,516,person
/home/tyrone1/lavkush/reshaped_image_dataset/dynamicBackground/fall/in000651.jpg,5,456,39,567,person
/home/tyrone1/lavkush/reshaped_image_dataset/dynamicBackground/fall/in000651.jpg,40,456,67,561,person
/home/tyrone1/lavkush/reshaped_image_dataset/dynamicBackground/fall/in000651.jpg,480,463,532,606,person
/home/tyrone1/lavkush/reshaped_image_dataset/dynamicBackground/fall/in000651.jpg,549,485,591,602,person
/home/tyrone1/lavkush/reshaped_image_dataset/dynamicBackground/fall/in000652.jpg,276,456,447,543,car
/home/tyrone1/lavkush/reshaped_image_dataset/dynamicBackground/fall/in000652.jpg,38,452,66,561,person
/home/tyrone1/lavkush/reshaped_image_dataset/dynamicBackground/fall/in000652.jpg,541,485,584,606,person
/home/tyrone1/lavkush/reshaped_image_dataset/dynamicBackground/fall/in000652.jpg,483,467,525,606,person
/home/tyrone1/lavkush/reshaped_image_dataset/dynamicBackground/fall/in000653.jpg,262,461,433,547,car
/home/tyrone1/lavkush/reshaped_image_dataset/dynamicBackground/fall/in000653.jpg,0,454,35,567,person
/home/tyrone1/lavkush/reshaped_image_dataset/dynamicBackground/fall/in000653.jpg,478,472,521,606,person
/home/tyrone1/lavkush/reshaped_image_dataset/dynamicBackground/fall/in000653.jpg,537,480,587,606,person
/home/tyrone1/lavkush/reshaped_image_dataset/dynamicBackground/fall/in000654.jpg,252,463,423,543,car
/home/tyrone1/lavkush/reshaped_image_dataset/dynamicBackground/fall/in000654.jpg,0,456,33,567,person
/home/tyrone1/lavkush/reshaped_image_dataset/dynamicBackground/fall/in000654.jpg,37,448,66,564,person
/home/tyrone1/lavkush/reshaped_image_dataset/dynamicBackground/fall/in000654.jpg,530,482,588,606,person
/home/tyrone1/lavkush/reshaped_image_dataset/dynamicBackground/fall/in000654.jpg,471,469,520,606,person
/home/tyrone1/lavkush/reshaped_image_dataset/dynamicBackground/fall/in000655.jpg,241,458,412,545,car
/home/tyrone1/lavkush/reshaped_image_dataset/dynamicBackground/fall/in000655.jpg,0,452,27,562,person
/home/tyrone1/lavkush/reshaped_image_dataset/dynamicBackground/fall/in000655.jpg,34,454,64,563,person
/home/tyrone1/lavkush/reshaped_image_dataset/dynamicBackground/fall/in000655.jpg,473,472,519,606,person
/home/tyrone1/lavkush/reshaped_image_dataset/dynamicBackground/fall/in000655.jpg,529,473,583,606,person
/home/tyrone1/lavkush/reshaped_image_dataset/dynamicBackground/fall/in000656.jpg,229,461,402,551,car
/home/tyrone1/lavkush/reshaped_image_dataset/dynamicBackground/fall/in000656.jpg,0,456,26,556,person
/home/tyrone1/lavkush/reshaped_image_dataset/dynamicBackground/fall/in000656.jpg,31,461,67,562,person
/home/tyrone1/lavkush/reshaped_image_dataset/dynamicBackground/fall/in000656.jpg,528,480,581,606,person
/home/tyrone1/lavkush/reshaped_image_dataset/dynamicBackground/fall/in000656.jpg,472,471,520,606,person
/home/tyrone1/lavkush/reshaped_image_dataset/dynamicBackground/fall/in000657.jpg,219,459,392,558,car
/home/tyrone1/lavkush/reshaped_image_dataset/dynamicBackground/fall/in000657.jpg,0,453,24,554,person
/home/tyrone1/lavkush/reshaped_image_dataset/dynamicBackground/fall/in000657.jpg,33,456,59,567,person
/home/tyrone1/lavkush/reshaped_image_dataset/dynamicBackground/fall/in000657.jpg,521,485,580,606,person
/home/tyrone1/lavkush/reshaped_image_dataset/dynamicBackground/fall/in000657.jpg,465,471,510,606,person
/home/tyrone1/lavkush/reshaped_image_dataset/dynamicBackground/fall/in000658.jpg,203,461,381,551,car
/home/tyrone1/lavkush/reshaped_image_dataset/dynamicBackground/fall/in000658.jpg,0,456,21,557,person
/home/tyrone1/lavkush/reshaped_image_dataset/dynamicBackground/fall/in000658.jpg,32,452,60,563,person
/home/tyrone1/lavkush/reshaped_image_dataset/dynamicBackground/fall/in000658.jpg,467,473,510,606,person
/home/tyrone1/lavkush/reshaped_image_dataset/dynamicBackground/fall/in000658.jpg,520,478,579,606,person
/home/tyrone1/lavkush/reshaped_image_dataset/dynamicBackground/fall/in000659.jpg,193,459,371,552,car
/home/tyrone1/lavkush/reshaped_image_dataset/dynamicBackground/fall/in000659.jpg,30,456,62,564,person
/home/tyrone1/lavkush/reshaped_image_dataset/dynamicBackground/fall/in000659.jpg,0,462,16,561,person
/home/tyrone1/lavkush/reshaped_image_dataset/dynamicBackground/fall/in000659.jpg,516,485,575,606,person
/home/tyrone1/lavkush/reshaped_image_dataset/dynamicBackground/fall/in000659.jpg,461,463,510,606,person
/home/tyrone1/lavkush/reshaped_image_dataset/dynamicBackground/fall/in000660.jpg,184,466,359,549,car
/home/tyrone1/lavkush/reshaped_image_dataset/dynamicBackground/fall/in000660.jpg,1,459,15,556,person
/home/tyrone1/lavkush/reshaped_image_dataset/dynamicBackground/fall/in000660.jpg,461,467,507,606,person
/home/tyrone1/lavkush/reshaped_image_dataset/dynamicBackground/fall/in000660.jpg,511,478,570,606,person
/home/tyrone1/lavkush/reshaped_image_dataset/dynamicBackground/fall/in000661.jpg,172,468,347,552,car
/home/tyrone1/lavkush/reshaped_image_dataset/dynamicBackground/fall/in000661.jpg,28,458,58,562,person
/home/tyrone1/lavkush/reshaped_image_dataset/dynamicBackground/fall/in000661.jpg,0,458,14,561,person
/home/tyrone1/lavkush/reshaped_image_dataset/dynamicBackground/fall/in000661.jpg,511,477,565,606,person
/home/tyrone1/lavkush/reshaped_image_dataset/dynamicBackground/fall/in000661.jpg,455,466,504,606,person
/home/tyrone1/lavkush/reshaped_image_dataset/dynamicBackground/fall/in000662.jpg,157,463,336,547,car
/home/tyrone1/lavkush/reshaped_image_dataset/dynamicBackground/fall/in000662.jpg,0,466,13,545,person
/home/tyrone1/lavkush/reshaped_image_dataset/dynamicBackground/fall/in000662.jpg,454,463,494,606,person
/home/tyrone1/lavkush/reshaped_image_dataset/dynamicBackground/fall/in000662.jpg,518,491,562,606,person
/home/tyrone1/lavkush/reshaped_image_dataset/dynamicBackground/fall/in000663.jpg,145,467,320,556,car
/home/tyrone1/lavkush/reshaped_image_dataset/dynamicBackground/fall/in000663.jpg,26,458,54,562,person
/home/tyrone1/lavkush/reshaped_image_dataset/dynamicBackground/fall/in000663.jpg,0,461,10,547,person
/home/tyrone1/lavkush/reshaped_image_dataset/dynamicBackground/fall/in000663.jpg,500,488,564,606,person
/home/tyrone1/lavkush/reshaped_image_dataset/dynamicBackground/fall/in000663.jpg,455,469,503,606,person
/home/tyrone1/lavkush/reshaped_image_dataset/dynamicBackground/fall/in000664.jpg,135,467,311,557,car
/home/tyrone1/lavkush/reshaped_image_dataset/dynamicBackground/fall/in000664.jpg,0,458,10,539,person
/home/tyrone1/lavkush/reshaped_image_dataset/dynamicBackground/fall/in000664.jpg,22,449,48,561,person
/home/tyrone1/lavkush/reshaped_image_dataset/dynamicBackground/fall/in000664.jpg,453,469,507,606,person
/home/tyrone1/lavkush/reshaped_image_dataset/dynamicBackground/fall/in000664.jpg,502,497,556,606,person
/home/tyrone1/lavkush/reshaped_image_dataset/dynamicBackground/fall/in000665.jpg,117,469,305,554,car
/home/tyrone1/lavkush/reshaped_image_dataset/dynamicBackground/fall/in000665.jpg,0,467,9,539,person
/home/tyrone1/lavkush/reshaped_image_dataset/dynamicBackground/fall/in000665.jpg,20,449,42,563,person
/home/tyrone1/lavkush/reshaped_image_dataset/dynamicBackground/fall/in000665.jpg,499,500,555,606,person
/home/tyrone1/lavkush/reshaped_image_dataset/dynamicBackground/fall/in000665.jpg,448,472,504,606,person
/home/tyrone1/lavkush/reshaped_image_dataset/dynamicBackground/fall/in000666.jpg,107,469,292,554,car
/home/tyrone1/lavkush/reshaped_image_dataset/dynamicBackground/fall/in000666.jpg,20,452,44,559,person
/home/tyrone1/lavkush/reshaped_image_dataset/dynamicBackground/fall/in000666.jpg,0,471,6,523,person
/home/tyrone1/lavkush/reshaped_image_dataset/dynamicBackground/fall/in000666.jpg,447,472,506,606,person
/home/tyrone1/lavkush/reshaped_image_dataset/dynamicBackground/fall/in000666.jpg,500,485,552,606,person
/home/tyrone1/lavkush/reshaped_image_dataset/dynamicBackground/fall/in000667.jpg,96,467,280,554,car
/home/tyrone1/lavkush/reshaped_image_dataset/dynamicBackground/fall/in000667.jpg,1,471,6,516,person
/home/tyrone1/lavkush/reshaped_image_dataset/dynamicBackground/fall/in000667.jpg,19,456,44,561,person
/home/tyrone1/lavkush/reshaped_image_dataset/dynamicBackground/fall/in000667.jpg,503,480,558,606,person
/home/tyrone1/lavkush/reshaped_image_dataset/dynamicBackground/fall/in000667.jpg,443,472,503,606,person
/home/tyrone1/lavkush/reshaped_image_dataset/dynamicBackground/fall/in000668.jpg,77,471,267,563,car
/home/tyrone1/lavkush/reshaped_image_dataset/dynamicBackground/fall/in000668.jpg,0,469,5,521,person
/home/tyrone1/lavkush/reshaped_image_dataset/dynamicBackground/fall/in000668.jpg,14,454,45,568,person
/home/tyrone1/lavkush/reshaped_image_dataset/dynamicBackground/fall/in000668.jpg,439,471,503,606,person
/home/tyrone1/lavkush/reshaped_image_dataset/dynamicBackground/fall/in000668.jpg,499,485,548,606,person
/home/tyrone1/lavkush/reshaped_image_dataset/dynamicBackground/fall/in000669.jpg,64,467,255,567,car
/home/tyrone1/lavkush/reshaped_image_dataset/dynamicBackground/fall/in000669.jpg,14,456,43,563,person
/home/tyrone1/lavkush/reshaped_image_dataset/dynamicBackground/fall/in000669.jpg,492,483,546,606,person
/home/tyrone1/lavkush/reshaped_image_dataset/dynamicBackground/fall/in000669.jpg,440,471,500,606,person
/home/tyrone1/lavkush/reshaped_image_dataset/dynamicBackground/fall/in000670.jpg,53,466,244,558,car
/home/tyrone1/lavkush/reshaped_image_dataset/dynamicBackground/fall/in000670.jpg,10,456,40,561,person
/home/tyrone1/lavkush/reshaped_image_dataset/dynamicBackground/fall/in000670.jpg,438,471,502,606,person
/home/tyrone1/lavkush/reshaped_image_dataset/dynamicBackground/fall/in000670.jpg,494,476,546,606,person
/home/tyrone1/lavkush/reshaped_image_dataset/dynamicBackground/fall/in000671.jpg,40,466,233,564,car
/home/tyrone1/lavkush/reshaped_image_dataset/dynamicBackground/fall/in000671.jpg,9,458,36,561,person
/home/tyrone1/lavkush/reshaped_image_dataset/dynamicBackground/fall/in000671.jpg,490,480,542,606,person
/home/tyrone1/lavkush/reshaped_image_dataset/dynamicBackground/fall/in000671.jpg,438,477,496,606,person
/home/tyrone1/lavkush/reshaped_image_dataset/dynamicBackground/fall/in000672.jpg,24,469,220,564,car
/home/tyrone1/lavkush/reshaped_image_dataset/dynamicBackground/fall/in000672.jpg,5,453,32,566,person
/home/tyrone1/lavkush/reshaped_image_dataset/dynamicBackground/fall/in000672.jpg,432,472,500,606,person
/home/tyrone1/lavkush/reshaped_image_dataset/dynamicBackground/fall/in000672.jpg,492,485,537,606,person
/home/tyrone1/lavkush/reshaped_image_dataset/dynamicBackground/fall/in000673.jpg,18,471,206,566,car
/home/tyrone1/lavkush/reshaped_image_dataset/dynamicBackground/fall/in000673.jpg,5,453,26,558,person
/home/tyrone1/lavkush/reshaped_image_dataset/dynamicBackground/fall/in000673.jpg,435,466,494,606,person
/home/tyrone1/lavkush/reshaped_image_dataset/dynamicBackground/fall/in000673.jpg,491,487,533,606,person
/home/tyrone1/lavkush/reshaped_image_dataset/dynamicBackground/fall/in000674.jpg,0,469,195,568,car
/home/tyrone1/lavkush/reshaped_image_dataset/dynamicBackground/fall/in000674.jpg,6,453,28,524,person
/home/tyrone1/lavkush/reshaped_image_dataset/dynamicBackground/fall/in000674.jpg,428,471,485,606,person
/home/tyrone1/lavkush/reshaped_image_dataset/dynamicBackground/fall/in000674.jpg,478,477,534,606,person
/home/tyrone1/lavkush/reshaped_image_dataset/dynamicBackground/fall/in000675.jpg,0,473,182,568,car
/home/tyrone1/lavkush/reshaped_image_dataset/dynamicBackground/fall/in000675.jpg,3,456,24,511,person
/home/tyrone1/lavkush/reshaped_image_dataset/dynamicBackground/fall/in000675.jpg,428,466,481,606,person
/home/tyrone1/lavkush/reshaped_image_dataset/dynamicBackground/fall/in000675.jpg,479,481,532,606,person
/home/tyrone1/lavkush/reshaped_image_dataset/dynamicBackground/fall/in000676.jpg,0,475,168,571,car
/home/tyrone1/lavkush/reshaped_image_dataset/dynamicBackground/fall/in000676.jpg,2,458,20,513,person
/home/tyrone1/lavkush/reshaped_image_dataset/dynamicBackground/fall/in000676.jpg,423,469,477,606,person
/home/tyrone1/lavkush/reshaped_image_dataset/dynamicBackground/fall/in000676.jpg,472,482,528,606,person
/home/tyrone1/lavkush/reshaped_image_dataset/dynamicBackground/fall/in000677.jpg,0,473,156,570,car
/home/tyrone1/lavkush/reshaped_image_dataset/dynamicBackground/fall/in000677.jpg,0,463,20,500,person
/home/tyrone1/lavkush/reshaped_image_dataset/dynamicBackground/fall/in000677.jpg,472,486,531,606,person
/home/tyrone1/lavkush/reshaped_image_dataset/dynamicBackground/fall/in000677.jpg,425,467,475,606,person
/home/tyrone1/lavkush/reshaped_image_dataset/dynamicBackground/fall/in000678.jpg,0,477,140,568,car
/home/tyrone1/lavkush/reshaped_image_dataset/dynamicBackground/fall/in000678.jpg,2,450,14,494,person
/home/tyrone1/lavkush/reshaped_image_dataset/dynamicBackground/fall/in000678.jpg,417,469,471,606,person
/home/tyrone1/lavkush/reshaped_image_dataset/dynamicBackground/fall/in000678.jpg,470,490,522,606,person
/home/tyrone1/lavkush/reshaped_image_dataset/dynamicBackground/fall/in000679.jpg,0,473,129,564,car
/home/tyrone1/lavkush/reshaped_image_dataset/dynamicBackground/fall/in000679.jpg,0,452,17,478,person
/home/tyrone1/lavkush/reshaped_image_dataset/dynamicBackground/fall/in000679.jpg,466,494,520,606,person
/home/tyrone1/lavkush/reshaped_image_dataset/dynamicBackground/fall/in000679.jpg,409,466,466,606,person
/home/tyrone1/lavkush/reshaped_image_dataset/dynamicBackground/fall/in000680.jpg,0,473,115,570,car
/home/tyrone1/lavkush/reshaped_image_dataset/dynamicBackground/fall/in000680.jpg,0,449,16,476,person
/home/tyrone1/lavkush/reshaped_image_dataset/dynamicBackground/fall/in000680.jpg,414,469,461,606,person
/home/tyrone1/lavkush/reshaped_image_dataset/dynamicBackground/fall/in000680.jpg,461,491,516,606,person
/home/tyrone1/lavkush/reshaped_image_dataset/dynamicBackground/fall/in000681.jpg,0,477,102,575,car
/home/tyrone1/lavkush/reshaped_image_dataset/dynamicBackground/fall/in000681.jpg,0,448,17,476,person
/home/tyrone1/lavkush/reshaped_image_dataset/dynamicBackground/fall/in000681.jpg,455,485,510,606,person
/home/tyrone1/lavkush/reshaped_image_dataset/dynamicBackground/fall/in000681.jpg,410,463,460,606,person
/home/tyrone1/lavkush/reshaped_image_dataset/dynamicBackground/fall/in000682.jpg,0,476,84,572,car
/home/tyrone1/lavkush/reshaped_image_dataset/dynamicBackground/fall/in000682.jpg,1,450,16,477,person
/home/tyrone1/lavkush/reshaped_image_dataset/dynamicBackground/fall/in000682.jpg,413,466,456,606,person
/home/tyrone1/lavkush/reshaped_image_dataset/dynamicBackground/fall/in000682.jpg,461,472,508,606,person
/home/tyrone1/lavkush/reshaped_image_dataset/dynamicBackground/fall/in000683.jpg,0,473,70,576,car
/home/tyrone1/lavkush/reshaped_image_dataset/dynamicBackground/fall/in000683.jpg,3,456,12,473,person
/home/tyrone1/lavkush/reshaped_image_dataset/dynamicBackground/fall/in000683.jpg,456,490,510,606,person
/home/tyrone1/lavkush/reshaped_image_dataset/dynamicBackground/fall/in000683.jpg,408,467,456,606,person
/home/tyrone1/lavkush/reshaped_image_dataset/dynamicBackground/fall/in000684.jpg,0,480,59,575,car
/home/tyrone1/lavkush/reshaped_image_dataset/dynamicBackground/fall/in000684.jpg,0,453,12,476,person
/home/tyrone1/lavkush/reshaped_image_dataset/dynamicBackground/fall/in000684.jpg,407,472,445,606,person
/home/tyrone1/lavkush/reshaped_image_dataset/dynamicBackground/fall/in000684.jpg,456,497,491,606,person
/home/tyrone1/lavkush/reshaped_image_dataset/dynamicBackground/fall/in000685.jpg,0,481,44,571,car
/home/tyrone1/lavkush/reshaped_image_dataset/dynamicBackground/fall/in000685.jpg,2,456,12,481,person
/home/tyrone1/lavkush/reshaped_image_dataset/dynamicBackground/fall/in000685.jpg,450,491,495,606,person
/home/tyrone1/lavkush/reshaped_image_dataset/dynamicBackground/fall/in000685.jpg,407,472,448,606,person
/home/tyrone1/lavkush/reshaped_image_dataset/dynamicBackground/fall/in000686.jpg,0,494,32,578,car
/home/tyrone1/lavkush/reshaped_image_dataset/dynamicBackground/fall/in000686.jpg,1,456,16,501,person
/home/tyrone1/lavkush/reshaped_image_dataset/dynamicBackground/fall/in000686.jpg,403,472,441,606,person
/home/tyrone1/lavkush/reshaped_image_dataset/dynamicBackground/fall/in000686.jpg,446,485,497,606,person
/home/tyrone1/lavkush/reshaped_image_dataset/dynamicBackground/fall/in000687.jpg,1,509,15,571,car
/home/tyrone1/lavkush/reshaped_image_dataset/dynamicBackground/fall/in000687.jpg,3,463,15,518,person
/home/tyrone1/lavkush/reshaped_image_dataset/dynamicBackground/fall/in000687.jpg,447,494,494,606,person
/home/tyrone1/lavkush/reshaped_image_dataset/dynamicBackground/fall/in000687.jpg,400,473,442,606,person
/home/tyrone1/lavkush/reshaped_image_dataset/dynamicBackground/fall/in000688.jpg,0,514,10,567,car
/home/tyrone1/lavkush/reshaped_image_dataset/dynamicBackground/fall/in000688.jpg,396,472,436,606,person
/home/tyrone1/lavkush/reshaped_image_dataset/dynamicBackground/fall/in000688.jpg,439,494,491,606,person
/home/tyrone1/lavkush/reshaped_image_dataset/dynamicBackground/fall/in000689.jpg,1,463,10,563,person
/home/tyrone1/lavkush/reshaped_image_dataset/dynamicBackground/fall/in000689.jpg,3,468,10,539,person
/home/tyrone1/lavkush/reshaped_image_dataset/dynamicBackground/fall/in000689.jpg,439,494,488,606,person
/home/tyrone1/lavkush/reshaped_image_dataset/dynamicBackground/fall/in000689.jpg,394,469,434,606,person
/home/tyrone1/lavkush/reshaped_image_dataset/dynamicBackground/fall/in000690.jpg,2,469,10,532,person
/home/tyrone1/lavkush/reshaped_image_dataset/dynamicBackground/fall/in000690.jpg,393,483,432,606,person
/home/tyrone1/lavkush/reshaped_image_dataset/dynamicBackground/fall/in000690.jpg,432,487,486,606,person
/home/tyrone1/lavkush/reshaped_image_dataset/dynamicBackground/fall/in000691.jpg,0,469,9,561,person
/home/tyrone1/lavkush/reshaped_image_dataset/dynamicBackground/fall/in000691.jpg,433,495,483,606,person
/home/tyrone1/lavkush/reshaped_image_dataset/dynamicBackground/fall/in000691.jpg,390,472,433,606,person
/home/tyrone1/lavkush/reshaped_image_dataset/dynamicBackground/fall/in000692.jpg,430,495,484,606,person
/home/tyrone1/lavkush/reshaped_image_dataset/dynamicBackground/fall/in000692.jpg,381,463,434,606,person
/home/tyrone1/lavkush/reshaped_image_dataset/dynamicBackground/fall/in000693.jpg,0,471,8,559,person
/home/tyrone1/lavkush/reshaped_image_dataset/dynamicBackground/fall/in000693.jpg,1,471,6,561,person
/home/tyrone1/lavkush/reshaped_image_dataset/dynamicBackground/fall/in000693.jpg,431,492,478,606,person
/home/tyrone1/lavkush/reshaped_image_dataset/dynamicBackground/fall/in000693.jpg,378,472,428,606,person
/home/tyrone1/lavkush/reshaped_image_dataset/dynamicBackground/fall/in000694.jpg,0,467,5,539,person
/home/tyrone1/lavkush/reshaped_image_dataset/dynamicBackground/fall/in000694.jpg,423,491,465,600,person
/home/tyrone1/lavkush/reshaped_image_dataset/dynamicBackground/fall/in000694.jpg,379,469,423,606,person
/home/tyrone1/lavkush/reshaped_image_dataset/dynamicBackground/fall/in000695.jpg,425,500,466,599,person
/home/tyrone1/lavkush/reshaped_image_dataset/dynamicBackground/fall/in000695.jpg,375,471,428,606,person
/home/tyrone1/lavkush/reshaped_image_dataset/dynamicBackground/fall/in000696.jpg,425,505,461,600,person
/home/tyrone1/lavkush/reshaped_image_dataset/dynamicBackground/fall/in000696.jpg,373,476,421,606,person
/home/tyrone1/lavkush/reshaped_image_dataset/dynamicBackground/fall/in000697.jpg,416,501,465,606,person
/home/tyrone1/lavkush/reshaped_image_dataset/dynamicBackground/fall/in000697.jpg,369,473,420,606,person
/home/tyrone1/lavkush/reshaped_image_dataset/dynamicBackground/fall/in000698.jpg,408,497,461,606,person
/home/tyrone1/lavkush/reshaped_image_dataset/dynamicBackground/fall/in000698.jpg,370,473,416,606,person
/home/tyrone1/lavkush/reshaped_image_dataset/dynamicBackground/fall/in000699.jpg,412,488,456,606,person
/home/tyrone1/lavkush/reshaped_image_dataset/dynamicBackground/fall/in000699.jpg,363,473,413,606,person
/home/tyrone1/lavkush/reshaped_image_dataset/dynamicBackground/fall/in000700.jpg,408,496,450,606,person
/home/tyrone1/lavkush/reshaped_image_dataset/dynamicBackground/fall/in000700.jpg,359,478,409,606,person
/home/tyrone1/lavkush/reshaped_image_dataset/dynamicBackground/fall/in000701.jpg,408,496,446,606,person
/home/tyrone1/lavkush/reshaped_image_dataset/dynamicBackground/fall/in000701.jpg,357,473,406,606,person
/home/tyrone1/lavkush/reshaped_image_dataset/dynamicBackground/fall/in000702.jpg,401,488,453,606,person
/home/tyrone1/lavkush/reshaped_image_dataset/dynamicBackground/fall/in000702.jpg,354,473,397,606,person
/home/tyrone1/lavkush/reshaped_image_dataset/dynamicBackground/fall/in000703.jpg,400,485,453,606,person
/home/tyrone1/lavkush/reshaped_image_dataset/dynamicBackground/fall/in000703.jpg,355,473,400,606,person
/home/tyrone1/lavkush/reshaped_image_dataset/dynamicBackground/fall/in000704.jpg,396,486,451,606,person
/home/tyrone1/lavkush/reshaped_image_dataset/dynamicBackground/fall/in000704.jpg,351,473,401,606,person
/home/tyrone1/lavkush/reshaped_image_dataset/dynamicBackground/fall/in000705.jpg,400,491,442,606,person
/home/tyrone1/lavkush/reshaped_image_dataset/dynamicBackground/fall/in000705.jpg,348,473,397,606,person
/home/tyrone1/lavkush/reshaped_image_dataset/dynamicBackground/fall/in000706.jpg,398,486,444,606,person
/home/tyrone1/lavkush/reshaped_image_dataset/dynamicBackground/fall/in000706.jpg,341,473,400,606,person
/home/tyrone1/lavkush/reshaped_image_dataset/dynamicBackground/fall/in000707.jpg,396,496,439,606,person
/home/tyrone1/lavkush/reshaped_image_dataset/dynamicBackground/fall/in000707.jpg,339,471,398,606,person
/home/tyrone1/lavkush/reshaped_image_dataset/dynamicBackground/fall/in000708.jpg,389,499,450,606,person
/home/tyrone1/lavkush/reshaped_image_dataset/dynamicBackground/fall/in000708.jpg,339,472,396,606,person
/home/tyrone1/lavkush/reshaped_image_dataset/dynamicBackground/fall/in000709.jpg,385,507,442,606,person
/home/tyrone1/lavkush/reshaped_image_dataset/dynamicBackground/fall/in000709.jpg,337,472,387,606,person
/home/tyrone1/lavkush/reshaped_image_dataset/dynamicBackground/fall/in000710.jpg,379,499,435,606,person
/home/tyrone1/lavkush/reshaped_image_dataset/dynamicBackground/fall/in000710.jpg,331,477,380,606,person
/home/tyrone1/lavkush/reshaped_image_dataset/dynamicBackground/fall/in000711.jpg,375,501,428,606,person
/home/tyrone1/lavkush/reshaped_image_dataset/dynamicBackground/fall/in000711.jpg,331,476,379,606,person
/home/tyrone1/lavkush/reshaped_image_dataset/dynamicBackground/fall/in000712.jpg,373,501,421,601,person
/home/tyrone1/lavkush/reshaped_image_dataset/dynamicBackground/fall/in000712.jpg,327,476,372,606,person
/home/tyrone1/lavkush/reshaped_image_dataset/dynamicBackground/fall/in000713.jpg,373,504,426,606,person
/home/tyrone1/lavkush/reshaped_image_dataset/dynamicBackground/fall/in000713.jpg,328,473,370,606,person
/home/tyrone1/lavkush/reshaped_image_dataset/dynamicBackground/fall/in000714.jpg,370,505,423,606,person
/home/tyrone1/lavkush/reshaped_image_dataset/dynamicBackground/fall/in000714.jpg,328,471,367,606,person
/home/tyrone1/lavkush/reshaped_image_dataset/dynamicBackground/fall/in000715.jpg,366,496,418,606,person
/home/tyrone1/lavkush/reshaped_image_dataset/dynamicBackground/fall/in000715.jpg,323,477,361,606,person
/home/tyrone1/lavkush/reshaped_image_dataset/dynamicBackground/fall/in000716.jpg,363,496,405,602,person
/home/tyrone1/lavkush/reshaped_image_dataset/dynamicBackground/fall/in000716.jpg,324,477,357,606,person
/home/tyrone1/lavkush/reshaped_image_dataset/dynamicBackground/fall/in000717.jpg,363,494,412,606,person
/home/tyrone1/lavkush/reshaped_image_dataset/dynamicBackground/fall/in000717.jpg,321,472,355,606,person
/home/tyrone1/lavkush/reshaped_image_dataset/dynamicBackground/fall/in000718.jpg,309,485,351,606,person
/home/tyrone1/lavkush/reshaped_image_dataset/dynamicBackground/fall/in000719.jpg,356,496,407,606,person
/home/tyrone1/lavkush/reshaped_image_dataset/dynamicBackground/fall/in000719.jpg,355,494,407,606,person
/home/tyrone1/lavkush/reshaped_image_dataset/dynamicBackground/fall/in000719.jpg,306,485,349,606,person
/home/tyrone1/lavkush/reshaped_image_dataset/dynamicBackground/fall/in000720.jpg,298,480,347,606,person
