/home/tyrone1/lavkush/reshaped_image_dataset/intermittentObjectMotion/tramstop/in000001.jpg,260,249,292,407,person
/home/tyrone1/lavkush/reshaped_image_dataset/intermittentObjectMotion/tramstop/in000001.jpg,382,105,409,204,person
/home/tyrone1/lavkush/reshaped_image_dataset/intermittentObjectMotion/tramstop/in000002.jpg,257,259,291,403,person
/home/tyrone1/lavkush/reshaped_image_dataset/intermittentObjectMotion/tramstop/in000002.jpg,385,103,413,221,person
/home/tyrone1/lavkush/reshaped_image_dataset/intermittentObjectMotion/tramstop/in000003.jpg,258,263,294,418,person
/home/tyrone1/lavkush/reshaped_image_dataset/intermittentObjectMotion/tramstop/in000003.jpg,391,105,413,219,person
/home/tyrone1/lavkush/reshaped_image_dataset/intermittentObjectMotion/tramstop/in000004.jpg,258,261,294,418,person
/home/tyrone1/lavkush/reshaped_image_dataset/intermittentObjectMotion/tramstop/in000004.jpg,385,99,419,219,person
/home/tyrone1/lavkush/reshaped_image_dataset/intermittentObjectMotion/tramstop/in000005.jpg,261,257,298,407,person
/home/tyrone1/lavkush/reshaped_image_dataset/intermittentObjectMotion/tramstop/in000005.jpg,388,101,418,211,person
/home/tyrone1/lavkush/reshaped_image_dataset/intermittentObjectMotion/tramstop/in000006.jpg,254,261,292,418,person
/home/tyrone1/lavkush/reshaped_image_dataset/intermittentObjectMotion/tramstop/in000006.jpg,391,109,423,211,person
/home/tyrone1/lavkush/reshaped_image_dataset/intermittentObjectMotion/tramstop/in000007.jpg,257,253,294,411,person
/home/tyrone1/lavkush/reshaped_image_dataset/intermittentObjectMotion/tramstop/in000007.jpg,391,101,425,215,person
/home/tyrone1/lavkush/reshaped_image_dataset/intermittentObjectMotion/tramstop/in000008.jpg,256,251,294,418,person
/home/tyrone1/lavkush/reshaped_image_dataset/intermittentObjectMotion/tramstop/in000008.jpg,394,103,426,225,person
/home/tyrone1/lavkush/reshaped_image_dataset/intermittentObjectMotion/tramstop/in000009.jpg,257,257,295,420,person
/home/tyrone1/lavkush/reshaped_image_dataset/intermittentObjectMotion/tramstop/in000009.jpg,396,103,427,215,person
/home/tyrone1/lavkush/reshaped_image_dataset/intermittentObjectMotion/tramstop/in000010.jpg,257,257,295,415,person
/home/tyrone1/lavkush/reshaped_image_dataset/intermittentObjectMotion/tramstop/in000010.jpg,396,114,430,221,person
/home/tyrone1/lavkush/reshaped_image_dataset/intermittentObjectMotion/tramstop/in000011.jpg,258,253,295,424,person
/home/tyrone1/lavkush/reshaped_image_dataset/intermittentObjectMotion/tramstop/in000011.jpg,398,107,433,219,person
/home/tyrone1/lavkush/reshaped_image_dataset/intermittentObjectMotion/tramstop/in000012.jpg,257,251,295,413,person
/home/tyrone1/lavkush/reshaped_image_dataset/intermittentObjectMotion/tramstop/in000012.jpg,401,111,432,223,person
/home/tyrone1/lavkush/reshaped_image_dataset/intermittentObjectMotion/tramstop/in000013.jpg,254,253,294,422,person
/home/tyrone1/lavkush/reshaped_image_dataset/intermittentObjectMotion/tramstop/in000013.jpg,406,109,434,213,person
/home/tyrone1/lavkush/reshaped_image_dataset/intermittentObjectMotion/tramstop/in000014.jpg,257,255,292,415,person
/home/tyrone1/lavkush/reshaped_image_dataset/intermittentObjectMotion/tramstop/in000014.jpg,406,103,434,219,person
/home/tyrone1/lavkush/reshaped_image_dataset/intermittentObjectMotion/tramstop/in000015.jpg,254,249,295,411,person
/home/tyrone1/lavkush/reshaped_image_dataset/intermittentObjectMotion/tramstop/in000015.jpg,409,101,437,225,person
/home/tyrone1/lavkush/reshaped_image_dataset/intermittentObjectMotion/tramstop/in000016.jpg,257,255,291,418,person
/home/tyrone1/lavkush/reshaped_image_dataset/intermittentObjectMotion/tramstop/in000016.jpg,409,103,441,221,person
/home/tyrone1/lavkush/reshaped_image_dataset/intermittentObjectMotion/tramstop/in000017.jpg,256,253,292,424,person
/home/tyrone1/lavkush/reshaped_image_dataset/intermittentObjectMotion/tramstop/in000017.jpg,413,107,446,225,person
/home/tyrone1/lavkush/reshaped_image_dataset/intermittentObjectMotion/tramstop/in000018.jpg,257,253,292,418,person
/home/tyrone1/lavkush/reshaped_image_dataset/intermittentObjectMotion/tramstop/in000018.jpg,419,107,446,215,person
/home/tyrone1/lavkush/reshaped_image_dataset/intermittentObjectMotion/tramstop/in000019.jpg,257,251,294,424,person
/home/tyrone1/lavkush/reshaped_image_dataset/intermittentObjectMotion/tramstop/in000019.jpg,416,99,451,209,person
/home/tyrone1/lavkush/reshaped_image_dataset/intermittentObjectMotion/tramstop/in000020.jpg,257,257,288,411,person
/home/tyrone1/lavkush/reshaped_image_dataset/intermittentObjectMotion/tramstop/in000020.jpg,422,111,450,236,person
/home/tyrone1/lavkush/reshaped_image_dataset/intermittentObjectMotion/tramstop/in000021.jpg,260,259,294,422,person
/home/tyrone1/lavkush/reshaped_image_dataset/intermittentObjectMotion/tramstop/in000021.jpg,418,114,451,213,person
/home/tyrone1/lavkush/reshaped_image_dataset/intermittentObjectMotion/tramstop/in000022.jpg,260,255,292,422,person
/home/tyrone1/lavkush/reshaped_image_dataset/intermittentObjectMotion/tramstop/in000022.jpg,419,111,454,219,person
/home/tyrone1/lavkush/reshaped_image_dataset/intermittentObjectMotion/tramstop/in000023.jpg,257,255,291,428,person
/home/tyrone1/lavkush/reshaped_image_dataset/intermittentObjectMotion/tramstop/in000023.jpg,420,111,454,221,person
/home/tyrone1/lavkush/reshaped_image_dataset/intermittentObjectMotion/tramstop/in000024.jpg,257,251,291,413,person
/home/tyrone1/lavkush/reshaped_image_dataset/intermittentObjectMotion/tramstop/in000024.jpg,422,109,458,219,person
/home/tyrone1/lavkush/reshaped_image_dataset/intermittentObjectMotion/tramstop/in000025.jpg,258,261,298,422,person
/home/tyrone1/lavkush/reshaped_image_dataset/intermittentObjectMotion/tramstop/in000025.jpg,426,114,454,217,person
/home/tyrone1/lavkush/reshaped_image_dataset/intermittentObjectMotion/tramstop/in000026.jpg,257,253,291,418,person
/home/tyrone1/lavkush/reshaped_image_dataset/intermittentObjectMotion/tramstop/in000026.jpg,429,116,461,228,person
/home/tyrone1/lavkush/reshaped_image_dataset/intermittentObjectMotion/tramstop/in000027.jpg,261,253,292,420,person
/home/tyrone1/lavkush/reshaped_image_dataset/intermittentObjectMotion/tramstop/in000027.jpg,430,107,460,217,person
/home/tyrone1/lavkush/reshaped_image_dataset/intermittentObjectMotion/tramstop/in000028.jpg,256,253,292,424,person
/home/tyrone1/lavkush/reshaped_image_dataset/intermittentObjectMotion/tramstop/in000028.jpg,434,118,456,211,person
/home/tyrone1/lavkush/reshaped_image_dataset/intermittentObjectMotion/tramstop/in000029.jpg,258,253,295,420,person
/home/tyrone1/lavkush/reshaped_image_dataset/intermittentObjectMotion/tramstop/in000029.jpg,439,109,464,219,person
/home/tyrone1/lavkush/reshaped_image_dataset/intermittentObjectMotion/tramstop/in000030.jpg,257,249,292,422,person
/home/tyrone1/lavkush/reshaped_image_dataset/intermittentObjectMotion/tramstop/in000030.jpg,439,114,468,228,person
/home/tyrone1/lavkush/reshaped_image_dataset/intermittentObjectMotion/tramstop/in000030.jpg,579,314,608,434,car
/home/tyrone1/lavkush/reshaped_image_dataset/intermittentObjectMotion/tramstop/in000031.jpg,257,251,295,418,person
/home/tyrone1/lavkush/reshaped_image_dataset/intermittentObjectMotion/tramstop/in000031.jpg,440,114,467,219,person
/home/tyrone1/lavkush/reshaped_image_dataset/intermittentObjectMotion/tramstop/in000031.jpg,572,329,608,432,car
/home/tyrone1/lavkush/reshaped_image_dataset/intermittentObjectMotion/tramstop/in000032.jpg,260,257,295,424,person
/home/tyrone1/lavkush/reshaped_image_dataset/intermittentObjectMotion/tramstop/in000032.jpg,441,116,472,217,person
/home/tyrone1/lavkush/reshaped_image_dataset/intermittentObjectMotion/tramstop/in000032.jpg,554,323,608,439,car
/home/tyrone1/lavkush/reshaped_image_dataset/intermittentObjectMotion/tramstop/in000033.jpg,260,255,294,411,person
/home/tyrone1/lavkush/reshaped_image_dataset/intermittentObjectMotion/tramstop/in000033.jpg,444,109,474,215,person
/home/tyrone1/lavkush/reshaped_image_dataset/intermittentObjectMotion/tramstop/in000033.jpg,536,318,608,424,car
/home/tyrone1/lavkush/reshaped_image_dataset/intermittentObjectMotion/tramstop/in000034.jpg,257,257,288,422,person
/home/tyrone1/lavkush/reshaped_image_dataset/intermittentObjectMotion/tramstop/in000034.jpg,448,114,478,223,person
/home/tyrone1/lavkush/reshaped_image_dataset/intermittentObjectMotion/tramstop/in000034.jpg,523,316,608,445,car
/home/tyrone1/lavkush/reshaped_image_dataset/intermittentObjectMotion/tramstop/in000035.jpg,263,253,291,422,person
/home/tyrone1/lavkush/reshaped_image_dataset/intermittentObjectMotion/tramstop/in000035.jpg,446,116,481,217,person
/home/tyrone1/lavkush/reshaped_image_dataset/intermittentObjectMotion/tramstop/in000035.jpg,505,318,608,456,car
/home/tyrone1/lavkush/reshaped_image_dataset/intermittentObjectMotion/tramstop/in000036.jpg,257,257,289,411,person
/home/tyrone1/lavkush/reshaped_image_dataset/intermittentObjectMotion/tramstop/in000036.jpg,450,116,485,219,person
/home/tyrone1/lavkush/reshaped_image_dataset/intermittentObjectMotion/tramstop/in000036.jpg,495,306,608,441,car
/home/tyrone1/lavkush/reshaped_image_dataset/intermittentObjectMotion/tramstop/in000037.jpg,257,253,294,424,person
/home/tyrone1/lavkush/reshaped_image_dataset/intermittentObjectMotion/tramstop/in000037.jpg,446,116,481,219,person
/home/tyrone1/lavkush/reshaped_image_dataset/intermittentObjectMotion/tramstop/in000037.jpg,470,312,608,441,car
/home/tyrone1/lavkush/reshaped_image_dataset/intermittentObjectMotion/tramstop/in000038.jpg,260,249,289,418,person
/home/tyrone1/lavkush/reshaped_image_dataset/intermittentObjectMotion/tramstop/in000038.jpg,450,120,484,221,person
/home/tyrone1/lavkush/reshaped_image_dataset/intermittentObjectMotion/tramstop/in000038.jpg,451,320,599,443,car
/home/tyrone1/lavkush/reshaped_image_dataset/intermittentObjectMotion/tramstop/in000039.jpg,257,247,291,418,person
/home/tyrone1/lavkush/reshaped_image_dataset/intermittentObjectMotion/tramstop/in000039.jpg,453,120,481,215,person
/home/tyrone1/lavkush/reshaped_image_dataset/intermittentObjectMotion/tramstop/in000039.jpg,440,295,608,443,car
/home/tyrone1/lavkush/reshaped_image_dataset/intermittentObjectMotion/tramstop/in000040.jpg,261,259,288,424,person
/home/tyrone1/lavkush/reshaped_image_dataset/intermittentObjectMotion/tramstop/in000040.jpg,454,114,488,219,person
/home/tyrone1/lavkush/reshaped_image_dataset/intermittentObjectMotion/tramstop/in000040.jpg,408,312,608,439,car
/home/tyrone1/lavkush/reshaped_image_dataset/intermittentObjectMotion/tramstop/in000041.jpg,258,253,292,411,person
/home/tyrone1/lavkush/reshaped_image_dataset/intermittentObjectMotion/tramstop/in000041.jpg,458,109,488,215,person
/home/tyrone1/lavkush/reshaped_image_dataset/intermittentObjectMotion/tramstop/in000041.jpg,391,325,608,462,car
/home/tyrone1/lavkush/reshaped_image_dataset/intermittentObjectMotion/tramstop/in000042.jpg,258,259,294,415,person
/home/tyrone1/lavkush/reshaped_image_dataset/intermittentObjectMotion/tramstop/in000042.jpg,463,118,494,230,person
/home/tyrone1/lavkush/reshaped_image_dataset/intermittentObjectMotion/tramstop/in000042.jpg,371,308,605,460,car
/home/tyrone1/lavkush/reshaped_image_dataset/intermittentObjectMotion/tramstop/in000043.jpg,260,253,292,422,person
/home/tyrone1/lavkush/reshaped_image_dataset/intermittentObjectMotion/tramstop/in000043.jpg,464,116,489,236,person
/home/tyrone1/lavkush/reshaped_image_dataset/intermittentObjectMotion/tramstop/in000043.jpg,349,316,586,456,car
/home/tyrone1/lavkush/reshaped_image_dataset/intermittentObjectMotion/tramstop/in000044.jpg,260,259,294,411,person
/home/tyrone1/lavkush/reshaped_image_dataset/intermittentObjectMotion/tramstop/in000044.jpg,465,109,489,232,person
/home/tyrone1/lavkush/reshaped_image_dataset/intermittentObjectMotion/tramstop/in000044.jpg,327,314,560,453,car
/home/tyrone1/lavkush/reshaped_image_dataset/intermittentObjectMotion/tramstop/in000045.jpg,257,259,291,407,person
/home/tyrone1/lavkush/reshaped_image_dataset/intermittentObjectMotion/tramstop/in000045.jpg,472,109,494,219,person
/home/tyrone1/lavkush/reshaped_image_dataset/intermittentObjectMotion/tramstop/in000045.jpg,319,314,539,453,car
/home/tyrone1/lavkush/reshaped_image_dataset/intermittentObjectMotion/tramstop/in000046.jpg,263,257,288,413,person
/home/tyrone1/lavkush/reshaped_image_dataset/intermittentObjectMotion/tramstop/in000046.jpg,470,114,494,221,person
/home/tyrone1/lavkush/reshaped_image_dataset/intermittentObjectMotion/tramstop/in000046.jpg,299,316,520,451,car
/home/tyrone1/lavkush/reshaped_image_dataset/intermittentObjectMotion/tramstop/in000047.jpg,263,261,284,394,person
/home/tyrone1/lavkush/reshaped_image_dataset/intermittentObjectMotion/tramstop/in000047.jpg,472,114,502,223,person
/home/tyrone1/lavkush/reshaped_image_dataset/intermittentObjectMotion/tramstop/in000047.jpg,278,308,506,458,car
/home/tyrone1/lavkush/reshaped_image_dataset/intermittentObjectMotion/tramstop/in000048.jpg,260,255,282,380,person
/home/tyrone1/lavkush/reshaped_image_dataset/intermittentObjectMotion/tramstop/in000048.jpg,472,116,501,228,person
/home/tyrone1/lavkush/reshaped_image_dataset/intermittentObjectMotion/tramstop/in000048.jpg,260,312,484,458,car
/home/tyrone1/lavkush/reshaped_image_dataset/intermittentObjectMotion/tramstop/in000049.jpg,261,253,282,380,person
/home/tyrone1/lavkush/reshaped_image_dataset/intermittentObjectMotion/tramstop/in000049.jpg,472,114,509,219,person
/home/tyrone1/lavkush/reshaped_image_dataset/intermittentObjectMotion/tramstop/in000049.jpg,236,327,464,460,car
/home/tyrone1/lavkush/reshaped_image_dataset/intermittentObjectMotion/tramstop/in000050.jpg,263,251,287,363,person
/home/tyrone1/lavkush/reshaped_image_dataset/intermittentObjectMotion/tramstop/in000050.jpg,474,109,508,225,person
/home/tyrone1/lavkush/reshaped_image_dataset/intermittentObjectMotion/tramstop/in000050.jpg,213,316,467,453,car
/home/tyrone1/lavkush/reshaped_image_dataset/intermittentObjectMotion/tramstop/in000051.jpg,260,257,278,354,person
/home/tyrone1/lavkush/reshaped_image_dataset/intermittentObjectMotion/tramstop/in000051.jpg,478,111,510,225,person
/home/tyrone1/lavkush/reshaped_image_dataset/intermittentObjectMotion/tramstop/in000051.jpg,184,333,441,464,car
/home/tyrone1/lavkush/reshaped_image_dataset/intermittentObjectMotion/tramstop/in000052.jpg,264,249,284,325,person
/home/tyrone1/lavkush/reshaped_image_dataset/intermittentObjectMotion/tramstop/in000052.jpg,478,114,508,225,person
/home/tyrone1/lavkush/reshaped_image_dataset/intermittentObjectMotion/tramstop/in000052.jpg,171,335,422,466,car
/home/tyrone1/lavkush/reshaped_image_dataset/intermittentObjectMotion/tramstop/in000053.jpg,261,249,287,333,person
/home/tyrone1/lavkush/reshaped_image_dataset/intermittentObjectMotion/tramstop/in000053.jpg,481,111,513,223,person
/home/tyrone1/lavkush/reshaped_image_dataset/intermittentObjectMotion/tramstop/in000053.jpg,143,335,406,468,car
/home/tyrone1/lavkush/reshaped_image_dataset/intermittentObjectMotion/tramstop/in000054.jpg,264,255,289,333,person
/home/tyrone1/lavkush/reshaped_image_dataset/intermittentObjectMotion/tramstop/in000054.jpg,481,105,515,215,person
/home/tyrone1/lavkush/reshaped_image_dataset/intermittentObjectMotion/tramstop/in000054.jpg,135,331,378,475,car
/home/tyrone1/lavkush/reshaped_image_dataset/intermittentObjectMotion/tramstop/in000055.jpg,261,257,285,337,person
/home/tyrone1/lavkush/reshaped_image_dataset/intermittentObjectMotion/tramstop/in000055.jpg,481,114,506,225,person
/home/tyrone1/lavkush/reshaped_image_dataset/intermittentObjectMotion/tramstop/in000055.jpg,135,327,356,479,car
/home/tyrone1/lavkush/reshaped_image_dataset/intermittentObjectMotion/tramstop/in000056.jpg,260,253,289,337,person
/home/tyrone1/lavkush/reshaped_image_dataset/intermittentObjectMotion/tramstop/in000056.jpg,488,107,515,221,person
/home/tyrone1/lavkush/reshaped_image_dataset/intermittentObjectMotion/tramstop/in000056.jpg,136,335,339,479,car
/home/tyrone1/lavkush/reshaped_image_dataset/intermittentObjectMotion/tramstop/in000056.jpg,577,346,608,477,car
/home/tyrone1/lavkush/reshaped_image_dataset/intermittentObjectMotion/tramstop/in000057.jpg,263,251,291,337,person
/home/tyrone1/lavkush/reshaped_image_dataset/intermittentObjectMotion/tramstop/in000057.jpg,489,107,512,232,person
/home/tyrone1/lavkush/reshaped_image_dataset/intermittentObjectMotion/tramstop/in000057.jpg,136,329,322,479,car
/home/tyrone1/lavkush/reshaped_image_dataset/intermittentObjectMotion/tramstop/in000057.jpg,570,350,608,477,car
/home/tyrone1/lavkush/reshaped_image_dataset/intermittentObjectMotion/tramstop/in000058.jpg,263,251,281,348,person
/home/tyrone1/lavkush/reshaped_image_dataset/intermittentObjectMotion/tramstop/in000058.jpg,496,109,516,219,person
/home/tyrone1/lavkush/reshaped_image_dataset/intermittentObjectMotion/tramstop/in000058.jpg,135,333,295,491,car
/home/tyrone1/lavkush/reshaped_image_dataset/intermittentObjectMotion/tramstop/in000058.jpg,544,350,608,475,car
/home/tyrone1/lavkush/reshaped_image_dataset/intermittentObjectMotion/tramstop/in000059.jpg,258,253,285,386,person
/home/tyrone1/lavkush/reshaped_image_dataset/intermittentObjectMotion/tramstop/in000059.jpg,495,109,515,225,person
/home/tyrone1/lavkush/reshaped_image_dataset/intermittentObjectMotion/tramstop/in000059.jpg,140,337,284,489,car
/home/tyrone1/lavkush/reshaped_image_dataset/intermittentObjectMotion/tramstop/in000059.jpg,529,337,608,498,car
/home/tyrone1/lavkush/reshaped_image_dataset/intermittentObjectMotion/tramstop/in000060.jpg,261,249,289,420,person
/home/tyrone1/lavkush/reshaped_image_dataset/intermittentObjectMotion/tramstop/in000060.jpg,496,105,517,223,person
/home/tyrone1/lavkush/reshaped_image_dataset/intermittentObjectMotion/tramstop/in000060.jpg,135,329,250,481,car
/home/tyrone1/lavkush/reshaped_image_dataset/intermittentObjectMotion/tramstop/in000060.jpg,508,316,608,475,car
/home/tyrone1/lavkush/reshaped_image_dataset/intermittentObjectMotion/tramstop/in000061.jpg,263,247,289,418,person
/home/tyrone1/lavkush/reshaped_image_dataset/intermittentObjectMotion/tramstop/in000061.jpg,502,111,520,223,person
/home/tyrone1/lavkush/reshaped_image_dataset/intermittentObjectMotion/tramstop/in000061.jpg,140,335,240,487,car
/home/tyrone1/lavkush/reshaped_image_dataset/intermittentObjectMotion/tramstop/in000061.jpg,492,323,608,479,car
/home/tyrone1/lavkush/reshaped_image_dataset/intermittentObjectMotion/tramstop/in000062.jpg,256,255,289,418,person
/home/tyrone1/lavkush/reshaped_image_dataset/intermittentObjectMotion/tramstop/in000062.jpg,503,109,524,219,person
/home/tyrone1/lavkush/reshaped_image_dataset/intermittentObjectMotion/tramstop/in000062.jpg,139,339,211,487,car
/home/tyrone1/lavkush/reshaped_image_dataset/intermittentObjectMotion/tramstop/in000062.jpg,475,323,608,487,car
/home/tyrone1/lavkush/reshaped_image_dataset/intermittentObjectMotion/tramstop/in000063.jpg,260,247,292,424,person
/home/tyrone1/lavkush/reshaped_image_dataset/intermittentObjectMotion/tramstop/in000063.jpg,503,120,517,211,person
/home/tyrone1/lavkush/reshaped_image_dataset/intermittentObjectMotion/tramstop/in000063.jpg,136,335,195,483,car
/home/tyrone1/lavkush/reshaped_image_dataset/intermittentObjectMotion/tramstop/in000063.jpg,440,314,608,481,car
/home/tyrone1/lavkush/reshaped_image_dataset/intermittentObjectMotion/tramstop/in000064.jpg,257,253,291,424,person
/home/tyrone1/lavkush/reshaped_image_dataset/intermittentObjectMotion/tramstop/in000064.jpg,502,114,519,223,person
/home/tyrone1/lavkush/reshaped_image_dataset/intermittentObjectMotion/tramstop/in000064.jpg,137,354,175,494,car
/home/tyrone1/lavkush/reshaped_image_dataset/intermittentObjectMotion/tramstop/in000064.jpg,426,320,608,483,car
/home/tyrone1/lavkush/reshaped_image_dataset/intermittentObjectMotion/tramstop/in000065.jpg,258,251,289,422,person
/home/tyrone1/lavkush/reshaped_image_dataset/intermittentObjectMotion/tramstop/in000065.jpg,405,346,608,494,car
/home/tyrone1/lavkush/reshaped_image_dataset/intermittentObjectMotion/tramstop/in000066.jpg,258,253,289,413,person
/home/tyrone1/lavkush/reshaped_image_dataset/intermittentObjectMotion/tramstop/in000066.jpg,378,327,608,481,car
/home/tyrone1/lavkush/reshaped_image_dataset/intermittentObjectMotion/tramstop/in000067.jpg,260,257,291,415,person
/home/tyrone1/lavkush/reshaped_image_dataset/intermittentObjectMotion/tramstop/in000067.jpg,367,337,606,489,car
/home/tyrone1/lavkush/reshaped_image_dataset/intermittentObjectMotion/tramstop/in000068.jpg,254,249,288,411,person
/home/tyrone1/lavkush/reshaped_image_dataset/intermittentObjectMotion/tramstop/in000068.jpg,356,344,599,504,car
/home/tyrone1/lavkush/reshaped_image_dataset/intermittentObjectMotion/tramstop/in000069.jpg,257,255,288,422,person
/home/tyrone1/lavkush/reshaped_image_dataset/intermittentObjectMotion/tramstop/in000069.jpg,316,344,588,494,car
/home/tyrone1/lavkush/reshaped_image_dataset/intermittentObjectMotion/tramstop/in000070.jpg,258,253,292,424,person
/home/tyrone1/lavkush/reshaped_image_dataset/intermittentObjectMotion/tramstop/in000070.jpg,304,333,574,483,car
/home/tyrone1/lavkush/reshaped_image_dataset/intermittentObjectMotion/tramstop/in000071.jpg,260,253,289,418,person
/home/tyrone1/lavkush/reshaped_image_dataset/intermittentObjectMotion/tramstop/in000071.jpg,278,344,547,487,car
/home/tyrone1/lavkush/reshaped_image_dataset/intermittentObjectMotion/tramstop/in000072.jpg,260,249,287,413,person
/home/tyrone1/lavkush/reshaped_image_dataset/intermittentObjectMotion/tramstop/in000072.jpg,251,354,527,506,car
/home/tyrone1/lavkush/reshaped_image_dataset/intermittentObjectMotion/tramstop/in000073.jpg,263,253,285,396,person
/home/tyrone1/lavkush/reshaped_image_dataset/intermittentObjectMotion/tramstop/in000073.jpg,228,350,508,504,car
/home/tyrone1/lavkush/reshaped_image_dataset/intermittentObjectMotion/tramstop/in000074.jpg,260,247,282,401,person
/home/tyrone1/lavkush/reshaped_image_dataset/intermittentObjectMotion/tramstop/in000074.jpg,530,114,546,223,person
/home/tyrone1/lavkush/reshaped_image_dataset/intermittentObjectMotion/tramstop/in000074.jpg,198,361,484,494,car
/home/tyrone1/lavkush/reshaped_image_dataset/intermittentObjectMotion/tramstop/in000075.jpg,260,244,280,388,person
/home/tyrone1/lavkush/reshaped_image_dataset/intermittentObjectMotion/tramstop/in000075.jpg,532,114,548,221,person
/home/tyrone1/lavkush/reshaped_image_dataset/intermittentObjectMotion/tramstop/in000075.jpg,177,363,461,498,car
/home/tyrone1/lavkush/reshaped_image_dataset/intermittentObjectMotion/tramstop/in000076.jpg,263,247,284,363,person
/home/tyrone1/lavkush/reshaped_image_dataset/intermittentObjectMotion/tramstop/in000076.jpg,533,105,551,219,person
/home/tyrone1/lavkush/reshaped_image_dataset/intermittentObjectMotion/tramstop/in000076.jpg,150,375,447,517,car
/home/tyrone1/lavkush/reshaped_image_dataset/intermittentObjectMotion/tramstop/in000077.jpg,258,247,287,358,person
/home/tyrone1/lavkush/reshaped_image_dataset/intermittentObjectMotion/tramstop/in000077.jpg,530,120,551,219,person
/home/tyrone1/lavkush/reshaped_image_dataset/intermittentObjectMotion/tramstop/in000077.jpg,140,363,418,519,car
/home/tyrone1/lavkush/reshaped_image_dataset/intermittentObjectMotion/tramstop/in000078.jpg,258,253,284,354,person
/home/tyrone1/lavkush/reshaped_image_dataset/intermittentObjectMotion/tramstop/in000078.jpg,533,111,551,221,person
/home/tyrone1/lavkush/reshaped_image_dataset/intermittentObjectMotion/tramstop/in000078.jpg,135,365,403,523,car
/home/tyrone1/lavkush/reshaped_image_dataset/intermittentObjectMotion/tramstop/in000079.jpg,258,251,287,354,person
/home/tyrone1/lavkush/reshaped_image_dataset/intermittentObjectMotion/tramstop/in000079.jpg,530,118,551,223,person
/home/tyrone1/lavkush/reshaped_image_dataset/intermittentObjectMotion/tramstop/in000079.jpg,137,361,385,521,car
/home/tyrone1/lavkush/reshaped_image_dataset/intermittentObjectMotion/tramstop/in000080.jpg,263,249,287,363,person
/home/tyrone1/lavkush/reshaped_image_dataset/intermittentObjectMotion/tramstop/in000080.jpg,537,130,550,217,person
/home/tyrone1/lavkush/reshaped_image_dataset/intermittentObjectMotion/tramstop/in000080.jpg,139,356,347,513,car
/home/tyrone1/lavkush/reshaped_image_dataset/intermittentObjectMotion/tramstop/in000081.jpg,256,247,285,390,person
/home/tyrone1/lavkush/reshaped_image_dataset/intermittentObjectMotion/tramstop/in000081.jpg,534,118,547,228,person
/home/tyrone1/lavkush/reshaped_image_dataset/intermittentObjectMotion/tramstop/in000081.jpg,132,352,330,515,car
/home/tyrone1/lavkush/reshaped_image_dataset/intermittentObjectMotion/tramstop/in000082.jpg,263,255,292,401,person
/home/tyrone1/lavkush/reshaped_image_dataset/intermittentObjectMotion/tramstop/in000082.jpg,142,352,304,529,car
/home/tyrone1/lavkush/reshaped_image_dataset/intermittentObjectMotion/tramstop/in000083.jpg,260,247,288,424,person
/home/tyrone1/lavkush/reshaped_image_dataset/intermittentObjectMotion/tramstop/in000083.jpg,135,354,278,521,car
/home/tyrone1/lavkush/reshaped_image_dataset/intermittentObjectMotion/tramstop/in000084.jpg,256,257,291,422,person
/home/tyrone1/lavkush/reshaped_image_dataset/intermittentObjectMotion/tramstop/in000084.jpg,142,352,261,540,car
/home/tyrone1/lavkush/reshaped_image_dataset/intermittentObjectMotion/tramstop/in000085.jpg,258,253,291,411,person
/home/tyrone1/lavkush/reshaped_image_dataset/intermittentObjectMotion/tramstop/in000085.jpg,135,350,237,519,car
/home/tyrone1/lavkush/reshaped_image_dataset/intermittentObjectMotion/tramstop/in000086.jpg,260,249,289,422,person
/home/tyrone1/lavkush/reshaped_image_dataset/intermittentObjectMotion/tramstop/in000086.jpg,139,365,220,525,car
/home/tyrone1/lavkush/reshaped_image_dataset/intermittentObjectMotion/tramstop/in000087.jpg,258,247,295,409,person
/home/tyrone1/lavkush/reshaped_image_dataset/intermittentObjectMotion/tramstop/in000087.jpg,130,369,198,525,car
/home/tyrone1/lavkush/reshaped_image_dataset/intermittentObjectMotion/tramstop/in000088.jpg,256,253,288,420,person
/home/tyrone1/lavkush/reshaped_image_dataset/intermittentObjectMotion/tramstop/in000088.jpg,129,407,184,519,car
/home/tyrone1/lavkush/reshaped_image_dataset/intermittentObjectMotion/tramstop/in000089.jpg,260,253,292,432,person
