/home/tyrone1/lavkush/reshaped_image_dataset/baseline/highway/in000001.jpg,376,5,440,73,car
/home/tyrone1/lavkush/reshaped_image_dataset/baseline/highway/in000002.jpg,380,2,437,68,car
/home/tyrone1/lavkush/reshaped_image_dataset/baseline/highway/in000003.jpg,372,7,438,68,car
/home/tyrone1/lavkush/reshaped_image_dataset/baseline/highway/in000004.jpg,372,5,438,70,car
/home/tyrone1/lavkush/reshaped_image_dataset/baseline/highway/in000005.jpg,374,10,433,70,car
/home/tyrone1/lavkush/reshaped_image_dataset/baseline/highway/in000006.jpg,374,5,435,65,car
/home/tyrone1/lavkush/reshaped_image_dataset/baseline/highway/in000007.jpg,370,7,438,73,car
/home/tyrone1/lavkush/reshaped_image_dataset/baseline/highway/in000008.jpg,372,2,437,68,car
/home/tyrone1/lavkush/reshaped_image_dataset/baseline/highway/in000009.jpg,370,7,431,81,car
/home/tyrone1/lavkush/reshaped_image_dataset/baseline/highway/in000010.jpg,366,10,433,76,car
/home/tyrone1/lavkush/reshaped_image_dataset/baseline/highway/in000011.jpg,366,7,433,78,car
/home/tyrone1/lavkush/reshaped_image_dataset/baseline/highway/in000012.jpg,368,7,435,83,car
/home/tyrone1/lavkush/reshaped_image_dataset/baseline/highway/in000013.jpg,370,7,427,73,car
/home/tyrone1/lavkush/reshaped_image_dataset/baseline/highway/in000014.jpg,364,5,435,78,car
/home/tyrone1/lavkush/reshaped_image_dataset/baseline/highway/in000015.jpg,368,5,429,78,car
/home/tyrone1/lavkush/reshaped_image_dataset/baseline/highway/in000016.jpg,357,5,435,88,car
/home/tyrone1/lavkush/reshaped_image_dataset/baseline/highway/in000017.jpg,370,5,433,83,car
/home/tyrone1/lavkush/reshaped_image_dataset/baseline/highway/in000018.jpg,368,7,431,86,car
/home/tyrone1/lavkush/reshaped_image_dataset/baseline/highway/in000019.jpg,359,5,435,81,car
/home/tyrone1/lavkush/reshaped_image_dataset/baseline/highway/in000020.jpg,355,12,433,88,car
/home/tyrone1/lavkush/reshaped_image_dataset/baseline/highway/in000021.jpg,355,7,427,86,car
/home/tyrone1/lavkush/reshaped_image_dataset/baseline/highway/in000022.jpg,355,7,431,106,car
/home/tyrone1/lavkush/reshaped_image_dataset/baseline/highway/in000023.jpg,355,10,431,91,car
/home/tyrone1/lavkush/reshaped_image_dataset/baseline/highway/in000024.jpg,351,7,429,81,car
/home/tyrone1/lavkush/reshaped_image_dataset/baseline/highway/in000025.jpg,359,12,437,91,car
/home/tyrone1/lavkush/reshaped_image_dataset/baseline/highway/in000026.jpg,353,10,433,96,car
/home/tyrone1/lavkush/reshaped_image_dataset/baseline/highway/in000027.jpg,355,15,431,93,car
/home/tyrone1/lavkush/reshaped_image_dataset/baseline/highway/in000028.jpg,357,17,425,101,car
/home/tyrone1/lavkush/reshaped_image_dataset/baseline/highway/in000029.jpg,355,17,427,96,car
/home/tyrone1/lavkush/reshaped_image_dataset/baseline/highway/in000030.jpg,353,15,429,101,car
/home/tyrone1/lavkush/reshaped_image_dataset/baseline/highway/in000031.jpg,364,22,425,93,car
/home/tyrone1/lavkush/reshaped_image_dataset/baseline/highway/in000032.jpg,361,22,425,93,car
/home/tyrone1/lavkush/reshaped_image_dataset/baseline/highway/in000033.jpg,362,30,427,108,car
/home/tyrone1/lavkush/reshaped_image_dataset/baseline/highway/in000034.jpg,351,27,429,106,car
/home/tyrone1/lavkush/reshaped_image_dataset/baseline/highway/in000035.jpg,353,22,425,103,car
/home/tyrone1/lavkush/reshaped_image_dataset/baseline/highway/in000036.jpg,349,25,431,121,car
/home/tyrone1/lavkush/reshaped_image_dataset/baseline/highway/in000037.jpg,343,22,423,111,car
/home/tyrone1/lavkush/reshaped_image_dataset/baseline/highway/in000038.jpg,345,17,421,106,car
/home/tyrone1/lavkush/reshaped_image_dataset/baseline/highway/in000039.jpg,343,35,421,111,car
/home/tyrone1/lavkush/reshaped_image_dataset/baseline/highway/in000040.jpg,353,20,427,121,car
/home/tyrone1/lavkush/reshaped_image_dataset/baseline/highway/in000041.jpg,349,25,416,121,car
/home/tyrone1/lavkush/reshaped_image_dataset/baseline/highway/in000042.jpg,343,27,421,116,car
/home/tyrone1/lavkush/reshaped_image_dataset/baseline/highway/in000043.jpg,340,30,421,119,car
/home/tyrone1/lavkush/reshaped_image_dataset/baseline/highway/in000044.jpg,340,30,418,121,car
/home/tyrone1/lavkush/reshaped_image_dataset/baseline/highway/in000045.jpg,342,30,419,121,car
/home/tyrone1/lavkush/reshaped_image_dataset/baseline/highway/in000046.jpg,340,30,418,114,car
/home/tyrone1/lavkush/reshaped_image_dataset/baseline/highway/in000047.jpg,338,32,418,121,car
/home/tyrone1/lavkush/reshaped_image_dataset/baseline/highway/in000048.jpg,336,35,423,129,car
/home/tyrone1/lavkush/reshaped_image_dataset/baseline/highway/in000049.jpg,336,38,421,129,car
/home/tyrone1/lavkush/reshaped_image_dataset/baseline/highway/in000050.jpg,336,32,414,131,car
/home/tyrone1/lavkush/reshaped_image_dataset/baseline/highway/in000051.jpg,334,40,423,146,car
/home/tyrone1/lavkush/reshaped_image_dataset/baseline/highway/in000052.jpg,334,35,414,139,car
/home/tyrone1/lavkush/reshaped_image_dataset/baseline/highway/in000053.jpg,328,30,421,144,car
/home/tyrone1/lavkush/reshaped_image_dataset/baseline/highway/in000054.jpg,338,35,412,139,car
/home/tyrone1/lavkush/reshaped_image_dataset/baseline/highway/in000055.jpg,328,38,412,146,car
/home/tyrone1/lavkush/reshaped_image_dataset/baseline/highway/in000056.jpg,326,38,414,152,car
/home/tyrone1/lavkush/reshaped_image_dataset/baseline/highway/in000057.jpg,332,38,414,146,car
/home/tyrone1/lavkush/reshaped_image_dataset/baseline/highway/in000058.jpg,334,45,414,154,car
/home/tyrone1/lavkush/reshaped_image_dataset/baseline/highway/in000059.jpg,330,40,408,144,car
/home/tyrone1/lavkush/reshaped_image_dataset/baseline/highway/in000060.jpg,326,40,406,146,car
/home/tyrone1/lavkush/reshaped_image_dataset/baseline/highway/in000061.jpg,324,45,408,149,car
/home/tyrone1/lavkush/reshaped_image_dataset/baseline/highway/in000062.jpg,324,45,408,152,car
/home/tyrone1/lavkush/reshaped_image_dataset/baseline/highway/in000063.jpg,319,53,404,152,car
/home/tyrone1/lavkush/reshaped_image_dataset/baseline/highway/in000064.jpg,324,55,406,157,car
/home/tyrone1/lavkush/reshaped_image_dataset/baseline/highway/in000065.jpg,330,55,408,159,car
/home/tyrone1/lavkush/reshaped_image_dataset/baseline/highway/in000066.jpg,315,48,404,162,car
/home/tyrone1/lavkush/reshaped_image_dataset/baseline/highway/in000067.jpg,323,48,402,164,car
/home/tyrone1/lavkush/reshaped_image_dataset/baseline/highway/in000068.jpg,323,53,402,169,car
/home/tyrone1/lavkush/reshaped_image_dataset/baseline/highway/in000069.jpg,315,58,408,167,car
/home/tyrone1/lavkush/reshaped_image_dataset/baseline/highway/in000070.jpg,313,58,402,167,car
/home/tyrone1/lavkush/reshaped_image_dataset/baseline/highway/in000071.jpg,313,55,402,169,car
/home/tyrone1/lavkush/reshaped_image_dataset/baseline/highway/in000072.jpg,317,50,399,169,car
/home/tyrone1/lavkush/reshaped_image_dataset/baseline/highway/in000073.jpg,315,60,397,179,car
/home/tyrone1/lavkush/reshaped_image_dataset/baseline/highway/in000073.jpg,399,0,442,43,car
/home/tyrone1/lavkush/reshaped_image_dataset/baseline/highway/in000074.jpg,317,73,389,172,car
/home/tyrone1/lavkush/reshaped_image_dataset/baseline/highway/in000074.jpg,400,2,442,35,car
/home/tyrone1/lavkush/reshaped_image_dataset/baseline/highway/in000075.jpg,317,73,397,164,car
/home/tyrone1/lavkush/reshaped_image_dataset/baseline/highway/in000075.jpg,404,10,444,32,car
/home/tyrone1/lavkush/reshaped_image_dataset/baseline/highway/in000076.jpg,311,73,395,167,car
/home/tyrone1/lavkush/reshaped_image_dataset/baseline/highway/in000076.jpg,402,5,448,43,car
/home/tyrone1/lavkush/reshaped_image_dataset/baseline/highway/in000077.jpg,402,2,444,43,car
/home/tyrone1/lavkush/reshaped_image_dataset/baseline/highway/in000077.jpg,315,55,393,177,car
/home/tyrone1/lavkush/reshaped_image_dataset/baseline/highway/in000078.jpg,305,68,389,174,car
/home/tyrone1/lavkush/reshaped_image_dataset/baseline/highway/in000078.jpg,400,0,444,45,car
/home/tyrone1/lavkush/reshaped_image_dataset/baseline/highway/in000079.jpg,399,2,444,45,car
/home/tyrone1/lavkush/reshaped_image_dataset/baseline/highway/in000079.jpg,307,70,389,179,car
/home/tyrone1/lavkush/reshaped_image_dataset/baseline/highway/in000080.jpg,305,70,387,182,car
/home/tyrone1/lavkush/reshaped_image_dataset/baseline/highway/in000080.jpg,400,2,442,45,car
/home/tyrone1/lavkush/reshaped_image_dataset/baseline/highway/in000081.jpg,400,2,440,35,car
/home/tyrone1/lavkush/reshaped_image_dataset/baseline/highway/in000081.jpg,304,73,387,182,car
/home/tyrone1/lavkush/reshaped_image_dataset/baseline/highway/in000082.jpg,305,81,387,187,car
/home/tyrone1/lavkush/reshaped_image_dataset/baseline/highway/in000082.jpg,399,2,444,38,car
/home/tyrone1/lavkush/reshaped_image_dataset/baseline/highway/in000083.jpg,397,0,442,43,car
/home/tyrone1/lavkush/reshaped_image_dataset/baseline/highway/in000083.jpg,298,68,387,192,car
/home/tyrone1/lavkush/reshaped_image_dataset/baseline/highway/in000084.jpg,294,76,389,192,car
/home/tyrone1/lavkush/reshaped_image_dataset/baseline/highway/in000084.jpg,395,2,444,43,car
/home/tyrone1/lavkush/reshaped_image_dataset/baseline/highway/in000085.jpg,397,2,444,38,car
/home/tyrone1/lavkush/reshaped_image_dataset/baseline/highway/in000085.jpg,298,81,383,195,car
/home/tyrone1/lavkush/reshaped_image_dataset/baseline/highway/in000086.jpg,294,86,383,190,car
/home/tyrone1/lavkush/reshaped_image_dataset/baseline/highway/in000086.jpg,399,10,440,38,car
/home/tyrone1/lavkush/reshaped_image_dataset/baseline/highway/in000087.jpg,399,2,444,45,car
/home/tyrone1/lavkush/reshaped_image_dataset/baseline/highway/in000087.jpg,288,91,381,195,car
/home/tyrone1/lavkush/reshaped_image_dataset/baseline/highway/in000088.jpg,294,91,380,200,car
/home/tyrone1/lavkush/reshaped_image_dataset/baseline/highway/in000088.jpg,397,2,442,45,car
/home/tyrone1/lavkush/reshaped_image_dataset/baseline/highway/in000089.jpg,395,5,444,43,car
/home/tyrone1/lavkush/reshaped_image_dataset/baseline/highway/in000089.jpg,288,96,380,197,car
/home/tyrone1/lavkush/reshaped_image_dataset/baseline/highway/in000090.jpg,292,93,380,202,car
/home/tyrone1/lavkush/reshaped_image_dataset/baseline/highway/in000090.jpg,395,0,440,55,car
/home/tyrone1/lavkush/reshaped_image_dataset/baseline/highway/in000091.jpg,286,93,378,205,car
/home/tyrone1/lavkush/reshaped_image_dataset/baseline/highway/in000091.jpg,395,2,440,45,car
/home/tyrone1/lavkush/reshaped_image_dataset/baseline/highway/in000092.jpg,281,96,374,207,car
/home/tyrone1/lavkush/reshaped_image_dataset/baseline/highway/in000092.jpg,397,2,440,53,car
/home/tyrone1/lavkush/reshaped_image_dataset/baseline/highway/in000093.jpg,391,5,444,43,car
/home/tyrone1/lavkush/reshaped_image_dataset/baseline/highway/in000093.jpg,285,91,374,205,car
/home/tyrone1/lavkush/reshaped_image_dataset/baseline/highway/in000094.jpg,286,96,372,212,car
/home/tyrone1/lavkush/reshaped_image_dataset/baseline/highway/in000094.jpg,389,2,438,48,car
/home/tyrone1/lavkush/reshaped_image_dataset/baseline/highway/in000095.jpg,397,5,438,50,car
/home/tyrone1/lavkush/reshaped_image_dataset/baseline/highway/in000095.jpg,281,98,370,217,car
/home/tyrone1/lavkush/reshaped_image_dataset/baseline/highway/in000096.jpg,277,101,370,220,car
/home/tyrone1/lavkush/reshaped_image_dataset/baseline/highway/in000096.jpg,395,2,437,45,car
/home/tyrone1/lavkush/reshaped_image_dataset/baseline/highway/in000097.jpg,397,2,438,53,car
/home/tyrone1/lavkush/reshaped_image_dataset/baseline/highway/in000097.jpg,279,106,368,217,car
/home/tyrone1/lavkush/reshaped_image_dataset/baseline/highway/in000098.jpg,269,93,372,220,car
/home/tyrone1/lavkush/reshaped_image_dataset/baseline/highway/in000098.jpg,391,2,438,53,car
/home/tyrone1/lavkush/reshaped_image_dataset/baseline/highway/in000099.jpg,385,2,442,53,car
/home/tyrone1/lavkush/reshaped_image_dataset/baseline/highway/in000099.jpg,277,101,368,222,car
/home/tyrone1/lavkush/reshaped_image_dataset/baseline/highway/in000100.jpg,277,111,364,230,car
/home/tyrone1/lavkush/reshaped_image_dataset/baseline/highway/in000100.jpg,389,5,437,53,car
/home/tyrone1/lavkush/reshaped_image_dataset/baseline/highway/in000101.jpg,271,103,364,233,car
/home/tyrone1/lavkush/reshaped_image_dataset/baseline/highway/in000101.jpg,385,5,444,50,car
/home/tyrone1/lavkush/reshaped_image_dataset/baseline/highway/in000102.jpg,271,108,364,233,car
/home/tyrone1/lavkush/reshaped_image_dataset/baseline/highway/in000102.jpg,387,5,437,53,car
/home/tyrone1/lavkush/reshaped_image_dataset/baseline/highway/in000103.jpg,391,5,437,53,car
/home/tyrone1/lavkush/reshaped_image_dataset/baseline/highway/in000103.jpg,267,106,362,238,car
/home/tyrone1/lavkush/reshaped_image_dataset/baseline/highway/in000104.jpg,267,114,361,235,car
/home/tyrone1/lavkush/reshaped_image_dataset/baseline/highway/in000104.jpg,389,5,437,45,car
/home/tyrone1/lavkush/reshaped_image_dataset/baseline/highway/in000105.jpg,385,5,442,53,car
/home/tyrone1/lavkush/reshaped_image_dataset/baseline/highway/in000105.jpg,258,114,359,245,car
/home/tyrone1/lavkush/reshaped_image_dataset/baseline/highway/in000106.jpg,266,121,361,240,car
/home/tyrone1/lavkush/reshaped_image_dataset/baseline/highway/in000106.jpg,383,5,438,53,car
/home/tyrone1/lavkush/reshaped_image_dataset/baseline/highway/in000107.jpg,389,2,435,50,car
/home/tyrone1/lavkush/reshaped_image_dataset/baseline/highway/in000107.jpg,258,121,357,250,car
/home/tyrone1/lavkush/reshaped_image_dataset/baseline/highway/in000108.jpg,258,129,357,255,car
/home/tyrone1/lavkush/reshaped_image_dataset/baseline/highway/in000108.jpg,385,5,435,55,car
/home/tyrone1/lavkush/reshaped_image_dataset/baseline/highway/in000109.jpg,385,7,442,63,car
/home/tyrone1/lavkush/reshaped_image_dataset/baseline/highway/in000109.jpg,252,126,355,260,car
/home/tyrone1/lavkush/reshaped_image_dataset/baseline/highway/in000110.jpg,250,121,353,263,car
/home/tyrone1/lavkush/reshaped_image_dataset/baseline/highway/in000110.jpg,383,5,435,60,car
/home/tyrone1/lavkush/reshaped_image_dataset/baseline/highway/in000111.jpg,252,126,353,260,car
/home/tyrone1/lavkush/reshaped_image_dataset/baseline/highway/in000111.jpg,385,7,438,73,car
/home/tyrone1/lavkush/reshaped_image_dataset/baseline/highway/in000112.jpg,385,7,438,65,car
/home/tyrone1/lavkush/reshaped_image_dataset/baseline/highway/in000112.jpg,248,134,349,271,car
/home/tyrone1/lavkush/reshaped_image_dataset/baseline/highway/in000113.jpg,243,141,351,268,car
/home/tyrone1/lavkush/reshaped_image_dataset/baseline/highway/in000113.jpg,381,5,435,58,car
/home/tyrone1/lavkush/reshaped_image_dataset/baseline/highway/in000114.jpg,387,7,438,63,car
/home/tyrone1/lavkush/reshaped_image_dataset/baseline/highway/in000114.jpg,243,144,349,278,car
/home/tyrone1/lavkush/reshaped_image_dataset/baseline/highway/in000115.jpg,245,146,343,278,car
/home/tyrone1/lavkush/reshaped_image_dataset/baseline/highway/in000115.jpg,383,7,433,68,car
/home/tyrone1/lavkush/reshaped_image_dataset/baseline/highway/in000116.jpg,233,139,349,288,car
/home/tyrone1/lavkush/reshaped_image_dataset/baseline/highway/in000116.jpg,385,2,433,65,car
/home/tyrone1/lavkush/reshaped_image_dataset/baseline/highway/in000117.jpg,385,7,435,63,car
/home/tyrone1/lavkush/reshaped_image_dataset/baseline/highway/in000117.jpg,233,141,343,291,car
