/home/tyrone1/lavkush/reshaped_image_dataset/dynamicBackground/fall/in001544.jpg,479,494,606,606,car
/home/tyrone1/lavkush/reshaped_image_dataset/dynamicBackground/fall/in001545.jpg,496,488,608,606,car
/home/tyrone1/lavkush/reshaped_image_dataset/dynamicBackground/fall/in001546.jpg,515,486,608,605,car
/home/tyrone1/lavkush/reshaped_image_dataset/dynamicBackground/fall/in001547.jpg,535,488,608,606,car
/home/tyrone1/lavkush/reshaped_image_dataset/dynamicBackground/fall/in001548.jpg,551,497,608,606,car
/home/tyrone1/lavkush/reshaped_image_dataset/dynamicBackground/fall/in001549.jpg,568,505,608,595,car
/home/tyrone1/lavkush/reshaped_image_dataset/dynamicBackground/fall/in001550.jpg,586,511,608,580,car
/home/tyrone1/lavkush/reshaped_image_dataset/dynamicBackground/fall/in001827.jpg,0,578,79,606,car
/home/tyrone1/lavkush/reshaped_image_dataset/dynamicBackground/fall/in001828.jpg,0,549,114,606,car
/home/tyrone1/lavkush/reshaped_image_dataset/dynamicBackground/fall/in001829.jpg,0,523,146,606,car
/home/tyrone1/lavkush/reshaped_image_dataset/dynamicBackground/fall/in001830.jpg,0,513,179,606,car
/home/tyrone1/lavkush/reshaped_image_dataset/dynamicBackground/fall/in001831.jpg,0,519,212,606,car
/home/tyrone1/lavkush/reshaped_image_dataset/dynamicBackground/fall/in001832.jpg,3,516,249,606,car
/home/tyrone1/lavkush/reshaped_image_dataset/dynamicBackground/fall/in001833.jpg,3,519,278,606,car
/home/tyrone1/lavkush/reshaped_image_dataset/dynamicBackground/fall/in001834.jpg,0,516,308,606,car
/home/tyrone1/lavkush/reshaped_image_dataset/dynamicBackground/fall/in001835.jpg,24,513,314,604,car
/home/tyrone1/lavkush/reshaped_image_dataset/dynamicBackground/fall/in001836.jpg,59,515,360,606,car
/home/tyrone1/lavkush/reshaped_image_dataset/dynamicBackground/fall/in001837.jpg,86,509,392,606,car
/home/tyrone1/lavkush/reshaped_image_dataset/dynamicBackground/fall/in001838.jpg,116,504,416,606,car
/home/tyrone1/lavkush/reshaped_image_dataset/dynamicBackground/fall/in001839.jpg,150,501,442,606,car
/home/tyrone1/lavkush/reshaped_image_dataset/dynamicBackground/fall/in001840.jpg,180,497,466,606,car
/home/tyrone1/lavkush/reshaped_image_dataset/dynamicBackground/fall/in001841.jpg,206,497,494,605,car
/home/tyrone1/lavkush/reshaped_image_dataset/dynamicBackground/fall/in001842.jpg,240,492,515,606,car
/home/tyrone1/lavkush/reshaped_image_dataset/dynamicBackground/fall/in001843.jpg,267,491,542,604,car
/home/tyrone1/lavkush/reshaped_image_dataset/dynamicBackground/fall/in001844.jpg,294,499,565,606,car
/home/tyrone1/lavkush/reshaped_image_dataset/dynamicBackground/fall/in001845.jpg,330,487,586,606,car
/home/tyrone1/lavkush/reshaped_image_dataset/dynamicBackground/fall/in001846.jpg,349,490,607,606,car
/home/tyrone1/lavkush/reshaped_image_dataset/dynamicBackground/fall/in001847.jpg,378,486,608,606,car
/home/tyrone1/lavkush/reshaped_image_dataset/dynamicBackground/fall/in001848.jpg,397,485,608,606,car
/home/tyrone1/lavkush/reshaped_image_dataset/dynamicBackground/fall/in001849.jpg,423,487,608,606,car
/home/tyrone1/lavkush/reshaped_image_dataset/dynamicBackground/fall/in001850.jpg,449,483,608,606,car
/home/tyrone1/lavkush/reshaped_image_dataset/dynamicBackground/fall/in001851.jpg,472,485,608,606,car
/home/tyrone1/lavkush/reshaped_image_dataset/dynamicBackground/fall/in001852.jpg,496,483,608,606,car
/home/tyrone1/lavkush/reshaped_image_dataset/dynamicBackground/fall/in001853.jpg,513,481,608,606,car
/home/tyrone1/lavkush/reshaped_image_dataset/dynamicBackground/fall/in001854.jpg,538,477,608,608,car
/home/tyrone1/lavkush/reshaped_image_dataset/dynamicBackground/fall/in001855.jpg,561,481,608,599,car
/home/tyrone1/lavkush/reshaped_image_dataset/dynamicBackground/fall/in001856.jpg,580,495,608,582,car
/home/tyrone1/lavkush/reshaped_image_dataset/dynamicBackground/fall/in001857.jpg,602,499,608,577,car
/home/tyrone1/lavkush/reshaped_image_dataset/dynamicBackground/fall/in001875.jpg,0,547,19,606,car
/home/tyrone1/lavkush/reshaped_image_dataset/dynamicBackground/fall/in001876.jpg,0,534,39,606,car
/home/tyrone1/lavkush/reshaped_image_dataset/dynamicBackground/fall/in001877.jpg,0,518,64,606,car
/home/tyrone1/lavkush/reshaped_image_dataset/dynamicBackground/fall/in001878.jpg,0,501,89,606,car
/home/tyrone1/lavkush/reshaped_image_dataset/dynamicBackground/fall/in001879.jpg,0,477,116,606,car
/home/tyrone1/lavkush/reshaped_image_dataset/dynamicBackground/fall/in001880.jpg,0,471,144,606,car
/home/tyrone1/lavkush/reshaped_image_dataset/dynamicBackground/fall/in001881.jpg,0,469,162,606,car
/home/tyrone1/lavkush/reshaped_image_dataset/dynamicBackground/fall/in001882.jpg,0,473,193,606,car
/home/tyrone1/lavkush/reshaped_image_dataset/dynamicBackground/fall/in001883.jpg,0,461,217,606,car
/home/tyrone1/lavkush/reshaped_image_dataset/dynamicBackground/fall/in001884.jpg,0,459,239,606,car
/home/tyrone1/lavkush/reshaped_image_dataset/dynamicBackground/fall/in001885.jpg,0,456,261,606,car
/home/tyrone1/lavkush/reshaped_image_dataset/dynamicBackground/fall/in001886.jpg,1,456,286,606,car
/home/tyrone1/lavkush/reshaped_image_dataset/dynamicBackground/fall/in001887.jpg,10,456,309,606,car
/home/tyrone1/lavkush/reshaped_image_dataset/dynamicBackground/fall/in001888.jpg,30,461,313,606,car
/home/tyrone1/lavkush/reshaped_image_dataset/dynamicBackground/fall/in001889.jpg,59,458,348,606,car
/home/tyrone1/lavkush/reshaped_image_dataset/dynamicBackground/fall/in001890.jpg,83,461,369,606,car
/home/tyrone1/lavkush/reshaped_image_dataset/dynamicBackground/fall/in001891.jpg,105,456,393,606,car
/home/tyrone1/lavkush/reshaped_image_dataset/dynamicBackground/fall/in001892.jpg,127,461,412,606,car
/home/tyrone1/lavkush/reshaped_image_dataset/dynamicBackground/fall/in001893.jpg,154,448,435,605,car
/home/tyrone1/lavkush/reshaped_image_dataset/dynamicBackground/fall/in001894.jpg,180,453,451,606,car
/home/tyrone1/lavkush/reshaped_image_dataset/dynamicBackground/fall/in001895.jpg,205,454,475,606,car
/home/tyrone1/lavkush/reshaped_image_dataset/dynamicBackground/fall/in001896.jpg,222,461,490,606,car
/home/tyrone1/lavkush/reshaped_image_dataset/dynamicBackground/fall/in001897.jpg,247,444,508,605,car
/home/tyrone1/lavkush/reshaped_image_dataset/dynamicBackground/fall/in001898.jpg,272,448,525,606,car
/home/tyrone1/lavkush/reshaped_image_dataset/dynamicBackground/fall/in001899.jpg,286,448,546,606,car
/home/tyrone1/lavkush/reshaped_image_dataset/dynamicBackground/fall/in001900.jpg,322,439,568,606,car
/home/tyrone1/lavkush/reshaped_image_dataset/dynamicBackground/fall/in001901.jpg,331,445,579,604,car
/home/tyrone1/lavkush/reshaped_image_dataset/dynamicBackground/fall/in001902.jpg,352,448,595,604,car
/home/tyrone1/lavkush/reshaped_image_dataset/dynamicBackground/fall/in001903.jpg,368,444,608,601,car
/home/tyrone1/lavkush/reshaped_image_dataset/dynamicBackground/fall/in001904.jpg,392,443,608,596,car
/home/tyrone1/lavkush/reshaped_image_dataset/dynamicBackground/fall/in001905.jpg,416,447,608,595,car
/home/tyrone1/lavkush/reshaped_image_dataset/dynamicBackground/fall/in001906.jpg,430,442,608,597,car
/home/tyrone1/lavkush/reshaped_image_dataset/dynamicBackground/fall/in001907.jpg,445,444,608,595,car
/home/tyrone1/lavkush/reshaped_image_dataset/dynamicBackground/fall/in001908.jpg,466,442,608,592,car
/home/tyrone1/lavkush/reshaped_image_dataset/dynamicBackground/fall/in001909.jpg,485,439,608,587,car
/home/tyrone1/lavkush/reshaped_image_dataset/dynamicBackground/fall/in001910.jpg,500,442,608,586,car
/home/tyrone1/lavkush/reshaped_image_dataset/dynamicBackground/fall/in001911.jpg,515,437,608,585,car
/home/tyrone1/lavkush/reshaped_image_dataset/dynamicBackground/fall/in001912.jpg,535,434,608,581,car
/home/tyrone1/lavkush/reshaped_image_dataset/dynamicBackground/fall/in001913.jpg,552,438,608,577,car
/home/tyrone1/lavkush/reshaped_image_dataset/dynamicBackground/fall/in001915.jpg,569,440,608,573,car
/home/tyrone1/lavkush/reshaped_image_dataset/dynamicBackground/fall/in001916.jpg,597,469,608,544,car
/home/tyrone1/lavkush/reshaped_image_dataset/dynamicBackground/fall/in001971.jpg,0,568,79,606,car
/home/tyrone1/lavkush/reshaped_image_dataset/dynamicBackground/fall/in001972.jpg,0,540,112,606,car
/home/tyrone1/lavkush/reshaped_image_dataset/dynamicBackground/fall/in001973.jpg,1,534,144,606,car
/home/tyrone1/lavkush/reshaped_image_dataset/dynamicBackground/fall/in001974.jpg,0,528,178,606,car
/home/tyrone1/lavkush/reshaped_image_dataset/dynamicBackground/fall/in001975.jpg,0,516,214,606,car
/home/tyrone1/lavkush/reshaped_image_dataset/dynamicBackground/fall/in001976.jpg,0,519,231,606,car
/home/tyrone1/lavkush/reshaped_image_dataset/dynamicBackground/fall/in001977.jpg,0,523,271,606,car
/home/tyrone1/lavkush/reshaped_image_dataset/dynamicBackground/fall/in001978.jpg,0,521,293,606,car
/home/tyrone1/lavkush/reshaped_image_dataset/dynamicBackground/fall/in001979.jpg,0,516,314,606,car
/home/tyrone1/lavkush/reshaped_image_dataset/dynamicBackground/fall/in001980.jpg,30,515,340,606,car
/home/tyrone1/lavkush/reshaped_image_dataset/dynamicBackground/fall/in001981.jpg,58,513,364,606,car
/home/tyrone1/lavkush/reshaped_image_dataset/dynamicBackground/fall/in001982.jpg,87,507,392,606,car
/home/tyrone1/lavkush/reshaped_image_dataset/dynamicBackground/fall/in001983.jpg,111,501,413,606,car
/home/tyrone1/lavkush/reshaped_image_dataset/dynamicBackground/fall/in001984.jpg,130,500,445,606,car
/home/tyrone1/lavkush/reshaped_image_dataset/dynamicBackground/fall/in001985.jpg,164,509,457,605,car
/home/tyrone1/lavkush/reshaped_image_dataset/dynamicBackground/fall/in001986.jpg,195,507,483,606,car
/home/tyrone1/lavkush/reshaped_image_dataset/dynamicBackground/fall/in001987.jpg,219,504,506,606,car
/home/tyrone1/lavkush/reshaped_image_dataset/dynamicBackground/fall/in001988.jpg,243,504,527,606,car
/home/tyrone1/lavkush/reshaped_image_dataset/dynamicBackground/fall/in001989.jpg,271,507,546,606,car
/home/tyrone1/lavkush/reshaped_image_dataset/dynamicBackground/fall/in001990.jpg,296,496,567,606,car
/home/tyrone1/lavkush/reshaped_image_dataset/dynamicBackground/fall/in001991.jpg,330,496,585,606,car
/home/tyrone1/lavkush/reshaped_image_dataset/dynamicBackground/fall/in001992.jpg,342,507,604,606,car
/home/tyrone1/lavkush/reshaped_image_dataset/dynamicBackground/fall/in001993.jpg,363,499,608,606,car
/home/tyrone1/lavkush/reshaped_image_dataset/dynamicBackground/fall/in001994.jpg,384,496,608,606,car
/home/tyrone1/lavkush/reshaped_image_dataset/dynamicBackground/fall/in001995.jpg,405,487,608,606,car
/home/tyrone1/lavkush/reshaped_image_dataset/dynamicBackground/fall/in001997.jpg,425,481,608,606,car
/home/tyrone1/lavkush/reshaped_image_dataset/dynamicBackground/fall/in001998.jpg,469,477,608,606,car
/home/tyrone1/lavkush/reshaped_image_dataset/dynamicBackground/fall/in001999.jpg,488,469,608,606,car
/home/tyrone1/lavkush/reshaped_image_dataset/dynamicBackground/fall/in002000.jpg,522,481,608,600,car
/home/tyrone1/lavkush/reshaped_image_dataset/dynamicBackground/fall/in002001.jpg,524,478,608,606,car
/home/tyrone1/lavkush/reshaped_image_dataset/dynamicBackground/fall/in002002.jpg,542,477,608,600,car
/home/tyrone1/lavkush/reshaped_image_dataset/dynamicBackground/fall/in002003.jpg,564,491,608,606,car
/home/tyrone1/lavkush/reshaped_image_dataset/dynamicBackground/fall/in002004.jpg,577,500,608,595,car
/home/tyrone1/lavkush/reshaped_image_dataset/dynamicBackground/fall/in002005.jpg,600,518,608,582,car
/home/tyrone1/lavkush/reshaped_image_dataset/dynamicBackground/fall/in002040.jpg,0,561,70,606,car
/home/tyrone1/lavkush/reshaped_image_dataset/dynamicBackground/fall/in002041.jpg,0,516,103,606,car
/home/tyrone1/lavkush/reshaped_image_dataset/dynamicBackground/fall/in002042.jpg,0,501,140,606,car
/home/tyrone1/lavkush/reshaped_image_dataset/dynamicBackground/fall/in002043.jpg,1,500,161,606,car
/home/tyrone1/lavkush/reshaped_image_dataset/dynamicBackground/fall/in002044.jpg,0,499,188,606,car
/home/tyrone1/lavkush/reshaped_image_dataset/dynamicBackground/fall/in002045.jpg,1,487,215,606,car
/home/tyrone1/lavkush/reshaped_image_dataset/dynamicBackground/fall/in002046.jpg,3,496,242,606,car
/home/tyrone1/lavkush/reshaped_image_dataset/dynamicBackground/fall/in002047.jpg,0,485,267,606,car
/home/tyrone1/lavkush/reshaped_image_dataset/dynamicBackground/fall/in002048.jpg,1,483,290,606,car
/home/tyrone1/lavkush/reshaped_image_dataset/dynamicBackground/fall/in002050.jpg,0,481,312,606,car
/home/tyrone1/lavkush/reshaped_image_dataset/dynamicBackground/fall/in002050.jpg,15,487,341,606,car
/home/tyrone1/lavkush/reshaped_image_dataset/dynamicBackground/fall/in002051.jpg,39,482,360,606,car
/home/tyrone1/lavkush/reshaped_image_dataset/dynamicBackground/fall/in002052.jpg,62,481,390,606,car
/home/tyrone1/lavkush/reshaped_image_dataset/dynamicBackground/fall/in002053.jpg,89,476,409,606,car
/home/tyrone1/lavkush/reshaped_image_dataset/dynamicBackground/fall/in002054.jpg,119,469,432,606,car
/home/tyrone1/lavkush/reshaped_image_dataset/dynamicBackground/fall/in002055.jpg,139,471,450,606,car
/home/tyrone1/lavkush/reshaped_image_dataset/dynamicBackground/fall/in002056.jpg,168,469,472,606,car
/home/tyrone1/lavkush/reshaped_image_dataset/dynamicBackground/fall/in002057.jpg,198,466,491,606,car
/home/tyrone1/lavkush/reshaped_image_dataset/dynamicBackground/fall/in002058.jpg,219,463,510,606,car
/home/tyrone1/lavkush/reshaped_image_dataset/dynamicBackground/fall/in002059.jpg,241,458,530,606,car
/home/tyrone1/lavkush/reshaped_image_dataset/dynamicBackground/fall/in002060.jpg,260,463,552,606,car
/home/tyrone1/lavkush/reshaped_image_dataset/dynamicBackground/fall/in002061.jpg,293,461,567,606,car
/home/tyrone1/lavkush/reshaped_image_dataset/dynamicBackground/fall/in002062.jpg,314,458,590,606,car
/home/tyrone1/lavkush/reshaped_image_dataset/dynamicBackground/fall/in002063.jpg,330,459,603,606,car
/home/tyrone1/lavkush/reshaped_image_dataset/dynamicBackground/fall/in002064.jpg,352,459,598,606,car
/home/tyrone1/lavkush/reshaped_image_dataset/dynamicBackground/fall/in002065.jpg,379,456,608,606,car
/home/tyrone1/lavkush/reshaped_image_dataset/dynamicBackground/fall/in002066.jpg,392,459,608,606,car
/home/tyrone1/lavkush/reshaped_image_dataset/dynamicBackground/fall/in002067.jpg,417,454,608,606,car
/home/tyrone1/lavkush/reshaped_image_dataset/dynamicBackground/fall/in002068.jpg,434,454,608,606,car
/home/tyrone1/lavkush/reshaped_image_dataset/dynamicBackground/fall/in002069.jpg,450,456,607,589,car
/home/tyrone1/lavkush/reshaped_image_dataset/dynamicBackground/fall/in002070.jpg,472,448,608,606,car
/home/tyrone1/lavkush/reshaped_image_dataset/dynamicBackground/fall/in002071.jpg,493,448,608,606,car
/home/tyrone1/lavkush/reshaped_image_dataset/dynamicBackground/fall/in002072.jpg,512,453,608,606,car
/home/tyrone1/lavkush/reshaped_image_dataset/dynamicBackground/fall/in002073.jpg,530,449,608,606,car
/home/tyrone1/lavkush/reshaped_image_dataset/dynamicBackground/fall/in002074.jpg,542,448,608,592,car
/home/tyrone1/lavkush/reshaped_image_dataset/dynamicBackground/fall/in002075.jpg,561,448,608,590,car
/home/tyrone1/lavkush/reshaped_image_dataset/dynamicBackground/fall/in002076.jpg,580,463,608,582,car
/home/tyrone1/lavkush/reshaped_image_dataset/dynamicBackground/fall/in002077.jpg,599,478,608,564,car
/home/tyrone1/lavkush/reshaped_image_dataset/dynamicBackground/fall/in002262.jpg,600,466,608,511,car
/home/tyrone1/lavkush/reshaped_image_dataset/dynamicBackground/fall/in002263.jpg,592,467,608,518,car
/home/tyrone1/lavkush/reshaped_image_dataset/dynamicBackground/fall/in002264.jpg,580,458,608,519,car
/home/tyrone1/lavkush/reshaped_image_dataset/dynamicBackground/fall/in002265.jpg,569,450,608,519,car
/home/tyrone1/lavkush/reshaped_image_dataset/dynamicBackground/fall/in002266.jpg,559,445,608,520,car
/home/tyrone1/lavkush/reshaped_image_dataset/dynamicBackground/fall/in002267.jpg,549,443,608,519,car
/home/tyrone1/lavkush/reshaped_image_dataset/dynamicBackground/fall/in002268.jpg,537,444,608,526,car
/home/tyrone1/lavkush/reshaped_image_dataset/dynamicBackground/fall/in002269.jpg,528,443,608,528,car
/home/tyrone1/lavkush/reshaped_image_dataset/dynamicBackground/fall/in002270.jpg,515,444,605,532,car
/home/tyrone1/lavkush/reshaped_image_dataset/dynamicBackground/fall/in002271.jpg,503,443,608,526,car
/home/tyrone1/lavkush/reshaped_image_dataset/dynamicBackground/fall/in002272.jpg,495,443,608,524,car
/home/tyrone1/lavkush/reshaped_image_dataset/dynamicBackground/fall/in002273.jpg,480,444,608,526,car
/home/tyrone1/lavkush/reshaped_image_dataset/dynamicBackground/fall/in002274.jpg,471,448,608,529,car
/home/tyrone1/lavkush/reshaped_image_dataset/dynamicBackground/fall/in002275.jpg,457,448,599,529,car
/home/tyrone1/lavkush/reshaped_image_dataset/dynamicBackground/fall/in002276.jpg,444,442,591,528,car
/home/tyrone1/lavkush/reshaped_image_dataset/dynamicBackground/fall/in002277.jpg,433,452,579,529,car
/home/tyrone1/lavkush/reshaped_image_dataset/dynamicBackground/fall/in002278.jpg,423,448,570,534,car
/home/tyrone1/lavkush/reshaped_image_dataset/dynamicBackground/fall/in002279.jpg,408,452,559,532,car
/home/tyrone1/lavkush/reshaped_image_dataset/dynamicBackground/fall/in002280.jpg,396,448,546,533,car
/home/tyrone1/lavkush/reshaped_image_dataset/dynamicBackground/fall/in002281.jpg,380,448,536,533,car
/home/tyrone1/lavkush/reshaped_image_dataset/dynamicBackground/fall/in002282.jpg,370,447,521,534,car
/home/tyrone1/lavkush/reshaped_image_dataset/dynamicBackground/fall/in002283.jpg,358,450,515,534,car
/home/tyrone1/lavkush/reshaped_image_dataset/dynamicBackground/fall/in002284.jpg,342,444,503,537,car
/home/tyrone1/lavkush/reshaped_image_dataset/dynamicBackground/fall/in002285.jpg,327,448,494,543,car
/home/tyrone1/lavkush/reshaped_image_dataset/dynamicBackground/fall/in002286.jpg,326,448,477,535,car
/home/tyrone1/lavkush/reshaped_image_dataset/dynamicBackground/fall/in002287.jpg,304,448,463,537,car
/home/tyrone1/lavkush/reshaped_image_dataset/dynamicBackground/fall/in002288.jpg,290,445,450,549,car
/home/tyrone1/lavkush/reshaped_image_dataset/dynamicBackground/fall/in002289.jpg,278,453,439,543,car
/home/tyrone1/lavkush/reshaped_image_dataset/dynamicBackground/fall/in002290.jpg,263,450,425,549,car
/home/tyrone1/lavkush/reshaped_image_dataset/dynamicBackground/fall/in002291.jpg,246,453,413,547,car
/home/tyrone1/lavkush/reshaped_image_dataset/dynamicBackground/fall/in002292.jpg,233,452,404,549,car
/home/tyrone1/lavkush/reshaped_image_dataset/dynamicBackground/fall/in002293.jpg,218,458,390,544,car
/home/tyrone1/lavkush/reshaped_image_dataset/dynamicBackground/fall/in002294.jpg,205,456,377,545,car
/home/tyrone1/lavkush/reshaped_image_dataset/dynamicBackground/fall/in002295.jpg,185,459,361,543,car
/home/tyrone1/lavkush/reshaped_image_dataset/dynamicBackground/fall/in002296.jpg,178,462,347,551,car
/home/tyrone1/lavkush/reshaped_image_dataset/dynamicBackground/fall/in002297.jpg,154,456,333,551,car
/home/tyrone1/lavkush/reshaped_image_dataset/dynamicBackground/fall/in002298.jpg,148,456,311,556,car
/home/tyrone1/lavkush/reshaped_image_dataset/dynamicBackground/fall/in002299.jpg,129,457,306,554,car
/home/tyrone1/lavkush/reshaped_image_dataset/dynamicBackground/fall/in002300.jpg,115,459,293,559,car
/home/tyrone1/lavkush/reshaped_image_dataset/dynamicBackground/fall/in002301.jpg,97,464,280,561,car
/home/tyrone1/lavkush/reshaped_image_dataset/dynamicBackground/fall/in002302.jpg,84,458,265,558,car
/home/tyrone1/lavkush/reshaped_image_dataset/dynamicBackground/fall/in002303.jpg,64,466,253,557,car
/home/tyrone1/lavkush/reshaped_image_dataset/dynamicBackground/fall/in002304.jpg,50,459,237,571,car
/home/tyrone1/lavkush/reshaped_image_dataset/dynamicBackground/fall/in002305.jpg,32,466,225,564,car
/home/tyrone1/lavkush/reshaped_image_dataset/dynamicBackground/fall/in002306.jpg,16,463,209,564,car
/home/tyrone1/lavkush/reshaped_image_dataset/dynamicBackground/fall/in002307.jpg,0,472,196,558,car
/home/tyrone1/lavkush/reshaped_image_dataset/dynamicBackground/fall/in002308.jpg,1,464,180,568,car
/home/tyrone1/lavkush/reshaped_image_dataset/dynamicBackground/fall/in002309.jpg,0,467,162,563,car
/home/tyrone1/lavkush/reshaped_image_dataset/dynamicBackground/fall/in002310.jpg,0,469,174,567,car
/home/tyrone1/lavkush/reshaped_image_dataset/dynamicBackground/fall/in002311.jpg,0,467,146,578,car
/home/tyrone1/lavkush/reshaped_image_dataset/dynamicBackground/fall/in002312.jpg,0,471,124,571,car
/home/tyrone1/lavkush/reshaped_image_dataset/dynamicBackground/fall/in002313.jpg,0,469,100,576,car
/home/tyrone1/lavkush/reshaped_image_dataset/dynamicBackground/fall/in002314.jpg,0,472,82,571,car
/home/tyrone1/lavkush/reshaped_image_dataset/dynamicBackground/fall/in002315.jpg,0,472,64,575,car
/home/tyrone1/lavkush/reshaped_image_dataset/dynamicBackground/fall/in002316.jpg,0,467,48,572,car
/home/tyrone1/lavkush/reshaped_image_dataset/dynamicBackground/fall/in002317.jpg,0,472,32,577,car
/home/tyrone1/lavkush/reshaped_image_dataset/dynamicBackground/fall/in002318.jpg,0,476,18,578,car
