/home/tyrone1/lavkush/reshaped_image_dataset/baseline/pedestrians/in000307.jpg,1,131,32,397,person
/home/tyrone1/lavkush/reshaped_image_dataset/baseline/pedestrians/in000308.jpg,0,129,86,405,person
/home/tyrone1/lavkush/reshaped_image_dataset/baseline/pedestrians/in000309.jpg,0,121,67,412,person
/home/tyrone1/lavkush/reshaped_image_dataset/baseline/pedestrians/in000310.jpg,1,129,84,400,person
/home/tyrone1/lavkush/reshaped_image_dataset/baseline/pedestrians/in000311.jpg,1,131,84,402,person
/home/tyrone1/lavkush/reshaped_image_dataset/baseline/pedestrians/in000312.jpg,0,108,101,407,person
/home/tyrone1/lavkush/reshaped_image_dataset/baseline/pedestrians/in000313.jpg,1,129,96,418,person
/home/tyrone1/lavkush/reshaped_image_dataset/baseline/pedestrians/in000314.jpg,1,131,77,418,person
/home/tyrone1/lavkush/reshaped_image_dataset/baseline/pedestrians/in000315.jpg,3,134,70,412,person
/home/tyrone1/lavkush/reshaped_image_dataset/baseline/pedestrians/in000316.jpg,1,126,82,407,person
/home/tyrone1/lavkush/reshaped_image_dataset/baseline/pedestrians/in000317.jpg,3,134,76,407,person
/home/tyrone1/lavkush/reshaped_image_dataset/baseline/pedestrians/in000318.jpg,3,129,76,407,person
/home/tyrone1/lavkush/reshaped_image_dataset/baseline/pedestrians/in000319.jpg,18,139,82,410,person
/home/tyrone1/lavkush/reshaped_image_dataset/baseline/pedestrians/in000320.jpg,21,134,79,415,person
/home/tyrone1/lavkush/reshaped_image_dataset/baseline/pedestrians/in000321.jpg,23,124,86,405,person
/home/tyrone1/lavkush/reshaped_image_dataset/baseline/pedestrians/in000322.jpg,28,131,91,410,person
/home/tyrone1/lavkush/reshaped_image_dataset/baseline/pedestrians/in000323.jpg,28,126,101,412,person
/home/tyrone1/lavkush/reshaped_image_dataset/baseline/pedestrians/in000324.jpg,32,126,108,405,person
/home/tyrone1/lavkush/reshaped_image_dataset/baseline/pedestrians/in000325.jpg,32,136,126,402,person
/home/tyrone1/lavkush/reshaped_image_dataset/baseline/pedestrians/in000326.jpg,33,134,128,407,person
/home/tyrone1/lavkush/reshaped_image_dataset/baseline/pedestrians/in000327.jpg,37,139,140,412,person
/home/tyrone1/lavkush/reshaped_image_dataset/baseline/pedestrians/in000328.jpg,43,134,145,407,person
/home/tyrone1/lavkush/reshaped_image_dataset/baseline/pedestrians/in000329.jpg,43,136,140,407,person
/home/tyrone1/lavkush/reshaped_image_dataset/baseline/pedestrians/in000330.jpg,48,129,140,405,person
/home/tyrone1/lavkush/reshaped_image_dataset/baseline/pedestrians/in000331.jpg,52,139,138,410,person
/home/tyrone1/lavkush/reshaped_image_dataset/baseline/pedestrians/in000332.jpg,57,136,141,407,person
/home/tyrone1/lavkush/reshaped_image_dataset/baseline/pedestrians/in000333.jpg,60,134,141,405,person
/home/tyrone1/lavkush/reshaped_image_dataset/baseline/pedestrians/in000334.jpg,70,134,143,407,person
/home/tyrone1/lavkush/reshaped_image_dataset/baseline/pedestrians/in000335.jpg,74,134,143,407,person
/home/tyrone1/lavkush/reshaped_image_dataset/baseline/pedestrians/in000336.jpg,81,124,150,407,person
/home/tyrone1/lavkush/reshaped_image_dataset/baseline/pedestrians/in000337.jpg,86,126,155,405,person
/home/tyrone1/lavkush/reshaped_image_dataset/baseline/pedestrians/in000338.jpg,92,129,160,405,person
/home/tyrone1/lavkush/reshaped_image_dataset/baseline/pedestrians/in000339.jpg,101,129,172,407,person
/home/tyrone1/lavkush/reshaped_image_dataset/baseline/pedestrians/in000340.jpg,94,131,189,405,person
/home/tyrone1/lavkush/reshaped_image_dataset/baseline/pedestrians/in000341.jpg,84,131,199,407,person
/home/tyrone1/lavkush/reshaped_image_dataset/baseline/pedestrians/in000342.jpg,103,139,202,402,person
/home/tyrone1/lavkush/reshaped_image_dataset/baseline/pedestrians/in000343.jpg,104,139,206,407,person
/home/tyrone1/lavkush/reshaped_image_dataset/baseline/pedestrians/in000344.jpg,106,139,209,407,person
/home/tyrone1/lavkush/reshaped_image_dataset/baseline/pedestrians/in000345.jpg,106,136,206,407,person
/home/tyrone1/lavkush/reshaped_image_dataset/baseline/pedestrians/in000346.jpg,113,139,214,407,person
/home/tyrone1/lavkush/reshaped_image_dataset/baseline/pedestrians/in000347.jpg,116,141,216,410,person
/home/tyrone1/lavkush/reshaped_image_dataset/baseline/pedestrians/in000348.jpg,121,129,212,410,person
/home/tyrone1/lavkush/reshaped_image_dataset/baseline/pedestrians/in000349.jpg,135,121,214,407,person
/home/tyrone1/lavkush/reshaped_image_dataset/baseline/pedestrians/in000350.jpg,148,131,212,418,person
/home/tyrone1/lavkush/reshaped_image_dataset/baseline/pedestrians/in000351.jpg,152,121,217,405,person
/home/tyrone1/lavkush/reshaped_image_dataset/baseline/pedestrians/in000352.jpg,153,126,217,410,person
/home/tyrone1/lavkush/reshaped_image_dataset/baseline/pedestrians/in000353.jpg,160,131,229,412,person
/home/tyrone1/lavkush/reshaped_image_dataset/baseline/pedestrians/in000354.jpg,163,134,234,400,person
/home/tyrone1/lavkush/reshaped_image_dataset/baseline/pedestrians/in000355.jpg,165,131,246,415,person
/home/tyrone1/lavkush/reshaped_image_dataset/baseline/pedestrians/in000356.jpg,163,134,261,410,person
/home/tyrone1/lavkush/reshaped_image_dataset/baseline/pedestrians/in000357.jpg,170,136,258,405,person
/home/tyrone1/lavkush/reshaped_image_dataset/baseline/pedestrians/in000358.jpg,167,136,273,410,person
/home/tyrone1/lavkush/reshaped_image_dataset/baseline/pedestrians/in000359.jpg,167,136,276,407,person
/home/tyrone1/lavkush/reshaped_image_dataset/baseline/pedestrians/in000360.jpg,175,144,282,412,person
/home/tyrone1/lavkush/reshaped_image_dataset/baseline/pedestrians/in000361.jpg,185,141,283,415,person
/home/tyrone1/lavkush/reshaped_image_dataset/baseline/pedestrians/in000362.jpg,187,136,283,412,person
/home/tyrone1/lavkush/reshaped_image_dataset/baseline/pedestrians/in000363.jpg,200,134,288,412,person
/home/tyrone1/lavkush/reshaped_image_dataset/baseline/pedestrians/in000364.jpg,209,134,283,412,person
/home/tyrone1/lavkush/reshaped_image_dataset/baseline/pedestrians/in000365.jpg,206,129,287,412,person
/home/tyrone1/lavkush/reshaped_image_dataset/baseline/pedestrians/in000366.jpg,219,126,285,412,person
/home/tyrone1/lavkush/reshaped_image_dataset/baseline/pedestrians/in000367.jpg,219,131,287,415,person
/home/tyrone1/lavkush/reshaped_image_dataset/baseline/pedestrians/in000368.jpg,229,131,297,405,person
/home/tyrone1/lavkush/reshaped_image_dataset/baseline/pedestrians/in000369.jpg,233,134,307,418,person
/home/tyrone1/lavkush/reshaped_image_dataset/baseline/pedestrians/in000370.jpg,229,134,317,418,person
/home/tyrone1/lavkush/reshaped_image_dataset/baseline/pedestrians/in000371.jpg,233,144,331,423,person
/home/tyrone1/lavkush/reshaped_image_dataset/baseline/pedestrians/in000372.jpg,234,139,341,418,person
/home/tyrone1/lavkush/reshaped_image_dataset/baseline/pedestrians/in000373.jpg,238,141,339,412,person
/home/tyrone1/lavkush/reshaped_image_dataset/baseline/pedestrians/in000374.jpg,246,141,347,415,person
/home/tyrone1/lavkush/reshaped_image_dataset/baseline/pedestrians/in000375.jpg,246,149,347,412,person
/home/tyrone1/lavkush/reshaped_image_dataset/baseline/pedestrians/in000376.jpg,248,146,347,407,person
/home/tyrone1/lavkush/reshaped_image_dataset/baseline/pedestrians/in000377.jpg,255,139,351,402,person
/home/tyrone1/lavkush/reshaped_image_dataset/baseline/pedestrians/in000378.jpg,261,141,347,402,person
/home/tyrone1/lavkush/reshaped_image_dataset/baseline/pedestrians/in000379.jpg,261,134,351,400,person
/home/tyrone1/lavkush/reshaped_image_dataset/baseline/pedestrians/in000380.jpg,273,129,356,400,person
/home/tyrone1/lavkush/reshaped_image_dataset/baseline/pedestrians/in000381.jpg,285,131,356,395,person
/home/tyrone1/lavkush/reshaped_image_dataset/baseline/pedestrians/in000382.jpg,287,129,363,402,person
/home/tyrone1/lavkush/reshaped_image_dataset/baseline/pedestrians/in000383.jpg,295,136,366,402,person
/home/tyrone1/lavkush/reshaped_image_dataset/baseline/pedestrians/in000384.jpg,300,134,371,407,person
/home/tyrone1/lavkush/reshaped_image_dataset/baseline/pedestrians/in000385.jpg,302,141,376,405,person
/home/tyrone1/lavkush/reshaped_image_dataset/baseline/pedestrians/in000386.jpg,312,146,383,407,person
/home/tyrone1/lavkush/reshaped_image_dataset/baseline/pedestrians/in000387.jpg,298,141,390,407,person
/home/tyrone1/lavkush/reshaped_image_dataset/baseline/pedestrians/in000388.jpg,309,141,401,412,person
/home/tyrone1/lavkush/reshaped_image_dataset/baseline/pedestrians/in000389.jpg,307,141,408,412,person
/home/tyrone1/lavkush/reshaped_image_dataset/baseline/pedestrians/in000390.jpg,307,139,417,415,person
/home/tyrone1/lavkush/reshaped_image_dataset/baseline/pedestrians/in000391.jpg,317,149,417,407,person
/home/tyrone1/lavkush/reshaped_image_dataset/baseline/pedestrians/in000392.jpg,317,141,417,407,person
/home/tyrone1/lavkush/reshaped_image_dataset/baseline/pedestrians/in000393.jpg,329,134,415,407,person
/home/tyrone1/lavkush/reshaped_image_dataset/baseline/pedestrians/in000394.jpg,324,136,418,407,person
/home/tyrone1/lavkush/reshaped_image_dataset/baseline/pedestrians/in000395.jpg,334,134,415,405,person
/home/tyrone1/lavkush/reshaped_image_dataset/baseline/pedestrians/in000396.jpg,344,136,418,402,person
/home/tyrone1/lavkush/reshaped_image_dataset/baseline/pedestrians/in000397.jpg,356,139,420,410,person
/home/tyrone1/lavkush/reshaped_image_dataset/baseline/pedestrians/in000398.jpg,359,134,423,405,person
/home/tyrone1/lavkush/reshaped_image_dataset/baseline/pedestrians/in000399.jpg,368,139,423,407,person
/home/tyrone1/lavkush/reshaped_image_dataset/baseline/pedestrians/in000400.jpg,371,134,440,405,person
/home/tyrone1/lavkush/reshaped_image_dataset/baseline/pedestrians/in000401.jpg,374,136,450,407,person
/home/tyrone1/lavkush/reshaped_image_dataset/baseline/pedestrians/in000402.jpg,369,141,452,402,person
/home/tyrone1/lavkush/reshaped_image_dataset/baseline/pedestrians/in000403.jpg,378,146,467,402,person
/home/tyrone1/lavkush/reshaped_image_dataset/baseline/pedestrians/in000404.jpg,374,141,471,395,person
/home/tyrone1/lavkush/reshaped_image_dataset/baseline/pedestrians/in000405.jpg,380,146,469,400,person
/home/tyrone1/lavkush/reshaped_image_dataset/baseline/pedestrians/in000406.jpg,383,144,483,405,person
/home/tyrone1/lavkush/reshaped_image_dataset/baseline/pedestrians/in000407.jpg,587,86,608,319,person
/home/tyrone1/lavkush/reshaped_image_dataset/baseline/pedestrians/in000407.jpg,388,139,479,415,person
/home/tyrone1/lavkush/reshaped_image_dataset/baseline/pedestrians/in000408.jpg,395,139,484,410,person
/home/tyrone1/lavkush/reshaped_image_dataset/baseline/pedestrians/in000408.jpg,575,88,608,311,person
/home/tyrone1/lavkush/reshaped_image_dataset/baseline/pedestrians/in000409.jpg,572,93,608,314,person
/home/tyrone1/lavkush/reshaped_image_dataset/baseline/pedestrians/in000409.jpg,396,139,489,407,person
/home/tyrone1/lavkush/reshaped_image_dataset/baseline/pedestrians/in000410.jpg,410,139,486,407,person
/home/tyrone1/lavkush/reshaped_image_dataset/baseline/pedestrians/in000410.jpg,562,86,608,319,person
/home/tyrone1/lavkush/reshaped_image_dataset/baseline/pedestrians/in000411.jpg,418,136,494,410,person
/home/tyrone1/lavkush/reshaped_image_dataset/baseline/pedestrians/in000411.jpg,562,88,608,319,person
/home/tyrone1/lavkush/reshaped_image_dataset/baseline/pedestrians/in000412.jpg,425,139,484,412,person
/home/tyrone1/lavkush/reshaped_image_dataset/baseline/pedestrians/in000412.jpg,565,91,608,316,person
/home/tyrone1/lavkush/reshaped_image_dataset/baseline/pedestrians/in000413.jpg,425,136,486,410,person
/home/tyrone1/lavkush/reshaped_image_dataset/baseline/pedestrians/in000413.jpg,564,88,608,319,person
/home/tyrone1/lavkush/reshaped_image_dataset/baseline/pedestrians/in000414.jpg,435,139,496,407,person
/home/tyrone1/lavkush/reshaped_image_dataset/baseline/pedestrians/in000414.jpg,560,86,608,319,person
/home/tyrone1/lavkush/reshaped_image_dataset/baseline/pedestrians/in000415.jpg,442,136,499,405,person
/home/tyrone1/lavkush/reshaped_image_dataset/baseline/pedestrians/in000415.jpg,557,83,608,311,person
/home/tyrone1/lavkush/reshaped_image_dataset/baseline/pedestrians/in000416.jpg,445,139,504,412,person
/home/tyrone1/lavkush/reshaped_image_dataset/baseline/pedestrians/in000416.jpg,560,88,608,309,person
/home/tyrone1/lavkush/reshaped_image_dataset/baseline/pedestrians/in000417.jpg,440,144,523,412,person
/home/tyrone1/lavkush/reshaped_image_dataset/baseline/pedestrians/in000417.jpg,553,83,608,311,person
/home/tyrone1/lavkush/reshaped_image_dataset/baseline/pedestrians/in000418.jpg,445,139,525,407,person
/home/tyrone1/lavkush/reshaped_image_dataset/baseline/pedestrians/in000418.jpg,550,86,602,314,person
/home/tyrone1/lavkush/reshaped_image_dataset/baseline/pedestrians/in000419.jpg,444,139,533,407,person
/home/tyrone1/lavkush/reshaped_image_dataset/baseline/pedestrians/in000419.jpg,545,78,596,319,person
/home/tyrone1/lavkush/reshaped_image_dataset/baseline/pedestrians/in000420.jpg,450,141,538,415,person
/home/tyrone1/lavkush/reshaped_image_dataset/baseline/pedestrians/in000420.jpg,542,83,599,314,person
/home/tyrone1/lavkush/reshaped_image_dataset/baseline/pedestrians/in000421.jpg,462,144,528,402,person
/home/tyrone1/lavkush/reshaped_image_dataset/baseline/pedestrians/in000421.jpg,537,86,596,314,person
/home/tyrone1/lavkush/reshaped_image_dataset/baseline/pedestrians/in000422.jpg,452,141,540,412,person
/home/tyrone1/lavkush/reshaped_image_dataset/baseline/pedestrians/in000422.jpg,530,88,592,316,person
/home/tyrone1/lavkush/reshaped_image_dataset/baseline/pedestrians/in000423.jpg,450,139,542,407,person
/home/tyrone1/lavkush/reshaped_image_dataset/baseline/pedestrians/in000423.jpg,520,93,592,306,person
/home/tyrone1/lavkush/reshaped_image_dataset/baseline/pedestrians/in000424.jpg,462,154,542,402,person
/home/tyrone1/lavkush/reshaped_image_dataset/baseline/pedestrians/in000424.jpg,510,91,592,306,person
/home/tyrone1/lavkush/reshaped_image_dataset/baseline/pedestrians/in000425.jpg,510,91,596,311,person
/home/tyrone1/lavkush/reshaped_image_dataset/baseline/pedestrians/in000425.jpg,472,136,548,407,person
/home/tyrone1/lavkush/reshaped_image_dataset/baseline/pedestrians/in000426.jpg,484,144,547,412,person
/home/tyrone1/lavkush/reshaped_image_dataset/baseline/pedestrians/in000426.jpg,506,91,589,311,person
/home/tyrone1/lavkush/reshaped_image_dataset/baseline/pedestrians/in000427.jpg,491,141,543,412,person
/home/tyrone1/lavkush/reshaped_image_dataset/baseline/pedestrians/in000427.jpg,511,91,589,306,person
/home/tyrone1/lavkush/reshaped_image_dataset/baseline/pedestrians/in000428.jpg,494,144,547,405,person
/home/tyrone1/lavkush/reshaped_image_dataset/baseline/pedestrians/in000428.jpg,511,93,577,301,person
/home/tyrone1/lavkush/reshaped_image_dataset/baseline/pedestrians/in000429.jpg,504,144,548,412,person
/home/tyrone1/lavkush/reshaped_image_dataset/baseline/pedestrians/in000429.jpg,508,93,575,301,person
/home/tyrone1/lavkush/reshaped_image_dataset/baseline/pedestrians/in000430.jpg,506,144,557,412,person
/home/tyrone1/lavkush/reshaped_image_dataset/baseline/pedestrians/in000430.jpg,506,93,570,298,person
/home/tyrone1/lavkush/reshaped_image_dataset/baseline/pedestrians/in000431.jpg,511,141,569,407,person
/home/tyrone1/lavkush/reshaped_image_dataset/baseline/pedestrians/in000431.jpg,516,86,560,301,person
/home/tyrone1/lavkush/reshaped_image_dataset/baseline/pedestrians/in000432.jpg,513,86,559,286,person
/home/tyrone1/lavkush/reshaped_image_dataset/baseline/pedestrians/in000432.jpg,511,146,575,410,person
/home/tyrone1/lavkush/reshaped_image_dataset/baseline/pedestrians/in000433.jpg,510,154,589,407,person
/home/tyrone1/lavkush/reshaped_image_dataset/baseline/pedestrians/in000433.jpg,501,88,565,296,person
/home/tyrone1/lavkush/reshaped_image_dataset/baseline/pedestrians/in000434.jpg,501,83,540,301,person
/home/tyrone1/lavkush/reshaped_image_dataset/baseline/pedestrians/in000434.jpg,515,157,596,402,person
/home/tyrone1/lavkush/reshaped_image_dataset/baseline/pedestrians/in000435.jpg,494,78,538,306,person
/home/tyrone1/lavkush/reshaped_image_dataset/baseline/pedestrians/in000435.jpg,511,149,599,405,person
/home/tyrone1/lavkush/reshaped_image_dataset/baseline/pedestrians/in000436.jpg,489,81,542,311,person
/home/tyrone1/lavkush/reshaped_image_dataset/baseline/pedestrians/in000436.jpg,511,146,604,405,person
/home/tyrone1/lavkush/reshaped_image_dataset/baseline/pedestrians/in000437.jpg,486,81,535,309,person
/home/tyrone1/lavkush/reshaped_image_dataset/baseline/pedestrians/in000437.jpg,518,154,606,410,person
/home/tyrone1/lavkush/reshaped_image_dataset/baseline/pedestrians/in000438.jpg,511,154,608,405,person
/home/tyrone1/lavkush/reshaped_image_dataset/baseline/pedestrians/in000438.jpg,481,86,542,309,person
/home/tyrone1/lavkush/reshaped_image_dataset/baseline/pedestrians/in000439.jpg,515,154,608,402,person
/home/tyrone1/lavkush/reshaped_image_dataset/baseline/pedestrians/in000440.jpg,466,81,547,316,person
/home/tyrone1/lavkush/reshaped_image_dataset/baseline/pedestrians/in000440.jpg,530,149,608,410,person
/home/tyrone1/lavkush/reshaped_image_dataset/baseline/pedestrians/in000441.jpg,466,78,538,311,person
/home/tyrone1/lavkush/reshaped_image_dataset/baseline/pedestrians/in000441.jpg,537,144,606,407,person
/home/tyrone1/lavkush/reshaped_image_dataset/baseline/pedestrians/in000442.jpg,462,83,538,314,person
/home/tyrone1/lavkush/reshaped_image_dataset/baseline/pedestrians/in000442.jpg,550,141,606,418,person
/home/tyrone1/lavkush/reshaped_image_dataset/baseline/pedestrians/in000443.jpg,464,83,532,314,person
/home/tyrone1/lavkush/reshaped_image_dataset/baseline/pedestrians/in000443.jpg,560,141,608,412,person
/home/tyrone1/lavkush/reshaped_image_dataset/baseline/pedestrians/in000444.jpg,459,81,528,311,person
/home/tyrone1/lavkush/reshaped_image_dataset/baseline/pedestrians/in000444.jpg,565,141,608,412,person
/home/tyrone1/lavkush/reshaped_image_dataset/baseline/pedestrians/in000445.jpg,457,81,520,311,person
/home/tyrone1/lavkush/reshaped_image_dataset/baseline/pedestrians/in000445.jpg,565,141,608,402,person
/home/tyrone1/lavkush/reshaped_image_dataset/baseline/pedestrians/in000446.jpg,459,83,513,311,person
/home/tyrone1/lavkush/reshaped_image_dataset/baseline/pedestrians/in000446.jpg,575,136,608,397,person
/home/tyrone1/lavkush/reshaped_image_dataset/baseline/pedestrians/in000447.jpg,454,78,511,311,person
/home/tyrone1/lavkush/reshaped_image_dataset/baseline/pedestrians/in000447.jpg,569,139,608,402,person
/home/tyrone1/lavkush/reshaped_image_dataset/baseline/pedestrians/in000448.jpg,450,76,504,311,person
/home/tyrone1/lavkush/reshaped_image_dataset/baseline/pedestrians/in000448.jpg,577,144,608,405,person
/home/tyrone1/lavkush/reshaped_image_dataset/baseline/pedestrians/in000449.jpg,452,81,504,311,person
/home/tyrone1/lavkush/reshaped_image_dataset/baseline/pedestrians/in000449.jpg,582,154,608,410,person
/home/tyrone1/lavkush/reshaped_image_dataset/baseline/pedestrians/in000450.jpg,442,73,499,309,person
/home/tyrone1/lavkush/reshaped_image_dataset/baseline/pedestrians/in000450.jpg,572,157,608,402,person
/home/tyrone1/lavkush/reshaped_image_dataset/baseline/pedestrians/in000451.jpg,447,83,489,309,person
/home/tyrone1/lavkush/reshaped_image_dataset/baseline/pedestrians/in000451.jpg,584,195,608,405,person
/home/tyrone1/lavkush/reshaped_image_dataset/baseline/pedestrians/in000452.jpg,432,81,493,311,person
/home/tyrone1/lavkush/reshaped_image_dataset/baseline/pedestrians/in000452.jpg,580,210,608,402,person
/home/tyrone1/lavkush/reshaped_image_dataset/baseline/pedestrians/in000453.jpg,428,81,491,304,person
/home/tyrone1/lavkush/reshaped_image_dataset/baseline/pedestrians/in000454.jpg,420,76,494,306,person
/home/tyrone1/lavkush/reshaped_image_dataset/baseline/pedestrians/in000455.jpg,412,93,493,304,person
/home/tyrone1/lavkush/reshaped_image_dataset/baseline/pedestrians/in000456.jpg,410,86,493,301,person
/home/tyrone1/lavkush/reshaped_image_dataset/baseline/pedestrians/in000457.jpg,408,91,489,298,person
/home/tyrone1/lavkush/reshaped_image_dataset/baseline/pedestrians/in000458.jpg,410,91,486,306,person
/home/tyrone1/lavkush/reshaped_image_dataset/baseline/pedestrians/in000459.jpg,401,86,484,304,person
/home/tyrone1/lavkush/reshaped_image_dataset/baseline/pedestrians/in000460.jpg,400,81,476,306,person
/home/tyrone1/lavkush/reshaped_image_dataset/baseline/pedestrians/in000461.jpg,403,83,467,309,person
