/home/tyrone1/lavkush/reshaped_image_dataset/dynamicBackground/fall/in002512.jpg,587,456,608,519,car
/home/tyrone1/lavkush/reshaped_image_dataset/dynamicBackground/fall/in002513.jpg,579,448,608,529,car
/home/tyrone1/lavkush/reshaped_image_dataset/dynamicBackground/fall/in002514.jpg,577,449,608,515,car
/home/tyrone1/lavkush/reshaped_image_dataset/dynamicBackground/fall/in002515.jpg,558,438,608,524,car
/home/tyrone1/lavkush/reshaped_image_dataset/dynamicBackground/fall/in002516.jpg,548,437,608,521,car
/home/tyrone1/lavkush/reshaped_image_dataset/dynamicBackground/fall/in002518.jpg,534,438,608,515,car
/home/tyrone1/lavkush/reshaped_image_dataset/dynamicBackground/fall/in002519.jpg,518,435,608,526,car
/home/tyrone1/lavkush/reshaped_image_dataset/dynamicBackground/fall/in002520.jpg,508,442,608,523,car
/home/tyrone1/lavkush/reshaped_image_dataset/dynamicBackground/fall/in002521.jpg,500,447,608,529,car
/home/tyrone1/lavkush/reshaped_image_dataset/dynamicBackground/fall/in002522.jpg,485,445,608,528,car
/home/tyrone1/lavkush/reshaped_image_dataset/dynamicBackground/fall/in002523.jpg,473,444,602,529,car
/home/tyrone1/lavkush/reshaped_image_dataset/dynamicBackground/fall/in002524.jpg,458,445,595,528,car
/home/tyrone1/lavkush/reshaped_image_dataset/dynamicBackground/fall/in002525.jpg,447,444,585,524,car
/home/tyrone1/lavkush/reshaped_image_dataset/dynamicBackground/fall/in002526.jpg,434,442,575,529,car
/home/tyrone1/lavkush/reshaped_image_dataset/dynamicBackground/fall/in002527.jpg,421,444,566,528,car
/home/tyrone1/lavkush/reshaped_image_dataset/dynamicBackground/fall/in002528.jpg,414,440,553,528,car
/home/tyrone1/lavkush/reshaped_image_dataset/dynamicBackground/fall/in002529.jpg,400,447,540,526,car
/home/tyrone1/lavkush/reshaped_image_dataset/dynamicBackground/fall/in002530.jpg,387,443,531,534,car
/home/tyrone1/lavkush/reshaped_image_dataset/dynamicBackground/fall/in002531.jpg,375,452,520,534,car
/home/tyrone1/lavkush/reshaped_image_dataset/dynamicBackground/fall/in002532.jpg,361,449,508,534,car
/home/tyrone1/lavkush/reshaped_image_dataset/dynamicBackground/fall/in002533.jpg,348,450,500,534,car
/home/tyrone1/lavkush/reshaped_image_dataset/dynamicBackground/fall/in002534.jpg,333,449,483,543,car
/home/tyrone1/lavkush/reshaped_image_dataset/dynamicBackground/fall/in002535.jpg,325,449,471,535,car
/home/tyrone1/lavkush/reshaped_image_dataset/dynamicBackground/fall/in002536.jpg,306,444,460,545,car
/home/tyrone1/lavkush/reshaped_image_dataset/dynamicBackground/fall/in002537.jpg,295,452,446,543,car
/home/tyrone1/lavkush/reshaped_image_dataset/dynamicBackground/fall/in002538.jpg,279,448,435,544,car
/home/tyrone1/lavkush/reshaped_image_dataset/dynamicBackground/fall/in002539.jpg,266,453,422,539,car
/home/tyrone1/lavkush/reshaped_image_dataset/dynamicBackground/fall/in002540.jpg,250,448,410,549,car
/home/tyrone1/lavkush/reshaped_image_dataset/dynamicBackground/fall/in002541.jpg,231,452,395,547,car
/home/tyrone1/lavkush/reshaped_image_dataset/dynamicBackground/fall/in002542.jpg,219,448,386,549,car
/home/tyrone1/lavkush/reshaped_image_dataset/dynamicBackground/fall/in002543.jpg,208,449,372,551,car
/home/tyrone1/lavkush/reshaped_image_dataset/dynamicBackground/fall/in002544.jpg,191,448,358,553,car
/home/tyrone1/lavkush/reshaped_image_dataset/dynamicBackground/fall/in002545.jpg,176,456,343,551,car
/home/tyrone1/lavkush/reshaped_image_dataset/dynamicBackground/fall/in002546.jpg,162,453,330,556,car
/home/tyrone1/lavkush/reshaped_image_dataset/dynamicBackground/fall/in002547.jpg,145,454,312,547,car
/home/tyrone1/lavkush/reshaped_image_dataset/dynamicBackground/fall/in002548.jpg,135,449,306,553,car
/home/tyrone1/lavkush/reshaped_image_dataset/dynamicBackground/fall/in002550.jpg,115,462,290,557,car
/home/tyrone1/lavkush/reshaped_image_dataset/dynamicBackground/fall/in002551.jpg,81,458,258,564,car
/home/tyrone1/lavkush/reshaped_image_dataset/dynamicBackground/fall/in002552.jpg,68,469,246,562,car
/home/tyrone1/lavkush/reshaped_image_dataset/dynamicBackground/fall/in002553.jpg,55,458,231,568,car
/home/tyrone1/lavkush/reshaped_image_dataset/dynamicBackground/fall/in002554.jpg,37,463,214,567,car
/home/tyrone1/lavkush/reshaped_image_dataset/dynamicBackground/fall/in002555.jpg,20,458,201,568,car
/home/tyrone1/lavkush/reshaped_image_dataset/dynamicBackground/fall/in002556.jpg,5,462,185,567,car
/home/tyrone1/lavkush/reshaped_image_dataset/dynamicBackground/fall/in002557.jpg,0,456,169,564,car
/home/tyrone1/lavkush/reshaped_image_dataset/dynamicBackground/fall/in002558.jpg,0,463,152,563,car
/home/tyrone1/lavkush/reshaped_image_dataset/dynamicBackground/fall/in002559.jpg,0,463,137,568,car
/home/tyrone1/lavkush/reshaped_image_dataset/dynamicBackground/fall/in002560.jpg,1,468,120,567,car
/home/tyrone1/lavkush/reshaped_image_dataset/dynamicBackground/fall/in002561.jpg,1,469,105,571,car
/home/tyrone1/lavkush/reshaped_image_dataset/dynamicBackground/fall/in002562.jpg,1,467,92,566,car
/home/tyrone1/lavkush/reshaped_image_dataset/dynamicBackground/fall/in002563.jpg,0,466,70,575,car
/home/tyrone1/lavkush/reshaped_image_dataset/dynamicBackground/fall/in002564.jpg,0,459,54,578,car
/home/tyrone1/lavkush/reshaped_image_dataset/dynamicBackground/fall/in002565.jpg,0,463,38,577,car
/home/tyrone1/lavkush/reshaped_image_dataset/dynamicBackground/fall/in002566.jpg,0,471,21,578,car
