/home/tyrone1/lavkush/reshaped_image_dataset/badWeather/blizzard/in006339.jpg,583,115,608,224,car
/home/tyrone1/lavkush/reshaped_image_dataset/badWeather/blizzard/in006340.jpg,585,112,608,222,car
/home/tyrone1/lavkush/reshaped_image_dataset/badWeather/blizzard/in006341.jpg,591,112,608,222,car
/home/tyrone1/lavkush/reshaped_image_dataset/badWeather/blizzard/in006342.jpg,597,114,608,211,car
/home/tyrone1/lavkush/reshaped_image_dataset/badWeather/blizzard/in006343.jpg,600,121,608,202,car
/home/tyrone1/lavkush/reshaped_image_dataset/badWeather/blizzard/in006375.jpg,0,582,45,606,car
/home/tyrone1/lavkush/reshaped_image_dataset/badWeather/blizzard/in006376.jpg,0,566,77,606,car
/home/tyrone1/lavkush/reshaped_image_dataset/badWeather/blizzard/in006377.jpg,0,548,102,606,car
/home/tyrone1/lavkush/reshaped_image_dataset/badWeather/blizzard/in006378.jpg,1,535,120,606,car
/home/tyrone1/lavkush/reshaped_image_dataset/badWeather/blizzard/in006379.jpg,0,523,138,606,car
/home/tyrone1/lavkush/reshaped_image_dataset/badWeather/blizzard/in006380.jpg,0,515,157,606,car
/home/tyrone1/lavkush/reshaped_image_dataset/badWeather/blizzard/in006381.jpg,0,499,173,606,car
/home/tyrone1/lavkush/reshaped_image_dataset/badWeather/blizzard/in006382.jpg,10,496,186,606,car
/home/tyrone1/lavkush/reshaped_image_dataset/badWeather/blizzard/in006383.jpg,23,483,202,605,car
/home/tyrone1/lavkush/reshaped_image_dataset/badWeather/blizzard/in006384.jpg,43,476,218,602,car
/home/tyrone1/lavkush/reshaped_image_dataset/badWeather/blizzard/in006385.jpg,61,466,233,599,car
/home/tyrone1/lavkush/reshaped_image_dataset/badWeather/blizzard/in006386.jpg,81,458,242,581,car
/home/tyrone1/lavkush/reshaped_image_dataset/badWeather/blizzard/in006387.jpg,95,452,258,577,car
/home/tyrone1/lavkush/reshaped_image_dataset/badWeather/blizzard/in006388.jpg,116,438,267,562,car
/home/tyrone1/lavkush/reshaped_image_dataset/badWeather/blizzard/in006389.jpg,127,426,278,553,car
/home/tyrone1/lavkush/reshaped_image_dataset/badWeather/blizzard/in006390.jpg,141,425,293,539,car
/home/tyrone1/lavkush/reshaped_image_dataset/badWeather/blizzard/in006391.jpg,159,411,302,532,car
/home/tyrone1/lavkush/reshaped_image_dataset/badWeather/blizzard/in006392.jpg,173,414,315,525,car
/home/tyrone1/lavkush/reshaped_image_dataset/badWeather/blizzard/in006393.jpg,183,401,325,519,car
/home/tyrone1/lavkush/reshaped_image_dataset/badWeather/blizzard/in006394.jpg,194,401,339,507,car
/home/tyrone1/lavkush/reshaped_image_dataset/badWeather/blizzard/in006395.jpg,209,381,346,502,car
/home/tyrone1/lavkush/reshaped_image_dataset/badWeather/blizzard/in006396.jpg,222,380,356,492,car
/home/tyrone1/lavkush/reshaped_image_dataset/badWeather/blizzard/in006397.jpg,237,380,366,488,car
/home/tyrone1/lavkush/reshaped_image_dataset/badWeather/blizzard/in006398.jpg,247,369,377,475,car
/home/tyrone1/lavkush/reshaped_image_dataset/badWeather/blizzard/in006399.jpg,262,366,386,464,car
/home/tyrone1/lavkush/reshaped_image_dataset/badWeather/blizzard/in006400.jpg,272,362,396,456,car
/home/tyrone1/lavkush/reshaped_image_dataset/badWeather/blizzard/in006401.jpg,284,350,401,450,car
/home/tyrone1/lavkush/reshaped_image_dataset/badWeather/blizzard/in006402.jpg,289,354,409,449,car
/home/tyrone1/lavkush/reshaped_image_dataset/badWeather/blizzard/in006403.jpg,302,340,420,438,car
/home/tyrone1/lavkush/reshaped_image_dataset/badWeather/blizzard/in006404.jpg,314,333,426,434,car
/home/tyrone1/lavkush/reshaped_image_dataset/badWeather/blizzard/in006405.jpg,321,334,433,426,car
/home/tyrone1/lavkush/reshaped_image_dataset/badWeather/blizzard/in006406.jpg,332,331,439,420,car
/home/tyrone1/lavkush/reshaped_image_dataset/badWeather/blizzard/in006407.jpg,342,321,448,416,car
/home/tyrone1/lavkush/reshaped_image_dataset/badWeather/blizzard/in006408.jpg,348,315,458,405,car
/home/tyrone1/lavkush/reshaped_image_dataset/badWeather/blizzard/in006409.jpg,357,309,464,402,car
/home/tyrone1/lavkush/reshaped_image_dataset/badWeather/blizzard/in006410.jpg,366,311,471,397,car
/home/tyrone1/lavkush/reshaped_image_dataset/badWeather/blizzard/in006411.jpg,370,311,478,391,car
/home/tyrone1/lavkush/reshaped_image_dataset/badWeather/blizzard/in006412.jpg,384,304,478,392,car
/home/tyrone1/lavkush/reshaped_image_dataset/badWeather/blizzard/in006413.jpg,390,295,483,390,car
/home/tyrone1/lavkush/reshaped_image_dataset/badWeather/blizzard/in006414.jpg,396,296,494,378,car
/home/tyrone1/lavkush/reshaped_image_dataset/badWeather/blizzard/in006415.jpg,402,292,501,377,car
/home/tyrone1/lavkush/reshaped_image_dataset/badWeather/blizzard/in006416.jpg,412,293,509,369,car
/home/tyrone1/lavkush/reshaped_image_dataset/badWeather/blizzard/in006417.jpg,417,287,515,367,car
/home/tyrone1/lavkush/reshaped_image_dataset/badWeather/blizzard/in006418.jpg,428,285,517,362,car
/home/tyrone1/lavkush/reshaped_image_dataset/badWeather/blizzard/in006419.jpg,434,277,524,357,car
/home/tyrone1/lavkush/reshaped_image_dataset/badWeather/blizzard/in006420.jpg,439,274,526,355,car
/home/tyrone1/lavkush/reshaped_image_dataset/badWeather/blizzard/in006421.jpg,444,272,538,350,car
/home/tyrone1/lavkush/reshaped_image_dataset/badWeather/blizzard/in006422.jpg,453,264,542,349,car
/home/tyrone1/lavkush/reshaped_image_dataset/badWeather/blizzard/in006423.jpg,459,264,545,347,car
/home/tyrone1/lavkush/reshaped_image_dataset/badWeather/blizzard/in006424.jpg,468,267,549,342,car
/home/tyrone1/lavkush/reshaped_image_dataset/badWeather/blizzard/in006425.jpg,472,264,553,334,car
/home/tyrone1/lavkush/reshaped_image_dataset/badWeather/blizzard/in006426.jpg,473,257,558,329,car
/home/tyrone1/lavkush/reshaped_image_dataset/badWeather/blizzard/in006427.jpg,485,259,564,323,car
/home/tyrone1/lavkush/reshaped_image_dataset/badWeather/blizzard/in006428.jpg,488,253,567,319,car
/home/tyrone1/lavkush/reshaped_image_dataset/badWeather/blizzard/in006429.jpg,494,250,573,316,car
/home/tyrone1/lavkush/reshaped_image_dataset/badWeather/blizzard/in006430.jpg,499,247,577,312,car
/home/tyrone1/lavkush/reshaped_image_dataset/badWeather/blizzard/in006431.jpg,505,243,584,316,car
/home/tyrone1/lavkush/reshaped_image_dataset/badWeather/blizzard/in006432.jpg,510,239,586,311,car
/home/tyrone1/lavkush/reshaped_image_dataset/badWeather/blizzard/in006433.jpg,515,235,592,309,car
/home/tyrone1/lavkush/reshaped_image_dataset/badWeather/blizzard/in006434.jpg,520,235,593,305,car
/home/tyrone1/lavkush/reshaped_image_dataset/badWeather/blizzard/in006435.jpg,524,231,599,304,car
/home/tyrone1/lavkush/reshaped_image_dataset/badWeather/blizzard/in006436.jpg,532,233,602,296,car
/home/tyrone1/lavkush/reshaped_image_dataset/badWeather/blizzard/in006437.jpg,532,230,607,296,car
/home/tyrone1/lavkush/reshaped_image_dataset/badWeather/blizzard/in006438.jpg,538,230,608,285,car
/home/tyrone1/lavkush/reshaped_image_dataset/badWeather/blizzard/in006439.jpg,542,225,607,281,car
/home/tyrone1/lavkush/reshaped_image_dataset/badWeather/blizzard/in006440.jpg,548,226,608,283,car
/home/tyrone1/lavkush/reshaped_image_dataset/badWeather/blizzard/in006441.jpg,551,221,608,281,car
/home/tyrone1/lavkush/reshaped_image_dataset/badWeather/blizzard/in006442.jpg,557,221,608,272,car
/home/tyrone1/lavkush/reshaped_image_dataset/badWeather/blizzard/in006443.jpg,561,219,608,271,car
/home/tyrone1/lavkush/reshaped_image_dataset/badWeather/blizzard/in006445.jpg,565,217,608,271,car
/home/tyrone1/lavkush/reshaped_image_dataset/badWeather/blizzard/in006446.jpg,574,211,608,260,car
/home/tyrone1/lavkush/reshaped_image_dataset/badWeather/blizzard/in006447.jpg,577,211,608,260,car
/home/tyrone1/lavkush/reshaped_image_dataset/badWeather/blizzard/in006448.jpg,580,207,608,257,car
/home/tyrone1/lavkush/reshaped_image_dataset/badWeather/blizzard/in006449.jpg,585,203,608,252,car
/home/tyrone1/lavkush/reshaped_image_dataset/badWeather/blizzard/in006450.jpg,591,206,608,249,car
/home/tyrone1/lavkush/reshaped_image_dataset/badWeather/blizzard/in006451.jpg,591,206,608,250,car
/home/tyrone1/lavkush/reshaped_image_dataset/badWeather/blizzard/in006452.jpg,597,203,608,245,car
/home/tyrone1/lavkush/reshaped_image_dataset/badWeather/blizzard/in006453.jpg,599,202,608,254,car
/home/tyrone1/lavkush/reshaped_image_dataset/badWeather/blizzard/in006454.jpg,599,205,608,250,car
