/home/tyrone1/lavkush/reshaped_image_dataset/dynamicBackground/fall/in002671.jpg,491,452,590,575,car
/home/tyrone1/lavkush/reshaped_image_dataset/dynamicBackground/fall/in002672.jpg,532,458,608,568,car
/home/tyrone1/lavkush/reshaped_image_dataset/dynamicBackground/fall/in002674.jpg,543,456,608,568,car
/home/tyrone1/lavkush/reshaped_image_dataset/dynamicBackground/fall/in002675.jpg,573,448,608,558,car
/home/tyrone1/lavkush/reshaped_image_dataset/dynamicBackground/fall/in002676.jpg,586,456,608,548,car
/home/tyrone1/lavkush/reshaped_image_dataset/dynamicBackground/fall/in002677.jpg,600,483,608,540,car
/home/tyrone1/lavkush/reshaped_image_dataset/dynamicBackground/fall/in002766.jpg,601,412,608,507,person
/home/tyrone1/lavkush/reshaped_image_dataset/dynamicBackground/fall/in002767.jpg,597,407,608,509,person
/home/tyrone1/lavkush/reshaped_image_dataset/dynamicBackground/fall/in002768.jpg,595,409,608,504,person
/home/tyrone1/lavkush/reshaped_image_dataset/dynamicBackground/fall/in002769.jpg,592,410,608,505,person
/home/tyrone1/lavkush/reshaped_image_dataset/dynamicBackground/fall/in002770.jpg,591,412,608,509,person
/home/tyrone1/lavkush/reshaped_image_dataset/dynamicBackground/fall/in002771.jpg,593,410,608,506,person
/home/tyrone1/lavkush/reshaped_image_dataset/dynamicBackground/fall/in002773.jpg,593,414,608,504,person
/home/tyrone1/lavkush/reshaped_image_dataset/dynamicBackground/fall/in002774.jpg,592,406,608,501,person
/home/tyrone1/lavkush/reshaped_image_dataset/dynamicBackground/fall/in002776.jpg,591,411,608,504,person
/home/tyrone1/lavkush/reshaped_image_dataset/dynamicBackground/fall/in002777.jpg,588,410,608,507,person
/home/tyrone1/lavkush/reshaped_image_dataset/dynamicBackground/fall/in002778.jpg,590,414,608,505,person
/home/tyrone1/lavkush/reshaped_image_dataset/dynamicBackground/fall/in002779.jpg,591,416,608,500,person
/home/tyrone1/lavkush/reshaped_image_dataset/dynamicBackground/fall/in002780.jpg,587,415,608,505,person
/home/tyrone1/lavkush/reshaped_image_dataset/dynamicBackground/fall/in002781.jpg,587,418,608,505,person
/home/tyrone1/lavkush/reshaped_image_dataset/dynamicBackground/fall/in002782.jpg,0,571,40,606,car
/home/tyrone1/lavkush/reshaped_image_dataset/dynamicBackground/fall/in002782.jpg,587,415,605,501,person
/home/tyrone1/lavkush/reshaped_image_dataset/dynamicBackground/fall/in002783.jpg,0,564,67,606,car
/home/tyrone1/lavkush/reshaped_image_dataset/dynamicBackground/fall/in002783.jpg,586,419,608,509,person
/home/tyrone1/lavkush/reshaped_image_dataset/dynamicBackground/fall/in002784.jpg,0,538,101,606,car
/home/tyrone1/lavkush/reshaped_image_dataset/dynamicBackground/fall/in002784.jpg,584,418,608,507,person
/home/tyrone1/lavkush/reshaped_image_dataset/dynamicBackground/fall/in002785.jpg,0,518,132,606,car
/home/tyrone1/lavkush/reshaped_image_dataset/dynamicBackground/fall/in002786.jpg,0,505,162,606,car
/home/tyrone1/lavkush/reshaped_image_dataset/dynamicBackground/fall/in002786.jpg,586,418,606,504,person
/home/tyrone1/lavkush/reshaped_image_dataset/dynamicBackground/fall/in002787.jpg,0,500,186,606,car
/home/tyrone1/lavkush/reshaped_image_dataset/dynamicBackground/fall/in002787.jpg,583,410,602,499,person
/home/tyrone1/lavkush/reshaped_image_dataset/dynamicBackground/fall/in002788.jpg,0,497,211,606,car
/home/tyrone1/lavkush/reshaped_image_dataset/dynamicBackground/fall/in002788.jpg,580,411,601,500,person
/home/tyrone1/lavkush/reshaped_image_dataset/dynamicBackground/fall/in002789.jpg,0,494,233,606,car
/home/tyrone1/lavkush/reshaped_image_dataset/dynamicBackground/fall/in002789.jpg,579,410,602,504,person
/home/tyrone1/lavkush/reshaped_image_dataset/dynamicBackground/fall/in002790.jpg,0,497,263,606,car
/home/tyrone1/lavkush/reshaped_image_dataset/dynamicBackground/fall/in002790.jpg,579,411,599,505,person
/home/tyrone1/lavkush/reshaped_image_dataset/dynamicBackground/fall/in002791.jpg,0,495,283,606,car
/home/tyrone1/lavkush/reshaped_image_dataset/dynamicBackground/fall/in002791.jpg,575,414,598,501,person
/home/tyrone1/lavkush/reshaped_image_dataset/dynamicBackground/fall/in002792.jpg,5,501,294,606,car
/home/tyrone1/lavkush/reshaped_image_dataset/dynamicBackground/fall/in002792.jpg,566,412,599,507,person
/home/tyrone1/lavkush/reshaped_image_dataset/dynamicBackground/fall/in002793.jpg,0,496,313,606,car
/home/tyrone1/lavkush/reshaped_image_dataset/dynamicBackground/fall/in002793.jpg,568,411,597,507,person
/home/tyrone1/lavkush/reshaped_image_dataset/dynamicBackground/fall/in002794.jpg,29,497,348,606,car
/home/tyrone1/lavkush/reshaped_image_dataset/dynamicBackground/fall/in002794.jpg,566,411,600,505,person
/home/tyrone1/lavkush/reshaped_image_dataset/dynamicBackground/fall/in002795.jpg,55,494,374,606,car
/home/tyrone1/lavkush/reshaped_image_dataset/dynamicBackground/fall/in002795.jpg,568,418,595,509,person
/home/tyrone1/lavkush/reshaped_image_dataset/dynamicBackground/fall/in002796.jpg,78,485,396,606,car
/home/tyrone1/lavkush/reshaped_image_dataset/dynamicBackground/fall/in002796.jpg,564,414,597,509,person
/home/tyrone1/lavkush/reshaped_image_dataset/dynamicBackground/fall/in002797.jpg,106,487,417,606,car
/home/tyrone1/lavkush/reshaped_image_dataset/dynamicBackground/fall/in002797.jpg,564,410,595,505,person
/home/tyrone1/lavkush/reshaped_image_dataset/dynamicBackground/fall/in002798.jpg,132,486,441,606,car
/home/tyrone1/lavkush/reshaped_image_dataset/dynamicBackground/fall/in002798.jpg,564,410,595,509,person
/home/tyrone1/lavkush/reshaped_image_dataset/dynamicBackground/fall/in002799.jpg,157,482,461,606,car
/home/tyrone1/lavkush/reshaped_image_dataset/dynamicBackground/fall/in002800.jpg,567,418,592,509,person
/home/tyrone1/lavkush/reshaped_image_dataset/dynamicBackground/fall/in002801.jpg,179,486,481,606,car
/home/tyrone1/lavkush/reshaped_image_dataset/dynamicBackground/fall/in002801.jpg,564,412,591,509,person
/home/tyrone1/lavkush/reshaped_image_dataset/dynamicBackground/fall/in002802.jpg,228,485,520,606,car
/home/tyrone1/lavkush/reshaped_image_dataset/dynamicBackground/fall/in002802.jpg,564,414,587,511,person
/home/tyrone1/lavkush/reshaped_image_dataset/dynamicBackground/fall/in002803.jpg,253,480,538,605,car
/home/tyrone1/lavkush/reshaped_image_dataset/dynamicBackground/fall/in002803.jpg,565,411,588,509,person
/home/tyrone1/lavkush/reshaped_image_dataset/dynamicBackground/fall/in002804.jpg,276,478,553,606,car
/home/tyrone1/lavkush/reshaped_image_dataset/dynamicBackground/fall/in002804.jpg,566,418,586,505,person
/home/tyrone1/lavkush/reshaped_image_dataset/dynamicBackground/fall/in002805.jpg,294,478,570,606,car
/home/tyrone1/lavkush/reshaped_image_dataset/dynamicBackground/fall/in002805.jpg,562,416,584,507,person
/home/tyrone1/lavkush/reshaped_image_dataset/dynamicBackground/fall/in002806.jpg,323,478,590,606,car
/home/tyrone1/lavkush/reshaped_image_dataset/dynamicBackground/fall/in002806.jpg,558,420,581,511,person
/home/tyrone1/lavkush/reshaped_image_dataset/dynamicBackground/fall/in002807.jpg,341,473,608,606,car
/home/tyrone1/lavkush/reshaped_image_dataset/dynamicBackground/fall/in002807.jpg,559,416,581,509,person
/home/tyrone1/lavkush/reshaped_image_dataset/dynamicBackground/fall/in002808.jpg,357,462,608,606,car
/home/tyrone1/lavkush/reshaped_image_dataset/dynamicBackground/fall/in002808.jpg,560,418,579,504,person
/home/tyrone1/lavkush/reshaped_image_dataset/dynamicBackground/fall/in002809.jpg,385,473,608,606,car
/home/tyrone1/lavkush/reshaped_image_dataset/dynamicBackground/fall/in002809.jpg,559,414,581,504,person
/home/tyrone1/lavkush/reshaped_image_dataset/dynamicBackground/fall/in002810.jpg,396,463,608,606,car
/home/tyrone1/lavkush/reshaped_image_dataset/dynamicBackground/fall/in002811.jpg,414,469,608,606,car
/home/tyrone1/lavkush/reshaped_image_dataset/dynamicBackground/fall/in002811.jpg,561,424,575,491,person
/home/tyrone1/lavkush/reshaped_image_dataset/dynamicBackground/fall/in002812.jpg,439,467,608,606,car
/home/tyrone1/lavkush/reshaped_image_dataset/dynamicBackground/fall/in002812.jpg,558,419,572,477,person
/home/tyrone1/lavkush/reshaped_image_dataset/dynamicBackground/fall/in002813.jpg,455,459,608,606,car
/home/tyrone1/lavkush/reshaped_image_dataset/dynamicBackground/fall/in002813.jpg,555,418,574,464,person
/home/tyrone1/lavkush/reshaped_image_dataset/dynamicBackground/fall/in002814.jpg,471,463,608,606,car
/home/tyrone1/lavkush/reshaped_image_dataset/dynamicBackground/fall/in002814.jpg,553,418,573,463,person
/home/tyrone1/lavkush/reshaped_image_dataset/dynamicBackground/fall/in002815.jpg,495,463,608,606,car
/home/tyrone1/lavkush/reshaped_image_dataset/dynamicBackground/fall/in002815.jpg,552,418,574,467,person
/home/tyrone1/lavkush/reshaped_image_dataset/dynamicBackground/fall/in002816.jpg,510,463,608,606,car
/home/tyrone1/lavkush/reshaped_image_dataset/dynamicBackground/fall/in002816.jpg,553,420,571,466,person
/home/tyrone1/lavkush/reshaped_image_dataset/dynamicBackground/fall/in002817.jpg,525,459,608,592,car
/home/tyrone1/lavkush/reshaped_image_dataset/dynamicBackground/fall/in002817.jpg,553,421,570,463,person
/home/tyrone1/lavkush/reshaped_image_dataset/dynamicBackground/fall/in002818.jpg,544,458,608,590,car
/home/tyrone1/lavkush/reshaped_image_dataset/dynamicBackground/fall/in002818.jpg,549,416,565,492,person
/home/tyrone1/lavkush/reshaped_image_dataset/dynamicBackground/fall/in002820.jpg,559,462,608,585,car
/home/tyrone1/lavkush/reshaped_image_dataset/dynamicBackground/fall/in002820.jpg,548,421,566,501,person
/home/tyrone1/lavkush/reshaped_image_dataset/dynamicBackground/fall/in002821.jpg,591,472,608,577,car
/home/tyrone1/lavkush/reshaped_image_dataset/dynamicBackground/fall/in002821.jpg,546,418,564,505,person
/home/tyrone1/lavkush/reshaped_image_dataset/dynamicBackground/fall/in002822.jpg,546,416,564,507,person
/home/tyrone1/lavkush/reshaped_image_dataset/dynamicBackground/fall/in002823.jpg,544,420,561,501,person
/home/tyrone1/lavkush/reshaped_image_dataset/dynamicBackground/fall/in002824.jpg,541,424,564,504,person
/home/tyrone1/lavkush/reshaped_image_dataset/dynamicBackground/fall/in002825.jpg,541,416,561,507,person
/home/tyrone1/lavkush/reshaped_image_dataset/dynamicBackground/fall/in002826.jpg,535,419,563,507,person
/home/tyrone1/lavkush/reshaped_image_dataset/dynamicBackground/fall/in002827.jpg,536,421,561,509,person
/home/tyrone1/lavkush/reshaped_image_dataset/dynamicBackground/fall/in002828.jpg,534,415,559,509,person
/home/tyrone1/lavkush/reshaped_image_dataset/dynamicBackground/fall/in002829.jpg,534,424,559,511,person
/home/tyrone1/lavkush/reshaped_image_dataset/dynamicBackground/fall/in002830.jpg,533,424,556,511,person
/home/tyrone1/lavkush/reshaped_image_dataset/dynamicBackground/fall/in002831.jpg,532,424,559,504,person
/home/tyrone1/lavkush/reshaped_image_dataset/dynamicBackground/fall/in002832.jpg,534,425,554,506,person
/home/tyrone1/lavkush/reshaped_image_dataset/dynamicBackground/fall/in002833.jpg,532,424,557,504,person
/home/tyrone1/lavkush/reshaped_image_dataset/dynamicBackground/fall/in002834.jpg,533,426,553,505,person
/home/tyrone1/lavkush/reshaped_image_dataset/dynamicBackground/fall/in002835.jpg,530,424,550,501,person
/home/tyrone1/lavkush/reshaped_image_dataset/dynamicBackground/fall/in002836.jpg,527,424,549,502,person
/home/tyrone1/lavkush/reshaped_image_dataset/dynamicBackground/fall/in002837.jpg,526,424,551,504,person
/home/tyrone1/lavkush/reshaped_image_dataset/dynamicBackground/fall/in002838.jpg,530,419,547,509,person
/home/tyrone1/lavkush/reshaped_image_dataset/dynamicBackground/fall/in002839.jpg,526,421,544,509,person
/home/tyrone1/lavkush/reshaped_image_dataset/dynamicBackground/fall/in002840.jpg,528,435,544,511,person
/home/tyrone1/lavkush/reshaped_image_dataset/dynamicBackground/fall/in002841.jpg,525,425,544,505,person
/home/tyrone1/lavkush/reshaped_image_dataset/dynamicBackground/fall/in002842.jpg,525,424,542,515,person
/home/tyrone1/lavkush/reshaped_image_dataset/dynamicBackground/fall/in002843.jpg,520,428,542,511,person
/home/tyrone1/lavkush/reshaped_image_dataset/dynamicBackground/fall/in002844.jpg,520,428,542,507,person
/home/tyrone1/lavkush/reshaped_image_dataset/dynamicBackground/fall/in002845.jpg,524,428,542,511,person
/home/tyrone1/lavkush/reshaped_image_dataset/dynamicBackground/fall/in002846.jpg,521,420,543,511,person
/home/tyrone1/lavkush/reshaped_image_dataset/dynamicBackground/fall/in002847.jpg,521,418,541,514,person
/home/tyrone1/lavkush/reshaped_image_dataset/dynamicBackground/fall/in002848.jpg,519,424,543,521,person
/home/tyrone1/lavkush/reshaped_image_dataset/dynamicBackground/fall/in002849.jpg,516,416,537,519,person
/home/tyrone1/lavkush/reshaped_image_dataset/dynamicBackground/fall/in002850.jpg,512,421,539,523,person
/home/tyrone1/lavkush/reshaped_image_dataset/dynamicBackground/fall/in002851.jpg,515,421,537,514,person
/home/tyrone1/lavkush/reshaped_image_dataset/dynamicBackground/fall/in002852.jpg,515,423,537,518,person
/home/tyrone1/lavkush/reshaped_image_dataset/dynamicBackground/fall/in002854.jpg,512,420,534,513,person
/home/tyrone1/lavkush/reshaped_image_dataset/dynamicBackground/fall/in002855.jpg,510,421,535,519,person
/home/tyrone1/lavkush/reshaped_image_dataset/dynamicBackground/fall/in002857.jpg,512,426,533,518,person
/home/tyrone1/lavkush/reshaped_image_dataset/dynamicBackground/fall/in002858.jpg,512,428,532,515,person
/home/tyrone1/lavkush/reshaped_image_dataset/dynamicBackground/fall/in002859.jpg,510,424,528,521,person
/home/tyrone1/lavkush/reshaped_image_dataset/dynamicBackground/fall/in002860.jpg,506,429,532,521,person
/home/tyrone1/lavkush/reshaped_image_dataset/dynamicBackground/fall/in002861.jpg,503,429,528,518,person
/home/tyrone1/lavkush/reshaped_image_dataset/dynamicBackground/fall/in002862.jpg,502,430,530,519,person
/home/tyrone1/lavkush/reshaped_image_dataset/dynamicBackground/fall/in002864.jpg,504,428,528,521,person
/home/tyrone1/lavkush/reshaped_image_dataset/dynamicBackground/fall/in002865.jpg,502,425,527,519,person
/home/tyrone1/lavkush/reshaped_image_dataset/dynamicBackground/fall/in002866.jpg,499,429,526,521,person
/home/tyrone1/lavkush/reshaped_image_dataset/dynamicBackground/fall/in002867.jpg,499,423,526,521,person
/home/tyrone1/lavkush/reshaped_image_dataset/dynamicBackground/fall/in002868.jpg,496,425,525,521,person
/home/tyrone1/lavkush/reshaped_image_dataset/dynamicBackground/fall/in002870.jpg,500,428,522,525,person
/home/tyrone1/lavkush/reshaped_image_dataset/dynamicBackground/fall/in002871.jpg,496,428,520,519,person
/home/tyrone1/lavkush/reshaped_image_dataset/dynamicBackground/fall/in002872.jpg,494,428,518,526,person
/home/tyrone1/lavkush/reshaped_image_dataset/dynamicBackground/fall/in002873.jpg,494,425,519,513,person
/home/tyrone1/lavkush/reshaped_image_dataset/dynamicBackground/fall/in002875.jpg,493,430,519,518,person
/home/tyrone1/lavkush/reshaped_image_dataset/dynamicBackground/fall/in002875.jpg,492,426,494,430,person
/home/tyrone1/lavkush/reshaped_image_dataset/dynamicBackground/fall/in002876.jpg,490,428,510,526,person
/home/tyrone1/lavkush/reshaped_image_dataset/dynamicBackground/fall/in002877.jpg,491,428,512,519,person
/home/tyrone1/lavkush/reshaped_image_dataset/dynamicBackground/fall/in002878.jpg,488,428,511,521,person
/home/tyrone1/lavkush/reshaped_image_dataset/dynamicBackground/fall/in002879.jpg,486,430,513,528,person
/home/tyrone1/lavkush/reshaped_image_dataset/dynamicBackground/fall/in002880.jpg,487,426,511,524,person
/home/tyrone1/lavkush/reshaped_image_dataset/dynamicBackground/fall/in002881.jpg,483,431,513,529,person
/home/tyrone1/lavkush/reshaped_image_dataset/dynamicBackground/fall/in002882.jpg,487,428,509,523,person
/home/tyrone1/lavkush/reshaped_image_dataset/dynamicBackground/fall/in002883.jpg,483,428,506,524,person
/home/tyrone1/lavkush/reshaped_image_dataset/dynamicBackground/fall/in002884.jpg,483,425,504,521,person
/home/tyrone1/lavkush/reshaped_image_dataset/dynamicBackground/fall/in002885.jpg,481,424,508,519,person
/home/tyrone1/lavkush/reshaped_image_dataset/dynamicBackground/fall/in002886.jpg,482,423,503,521,person
/home/tyrone1/lavkush/reshaped_image_dataset/dynamicBackground/fall/in002887.jpg,478,434,502,526,person
/home/tyrone1/lavkush/reshaped_image_dataset/dynamicBackground/fall/in002888.jpg,479,431,506,523,person
/home/tyrone1/lavkush/reshaped_image_dataset/dynamicBackground/fall/in002889.jpg,477,429,501,529,person
/home/tyrone1/lavkush/reshaped_image_dataset/dynamicBackground/fall/in002890.jpg,473,426,499,519,person
/home/tyrone1/lavkush/reshaped_image_dataset/dynamicBackground/fall/in002891.jpg,473,425,501,521,person
/home/tyrone1/lavkush/reshaped_image_dataset/dynamicBackground/fall/in002892.jpg,469,431,499,526,person
/home/tyrone1/lavkush/reshaped_image_dataset/dynamicBackground/fall/in002893.jpg,466,435,499,524,person
/home/tyrone1/lavkush/reshaped_image_dataset/dynamicBackground/fall/in002894.jpg,466,433,499,524,person
/home/tyrone1/lavkush/reshaped_image_dataset/dynamicBackground/fall/in002895.jpg,461,433,497,524,person
/home/tyrone1/lavkush/reshaped_image_dataset/dynamicBackground/fall/in002896.jpg,467,431,496,523,person
/home/tyrone1/lavkush/reshaped_image_dataset/dynamicBackground/fall/in002897.jpg,466,430,495,524,person
/home/tyrone1/lavkush/reshaped_image_dataset/dynamicBackground/fall/in002898.jpg,464,431,494,521,person
/home/tyrone1/lavkush/reshaped_image_dataset/dynamicBackground/fall/in002899.jpg,463,430,496,528,person
/home/tyrone1/lavkush/reshaped_image_dataset/dynamicBackground/fall/in002900.jpg,463,429,491,525,person
/home/tyrone1/lavkush/reshaped_image_dataset/dynamicBackground/fall/in002901.jpg,460,428,490,523,person
/home/tyrone1/lavkush/reshaped_image_dataset/dynamicBackground/fall/in002902.jpg,461,428,488,526,person
/home/tyrone1/lavkush/reshaped_image_dataset/dynamicBackground/fall/in002903.jpg,461,426,483,526,person
/home/tyrone1/lavkush/reshaped_image_dataset/dynamicBackground/fall/in002904.jpg,461,431,480,523,person
/home/tyrone1/lavkush/reshaped_image_dataset/dynamicBackground/fall/in002905.jpg,459,430,482,526,person
/home/tyrone1/lavkush/reshaped_image_dataset/dynamicBackground/fall/in002906.jpg,457,430,480,523,person
/home/tyrone1/lavkush/reshaped_image_dataset/dynamicBackground/fall/in002907.jpg,453,430,477,528,person
/home/tyrone1/lavkush/reshaped_image_dataset/dynamicBackground/fall/in002908.jpg,458,430,478,526,person
/home/tyrone1/lavkush/reshaped_image_dataset/dynamicBackground/fall/in002909.jpg,454,428,477,525,person
/home/tyrone1/lavkush/reshaped_image_dataset/dynamicBackground/fall/in002910.jpg,450,428,479,526,person
/home/tyrone1/lavkush/reshaped_image_dataset/dynamicBackground/fall/in002911.jpg,451,428,476,523,person
/home/tyrone1/lavkush/reshaped_image_dataset/dynamicBackground/fall/in002912.jpg,450,426,473,521,person
/home/tyrone1/lavkush/reshaped_image_dataset/dynamicBackground/fall/in002913.jpg,450,428,473,524,person
/home/tyrone1/lavkush/reshaped_image_dataset/dynamicBackground/fall/in002914.jpg,448,428,471,523,person
/home/tyrone1/lavkush/reshaped_image_dataset/dynamicBackground/fall/in002915.jpg,450,429,469,521,person
/home/tyrone1/lavkush/reshaped_image_dataset/dynamicBackground/fall/in002916.jpg,447,426,474,521,person
/home/tyrone1/lavkush/reshaped_image_dataset/dynamicBackground/fall/in002917.jpg,441,431,466,523,person
/home/tyrone1/lavkush/reshaped_image_dataset/dynamicBackground/fall/in002918.jpg,444,433,468,528,person
/home/tyrone1/lavkush/reshaped_image_dataset/dynamicBackground/fall/in002919.jpg,443,431,465,523,person
/home/tyrone1/lavkush/reshaped_image_dataset/dynamicBackground/fall/in002920.jpg,441,430,465,523,person
/home/tyrone1/lavkush/reshaped_image_dataset/dynamicBackground/fall/in002921.jpg,441,426,461,521,person
/home/tyrone1/lavkush/reshaped_image_dataset/dynamicBackground/fall/in002922.jpg,439,428,461,523,person
/home/tyrone1/lavkush/reshaped_image_dataset/dynamicBackground/fall/in002923.jpg,439,428,461,524,person
/home/tyrone1/lavkush/reshaped_image_dataset/dynamicBackground/fall/in002924.jpg,434,429,462,525,person
/home/tyrone1/lavkush/reshaped_image_dataset/dynamicBackground/fall/in002925.jpg,432,431,461,525,person
/home/tyrone1/lavkush/reshaped_image_dataset/dynamicBackground/fall/in002926.jpg,426,434,459,521,person
/home/tyrone1/lavkush/reshaped_image_dataset/dynamicBackground/fall/in002927.jpg,428,426,460,525,person
/home/tyrone1/lavkush/reshaped_image_dataset/dynamicBackground/fall/in002928.jpg,425,428,459,526,person
/home/tyrone1/lavkush/reshaped_image_dataset/dynamicBackground/fall/in002929.jpg,428,430,460,524,person
/home/tyrone1/lavkush/reshaped_image_dataset/dynamicBackground/fall/in002930.jpg,426,431,456,525,person
/home/tyrone1/lavkush/reshaped_image_dataset/dynamicBackground/fall/in002931.jpg,425,428,456,525,person
/home/tyrone1/lavkush/reshaped_image_dataset/dynamicBackground/fall/in002932.jpg,423,428,454,532,person
/home/tyrone1/lavkush/reshaped_image_dataset/dynamicBackground/fall/in002933.jpg,421,428,451,526,person
/home/tyrone1/lavkush/reshaped_image_dataset/dynamicBackground/fall/in002934.jpg,421,430,450,525,person
/home/tyrone1/lavkush/reshaped_image_dataset/dynamicBackground/fall/in002935.jpg,421,428,446,526,person
/home/tyrone1/lavkush/reshaped_image_dataset/dynamicBackground/fall/in002936.jpg,423,428,441,532,person
/home/tyrone1/lavkush/reshaped_image_dataset/dynamicBackground/fall/in002937.jpg,423,424,442,525,person
/home/tyrone1/lavkush/reshaped_image_dataset/dynamicBackground/fall/in002939.jpg,418,428,442,528,person
/home/tyrone1/lavkush/reshaped_image_dataset/dynamicBackground/fall/in002940.jpg,415,421,442,526,person
/home/tyrone1/lavkush/reshaped_image_dataset/dynamicBackground/fall/in002941.jpg,410,429,439,532,person
/home/tyrone1/lavkush/reshaped_image_dataset/dynamicBackground/fall/in002943.jpg,408,431,436,528,person
/home/tyrone1/lavkush/reshaped_image_dataset/dynamicBackground/fall/in002944.jpg,408,430,435,530,person
/home/tyrone1/lavkush/reshaped_image_dataset/dynamicBackground/fall/in002945.jpg,407,431,434,523,person
/home/tyrone1/lavkush/reshaped_image_dataset/dynamicBackground/fall/in002946.jpg,406,430,432,526,person
/home/tyrone1/lavkush/reshaped_image_dataset/dynamicBackground/fall/in002947.jpg,404,431,433,529,person
/home/tyrone1/lavkush/reshaped_image_dataset/dynamicBackground/fall/in002949.jpg,402,430,430,533,person
/home/tyrone1/lavkush/reshaped_image_dataset/dynamicBackground/fall/in002950.jpg,401,429,428,532,person
/home/tyrone1/lavkush/reshaped_image_dataset/dynamicBackground/fall/in002951.jpg,400,424,425,525,person
/home/tyrone1/lavkush/reshaped_image_dataset/dynamicBackground/fall/in002952.jpg,398,428,427,528,person
/home/tyrone1/lavkush/reshaped_image_dataset/dynamicBackground/fall/in002953.jpg,396,428,423,530,person
/home/tyrone1/lavkush/reshaped_image_dataset/dynamicBackground/fall/in002954.jpg,393,428,421,532,person
/home/tyrone1/lavkush/reshaped_image_dataset/dynamicBackground/fall/in002955.jpg,396,426,420,529,person
/home/tyrone1/lavkush/reshaped_image_dataset/dynamicBackground/fall/in002956.jpg,390,426,419,534,person
/home/tyrone1/lavkush/reshaped_image_dataset/dynamicBackground/fall/in002957.jpg,392,433,417,529,person
/home/tyrone1/lavkush/reshaped_image_dataset/dynamicBackground/fall/in002958.jpg,390,435,418,526,person
/home/tyrone1/lavkush/reshaped_image_dataset/dynamicBackground/fall/in002959.jpg,388,439,417,526,person
/home/tyrone1/lavkush/reshaped_image_dataset/dynamicBackground/fall/in002960.jpg,389,434,418,524,person
/home/tyrone1/lavkush/reshaped_image_dataset/dynamicBackground/fall/in002961.jpg,389,433,416,528,person
/home/tyrone1/lavkush/reshaped_image_dataset/dynamicBackground/fall/in002962.jpg,385,433,418,526,person
/home/tyrone1/lavkush/reshaped_image_dataset/dynamicBackground/fall/in002963.jpg,385,434,419,532,person
/home/tyrone1/lavkush/reshaped_image_dataset/dynamicBackground/fall/in002964.jpg,382,428,416,528,person
/home/tyrone1/lavkush/reshaped_image_dataset/dynamicBackground/fall/in002965.jpg,384,430,415,528,person
/home/tyrone1/lavkush/reshaped_image_dataset/dynamicBackground/fall/in002966.jpg,385,434,412,528,person
/home/tyrone1/lavkush/reshaped_image_dataset/dynamicBackground/fall/in002967.jpg,381,431,407,533,person
/home/tyrone1/lavkush/reshaped_image_dataset/dynamicBackground/fall/in002968.jpg,377,430,402,528,person
/home/tyrone1/lavkush/reshaped_image_dataset/dynamicBackground/fall/in002969.jpg,381,428,402,528,person
/home/tyrone1/lavkush/reshaped_image_dataset/dynamicBackground/fall/in002970.jpg,380,430,400,533,person
/home/tyrone1/lavkush/reshaped_image_dataset/dynamicBackground/fall/in002971.jpg,377,430,398,532,person
/home/tyrone1/lavkush/reshaped_image_dataset/dynamicBackground/fall/in002972.jpg,377,433,398,528,person
/home/tyrone1/lavkush/reshaped_image_dataset/dynamicBackground/fall/in002973.jpg,377,434,397,529,person
/home/tyrone1/lavkush/reshaped_image_dataset/dynamicBackground/fall/in002974.jpg,377,434,396,532,person
/home/tyrone1/lavkush/reshaped_image_dataset/dynamicBackground/fall/in002975.jpg,374,434,396,528,person
/home/tyrone1/lavkush/reshaped_image_dataset/dynamicBackground/fall/in002976.jpg,373,434,394,532,person
/home/tyrone1/lavkush/reshaped_image_dataset/dynamicBackground/fall/in002977.jpg,369,430,396,532,person
/home/tyrone1/lavkush/reshaped_image_dataset/dynamicBackground/fall/in002978.jpg,367,430,392,532,person
/home/tyrone1/lavkush/reshaped_image_dataset/dynamicBackground/fall/in002979.jpg,367,435,390,524,person
/home/tyrone1/lavkush/reshaped_image_dataset/dynamicBackground/fall/in002980.jpg,367,434,390,529,person
/home/tyrone1/lavkush/reshaped_image_dataset/dynamicBackground/fall/in002981.jpg,367,430,389,535,person
/home/tyrone1/lavkush/reshaped_image_dataset/dynamicBackground/fall/in002982.jpg,367,430,385,538,person
/home/tyrone1/lavkush/reshaped_image_dataset/dynamicBackground/fall/in002983.jpg,361,428,386,532,person
/home/tyrone1/lavkush/reshaped_image_dataset/dynamicBackground/fall/in002984.jpg,359,428,383,533,person
/home/tyrone1/lavkush/reshaped_image_dataset/dynamicBackground/fall/in002985.jpg,358,425,382,533,person
/home/tyrone1/lavkush/reshaped_image_dataset/dynamicBackground/fall/in002986.jpg,359,426,380,529,person
/home/tyrone1/lavkush/reshaped_image_dataset/dynamicBackground/fall/in002987.jpg,354,428,381,532,person
/home/tyrone1/lavkush/reshaped_image_dataset/dynamicBackground/fall/in002988.jpg,352,428,379,534,person
/home/tyrone1/lavkush/reshaped_image_dataset/dynamicBackground/fall/in002989.jpg,351,433,377,537,person
/home/tyrone1/lavkush/reshaped_image_dataset/dynamicBackground/fall/in002990.jpg,352,435,379,533,person
/home/tyrone1/lavkush/reshaped_image_dataset/dynamicBackground/fall/in002991.jpg,351,435,377,529,person
/home/tyrone1/lavkush/reshaped_image_dataset/dynamicBackground/fall/in002992.jpg,341,431,376,530,person
/home/tyrone1/lavkush/reshaped_image_dataset/dynamicBackground/fall/in002993.jpg,345,431,373,530,person
/home/tyrone1/lavkush/reshaped_image_dataset/dynamicBackground/fall/in002994.jpg,339,431,377,529,person
/home/tyrone1/lavkush/reshaped_image_dataset/dynamicBackground/fall/in002995.jpg,341,431,375,535,person
/home/tyrone1/lavkush/reshaped_image_dataset/dynamicBackground/fall/in002996.jpg,339,438,374,532,person
/home/tyrone1/lavkush/reshaped_image_dataset/dynamicBackground/fall/in002997.jpg,337,438,374,532,person
/home/tyrone1/lavkush/reshaped_image_dataset/dynamicBackground/fall/in002998.jpg,341,435,374,532,person
/home/tyrone1/lavkush/reshaped_image_dataset/dynamicBackground/fall/in002999.jpg,342,434,368,535,person
/home/tyrone1/lavkush/reshaped_image_dataset/dynamicBackground/fall/in003001.jpg,336,434,363,540,person
/home/tyrone1/lavkush/reshaped_image_dataset/dynamicBackground/fall/in003002.jpg,334,430,358,534,person
/home/tyrone1/lavkush/reshaped_image_dataset/dynamicBackground/fall/in003003.jpg,333,430,357,539,person
/home/tyrone1/lavkush/reshaped_image_dataset/dynamicBackground/fall/in003004.jpg,333,426,355,537,person
/home/tyrone1/lavkush/reshaped_image_dataset/dynamicBackground/fall/in003005.jpg,331,431,355,538,person
/home/tyrone1/lavkush/reshaped_image_dataset/dynamicBackground/fall/in003006.jpg,330,431,356,543,person
/home/tyrone1/lavkush/reshaped_image_dataset/dynamicBackground/fall/in003007.jpg,331,429,352,544,person
/home/tyrone1/lavkush/reshaped_image_dataset/dynamicBackground/fall/in003008.jpg,329,434,351,543,person
/home/tyrone1/lavkush/reshaped_image_dataset/dynamicBackground/fall/in003010.jpg,324,431,351,537,person
/home/tyrone1/lavkush/reshaped_image_dataset/dynamicBackground/fall/in003011.jpg,325,435,347,539,person
/home/tyrone1/lavkush/reshaped_image_dataset/dynamicBackground/fall/in003012.jpg,324,434,350,543,person
/home/tyrone1/lavkush/reshaped_image_dataset/dynamicBackground/fall/in003013.jpg,322,442,349,534,person
/home/tyrone1/lavkush/reshaped_image_dataset/dynamicBackground/fall/in003014.jpg,324,434,343,532,person
/home/tyrone1/lavkush/reshaped_image_dataset/dynamicBackground/fall/in003015.jpg,324,435,341,532,person
/home/tyrone1/lavkush/reshaped_image_dataset/dynamicBackground/fall/in003016.jpg,324,431,339,535,person
/home/tyrone1/lavkush/reshaped_image_dataset/dynamicBackground/fall/in003018.jpg,323,433,335,528,person
/home/tyrone1/lavkush/reshaped_image_dataset/dynamicBackground/fall/in003019.jpg,320,435,335,528,person
/home/tyrone1/lavkush/reshaped_image_dataset/dynamicBackground/fall/in003020.jpg,318,437,335,537,person
/home/tyrone1/lavkush/reshaped_image_dataset/dynamicBackground/fall/in003021.jpg,320,439,339,521,person
/home/tyrone1/lavkush/reshaped_image_dataset/dynamicBackground/fall/in003022.jpg,321,443,333,532,person
/home/tyrone1/lavkush/reshaped_image_dataset/dynamicBackground/fall/in003023.jpg,324,450,333,526,person
/home/tyrone1/lavkush/reshaped_image_dataset/dynamicBackground/fall/in003024.jpg,324,456,331,529,person
/home/tyrone1/lavkush/reshaped_image_dataset/dynamicBackground/fall/in003025.jpg,302,450,331,547,person
/home/tyrone1/lavkush/reshaped_image_dataset/dynamicBackground/fall/in003026.jpg,302,459,328,540,person
/home/tyrone1/lavkush/reshaped_image_dataset/dynamicBackground/fall/in003027.jpg,298,466,328,534,person
/home/tyrone1/lavkush/reshaped_image_dataset/dynamicBackground/fall/in003028.jpg,298,452,306,539,person
/home/tyrone1/lavkush/reshaped_image_dataset/dynamicBackground/fall/in003029.jpg,298,443,307,535,person
/home/tyrone1/lavkush/reshaped_image_dataset/dynamicBackground/fall/in003030.jpg,295,443,310,539,person
/home/tyrone1/lavkush/reshaped_image_dataset/dynamicBackground/fall/in003031.jpg,292,439,304,538,person
/home/tyrone1/lavkush/reshaped_image_dataset/dynamicBackground/fall/in003032.jpg,297,435,306,540,person
/home/tyrone1/lavkush/reshaped_image_dataset/dynamicBackground/fall/in003033.jpg,293,431,309,545,person
/home/tyrone1/lavkush/reshaped_image_dataset/dynamicBackground/fall/in003034.jpg,292,433,306,539,person
/home/tyrone1/lavkush/reshaped_image_dataset/dynamicBackground/fall/in003036.jpg,292,431,304,534,person
/home/tyrone1/lavkush/reshaped_image_dataset/dynamicBackground/fall/in003037.jpg,287,428,307,539,person
/home/tyrone1/lavkush/reshaped_image_dataset/dynamicBackground/fall/in003038.jpg,284,434,309,539,person
/home/tyrone1/lavkush/reshaped_image_dataset/dynamicBackground/fall/in003040.jpg,284,442,307,545,person
/home/tyrone1/lavkush/reshaped_image_dataset/dynamicBackground/fall/in003041.jpg,284,443,306,540,person
/home/tyrone1/lavkush/reshaped_image_dataset/dynamicBackground/fall/in003042.jpg,284,439,304,540,person
/home/tyrone1/lavkush/reshaped_image_dataset/dynamicBackground/fall/in003043.jpg,278,439,305,544,person
/home/tyrone1/lavkush/reshaped_image_dataset/dynamicBackground/fall/in003044.jpg,278,435,304,542,person
/home/tyrone1/lavkush/reshaped_image_dataset/dynamicBackground/fall/in003045.jpg,278,443,304,544,person
/home/tyrone1/lavkush/reshaped_image_dataset/dynamicBackground/fall/in003046.jpg,274,440,304,542,person
/home/tyrone1/lavkush/reshaped_image_dataset/dynamicBackground/fall/in003047.jpg,272,435,303,545,person
/home/tyrone1/lavkush/reshaped_image_dataset/dynamicBackground/fall/in003048.jpg,275,435,298,545,person
/home/tyrone1/lavkush/reshaped_image_dataset/dynamicBackground/fall/in003049.jpg,276,439,296,539,person
/home/tyrone1/lavkush/reshaped_image_dataset/dynamicBackground/fall/in003050.jpg,271,442,295,543,person
/home/tyrone1/lavkush/reshaped_image_dataset/dynamicBackground/fall/in003051.jpg,275,440,294,540,person
/home/tyrone1/lavkush/reshaped_image_dataset/dynamicBackground/fall/in003052.jpg,268,440,293,539,person
/home/tyrone1/lavkush/reshaped_image_dataset/dynamicBackground/fall/in003053.jpg,267,438,294,540,person
/home/tyrone1/lavkush/reshaped_image_dataset/dynamicBackground/fall/in003054.jpg,266,435,290,539,person
/home/tyrone1/lavkush/reshaped_image_dataset/dynamicBackground/fall/in003055.jpg,265,435,292,539,person
/home/tyrone1/lavkush/reshaped_image_dataset/dynamicBackground/fall/in003056.jpg,258,439,292,542,person
/home/tyrone1/lavkush/reshaped_image_dataset/dynamicBackground/fall/in003057.jpg,255,439,291,539,person
/home/tyrone1/lavkush/reshaped_image_dataset/dynamicBackground/fall/in003058.jpg,252,435,288,539,person
/home/tyrone1/lavkush/reshaped_image_dataset/dynamicBackground/fall/in003059.jpg,252,440,287,543,person
/home/tyrone1/lavkush/reshaped_image_dataset/dynamicBackground/fall/in003060.jpg,252,443,289,542,person
/home/tyrone1/lavkush/reshaped_image_dataset/dynamicBackground/fall/in003061.jpg,249,444,287,543,person
/home/tyrone1/lavkush/reshaped_image_dataset/dynamicBackground/fall/in003062.jpg,253,442,289,544,person
/home/tyrone1/lavkush/reshaped_image_dataset/dynamicBackground/fall/in003063.jpg,252,438,286,540,person
/home/tyrone1/lavkush/reshaped_image_dataset/dynamicBackground/fall/in003064.jpg,252,439,284,548,person
/home/tyrone1/lavkush/reshaped_image_dataset/dynamicBackground/fall/in003065.jpg,249,439,281,543,person
/home/tyrone1/lavkush/reshaped_image_dataset/dynamicBackground/fall/in003067.jpg,249,439,278,540,person
/home/tyrone1/lavkush/reshaped_image_dataset/dynamicBackground/fall/in003068.jpg,246,434,271,543,person
/home/tyrone1/lavkush/reshaped_image_dataset/dynamicBackground/fall/in003069.jpg,246,434,270,544,person
/home/tyrone1/lavkush/reshaped_image_dataset/dynamicBackground/fall/in003070.jpg,244,435,266,543,person
/home/tyrone1/lavkush/reshaped_image_dataset/dynamicBackground/fall/in003071.jpg,240,442,268,547,person
/home/tyrone1/lavkush/reshaped_image_dataset/dynamicBackground/fall/in003072.jpg,238,442,265,547,person
/home/tyrone1/lavkush/reshaped_image_dataset/dynamicBackground/fall/in003073.jpg,238,440,265,544,person
/home/tyrone1/lavkush/reshaped_image_dataset/dynamicBackground/fall/in003074.jpg,234,444,265,545,person
/home/tyrone1/lavkush/reshaped_image_dataset/dynamicBackground/fall/in003075.jpg,234,444,261,544,person
/home/tyrone1/lavkush/reshaped_image_dataset/dynamicBackground/fall/in003076.jpg,235,443,261,544,person
/home/tyrone1/lavkush/reshaped_image_dataset/dynamicBackground/fall/in003077.jpg,235,443,262,542,person
/home/tyrone1/lavkush/reshaped_image_dataset/dynamicBackground/fall/in003078.jpg,235,442,262,543,person
/home/tyrone1/lavkush/reshaped_image_dataset/dynamicBackground/fall/in003079.jpg,234,442,260,543,person
/home/tyrone1/lavkush/reshaped_image_dataset/dynamicBackground/fall/in003080.jpg,230,444,256,542,person
/home/tyrone1/lavkush/reshaped_image_dataset/dynamicBackground/fall/in003081.jpg,230,443,255,543,person
/home/tyrone1/lavkush/reshaped_image_dataset/dynamicBackground/fall/in003082.jpg,228,440,251,543,person
/home/tyrone1/lavkush/reshaped_image_dataset/dynamicBackground/fall/in003083.jpg,228,440,251,543,person
/home/tyrone1/lavkush/reshaped_image_dataset/dynamicBackground/fall/in003084.jpg,225,438,251,543,person
/home/tyrone1/lavkush/reshaped_image_dataset/dynamicBackground/fall/in003085.jpg,223,438,247,543,person
/home/tyrone1/lavkush/reshaped_image_dataset/dynamicBackground/fall/in003086.jpg,223,440,245,543,person
/home/tyrone1/lavkush/reshaped_image_dataset/dynamicBackground/fall/in003087.jpg,219,433,244,539,person
/home/tyrone1/lavkush/reshaped_image_dataset/dynamicBackground/fall/in003088.jpg,217,439,245,544,person
/home/tyrone1/lavkush/reshaped_image_dataset/dynamicBackground/fall/in003089.jpg,217,438,246,547,person
/home/tyrone1/lavkush/reshaped_image_dataset/dynamicBackground/fall/in003091.jpg,211,442,243,547,person
/home/tyrone1/lavkush/reshaped_image_dataset/dynamicBackground/fall/in003093.jpg,211,442,244,547,person
/home/tyrone1/lavkush/reshaped_image_dataset/dynamicBackground/fall/in003094.jpg,209,444,243,547,person
/home/tyrone1/lavkush/reshaped_image_dataset/dynamicBackground/fall/in003096.jpg,209,444,241,549,person
/home/tyrone1/lavkush/reshaped_image_dataset/dynamicBackground/fall/in003097.jpg,205,442,238,549,person
/home/tyrone1/lavkush/reshaped_image_dataset/dynamicBackground/fall/in003099.jpg,205,443,238,549,person
/home/tyrone1/lavkush/reshaped_image_dataset/dynamicBackground/fall/in003100.jpg,202,442,231,547,person
/home/tyrone1/lavkush/reshaped_image_dataset/dynamicBackground/fall/in003102.jpg,202,440,231,549,person
/home/tyrone1/lavkush/reshaped_image_dataset/dynamicBackground/fall/in003103.jpg,197,438,226,545,person
/home/tyrone1/lavkush/reshaped_image_dataset/dynamicBackground/fall/in003104.jpg,197,438,223,545,person
/home/tyrone1/lavkush/reshaped_image_dataset/dynamicBackground/fall/in003105.jpg,194,439,223,544,person
/home/tyrone1/lavkush/reshaped_image_dataset/dynamicBackground/fall/in003106.jpg,194,439,223,547,person
/home/tyrone1/lavkush/reshaped_image_dataset/dynamicBackground/fall/in003107.jpg,191,445,223,547,person
/home/tyrone1/lavkush/reshaped_image_dataset/dynamicBackground/fall/in003108.jpg,191,447,219,549,person
/home/tyrone1/lavkush/reshaped_image_dataset/dynamicBackground/fall/in003109.jpg,187,443,219,549,person
/home/tyrone1/lavkush/reshaped_image_dataset/dynamicBackground/fall/in003110.jpg,187,443,219,549,person
/home/tyrone1/lavkush/reshaped_image_dataset/dynamicBackground/fall/in003111.jpg,186,442,219,551,person
/home/tyrone1/lavkush/reshaped_image_dataset/dynamicBackground/fall/in003112.jpg,185,440,214,549,person
/home/tyrone1/lavkush/reshaped_image_dataset/dynamicBackground/fall/in003113.jpg,184,439,211,549,person
/home/tyrone1/lavkush/reshaped_image_dataset/dynamicBackground/fall/in003115.jpg,184,439,212,547,person
/home/tyrone1/lavkush/reshaped_image_dataset/dynamicBackground/fall/in003116.jpg,184,434,210,547,person
/home/tyrone1/lavkush/reshaped_image_dataset/dynamicBackground/fall/in003117.jpg,177,443,208,549,person
/home/tyrone1/lavkush/reshaped_image_dataset/dynamicBackground/fall/in003119.jpg,176,443,206,551,person
/home/tyrone1/lavkush/reshaped_image_dataset/dynamicBackground/fall/in003120.jpg,170,443,203,549,person
/home/tyrone1/lavkush/reshaped_image_dataset/dynamicBackground/fall/in003121.jpg,166,445,200,547,person
/home/tyrone1/lavkush/reshaped_image_dataset/dynamicBackground/fall/in003122.jpg,166,445,203,551,person
/home/tyrone1/lavkush/reshaped_image_dataset/dynamicBackground/fall/in003123.jpg,166,439,203,551,person
/home/tyrone1/lavkush/reshaped_image_dataset/dynamicBackground/fall/in003124.jpg,166,439,204,549,person
/home/tyrone1/lavkush/reshaped_image_dataset/dynamicBackground/fall/in003125.jpg,158,449,201,551,person
/home/tyrone1/lavkush/reshaped_image_dataset/dynamicBackground/fall/in003126.jpg,158,448,200,549,person
/home/tyrone1/lavkush/reshaped_image_dataset/dynamicBackground/fall/in003127.jpg,158,448,200,549,person
/home/tyrone1/lavkush/reshaped_image_dataset/dynamicBackground/fall/in003128.jpg,158,448,202,551,person
/home/tyrone1/lavkush/reshaped_image_dataset/dynamicBackground/fall/in003129.jpg,154,445,200,551,person
/home/tyrone1/lavkush/reshaped_image_dataset/dynamicBackground/fall/in003130.jpg,154,445,199,551,person
/home/tyrone1/lavkush/reshaped_image_dataset/dynamicBackground/fall/in003131.jpg,152,448,196,549,person
/home/tyrone1/lavkush/reshaped_image_dataset/dynamicBackground/fall/in003132.jpg,152,449,190,547,person
/home/tyrone1/lavkush/reshaped_image_dataset/dynamicBackground/fall/in003133.jpg,154,439,190,547,person
/home/tyrone1/lavkush/reshaped_image_dataset/dynamicBackground/fall/in003135.jpg,154,439,182,553,person
/home/tyrone1/lavkush/reshaped_image_dataset/dynamicBackground/fall/in003136.jpg,152,445,179,547,person
/home/tyrone1/lavkush/reshaped_image_dataset/dynamicBackground/fall/in003137.jpg,151,444,179,553,person
/home/tyrone1/lavkush/reshaped_image_dataset/dynamicBackground/fall/in003138.jpg,146,449,175,553,person
/home/tyrone1/lavkush/reshaped_image_dataset/dynamicBackground/fall/in003139.jpg,143,443,175,554,person
/home/tyrone1/lavkush/reshaped_image_dataset/dynamicBackground/fall/in003140.jpg,141,445,172,553,person
/home/tyrone1/lavkush/reshaped_image_dataset/dynamicBackground/fall/in003141.jpg,141,445,178,558,person
/home/tyrone1/lavkush/reshaped_image_dataset/dynamicBackground/fall/in003142.jpg,136,449,174,556,person
/home/tyrone1/lavkush/reshaped_image_dataset/dynamicBackground/fall/in003143.jpg,139,452,172,556,person
/home/tyrone1/lavkush/reshaped_image_dataset/dynamicBackground/fall/in003144.jpg,135,445,172,556,person
/home/tyrone1/lavkush/reshaped_image_dataset/dynamicBackground/fall/in003145.jpg,138,448,170,553,person
/home/tyrone1/lavkush/reshaped_image_dataset/dynamicBackground/fall/in003146.jpg,132,445,166,553,person
/home/tyrone1/lavkush/reshaped_image_dataset/dynamicBackground/fall/in003147.jpg,132,445,164,557,person
/home/tyrone1/lavkush/reshaped_image_dataset/dynamicBackground/fall/in003148.jpg,130,442,163,557,person
/home/tyrone1/lavkush/reshaped_image_dataset/dynamicBackground/fall/in003149.jpg,130,442,157,558,person
/home/tyrone1/lavkush/reshaped_image_dataset/dynamicBackground/fall/in003150.jpg,123,445,152,556,person
/home/tyrone1/lavkush/reshaped_image_dataset/dynamicBackground/fall/in003151.jpg,126,442,154,558,person
/home/tyrone1/lavkush/reshaped_image_dataset/dynamicBackground/fall/in003152.jpg,120,448,149,554,person
/home/tyrone1/lavkush/reshaped_image_dataset/dynamicBackground/fall/in003153.jpg,120,448,152,554,person
/home/tyrone1/lavkush/reshaped_image_dataset/dynamicBackground/fall/in003154.jpg,114,452,150,554,person
/home/tyrone1/lavkush/reshaped_image_dataset/dynamicBackground/fall/in003155.jpg,114,452,153,557,person
/home/tyrone1/lavkush/reshaped_image_dataset/dynamicBackground/fall/in003156.jpg,108,449,148,554,person
/home/tyrone1/lavkush/reshaped_image_dataset/dynamicBackground/fall/in003157.jpg,108,450,150,561,person
/home/tyrone1/lavkush/reshaped_image_dataset/dynamicBackground/fall/in003158.jpg,106,453,150,557,person
/home/tyrone1/lavkush/reshaped_image_dataset/dynamicBackground/fall/in003159.jpg,106,453,152,561,person
/home/tyrone1/lavkush/reshaped_image_dataset/dynamicBackground/fall/in003160.jpg,102,452,149,554,person
/home/tyrone1/lavkush/reshaped_image_dataset/dynamicBackground/fall/in003161.jpg,105,450,149,557,person
/home/tyrone1/lavkush/reshaped_image_dataset/dynamicBackground/fall/in003162.jpg,103,449,146,554,person
/home/tyrone1/lavkush/reshaped_image_dataset/dynamicBackground/fall/in003163.jpg,103,449,145,561,person
/home/tyrone1/lavkush/reshaped_image_dataset/dynamicBackground/fall/in003164.jpg,98,449,143,558,person
/home/tyrone1/lavkush/reshaped_image_dataset/dynamicBackground/fall/in003165.jpg,97,444,140,556,person
/home/tyrone1/lavkush/reshaped_image_dataset/dynamicBackground/fall/in003166.jpg,101,449,133,556,person
/home/tyrone1/lavkush/reshaped_image_dataset/dynamicBackground/fall/in003167.jpg,97,444,129,559,person
/home/tyrone1/lavkush/reshaped_image_dataset/dynamicBackground/fall/in003168.jpg,97,442,127,557,person
/home/tyrone1/lavkush/reshaped_image_dataset/dynamicBackground/fall/in003169.jpg,93,445,121,554,person
/home/tyrone1/lavkush/reshaped_image_dataset/dynamicBackground/fall/in003170.jpg,94,445,123,561,person
/home/tyrone1/lavkush/reshaped_image_dataset/dynamicBackground/fall/in003171.jpg,92,448,119,558,person
/home/tyrone1/lavkush/reshaped_image_dataset/dynamicBackground/fall/in003172.jpg,92,448,120,557,person
/home/tyrone1/lavkush/reshaped_image_dataset/dynamicBackground/fall/in003173.jpg,86,452,116,557,person
/home/tyrone1/lavkush/reshaped_image_dataset/dynamicBackground/fall/in003174.jpg,84,449,120,557,person
/home/tyrone1/lavkush/reshaped_image_dataset/dynamicBackground/fall/in003175.jpg,81,456,119,557,person
/home/tyrone1/lavkush/reshaped_image_dataset/dynamicBackground/fall/in003176.jpg,81,456,117,558,person
/home/tyrone1/lavkush/reshaped_image_dataset/dynamicBackground/fall/in003177.jpg,76,453,114,558,person
/home/tyrone1/lavkush/reshaped_image_dataset/dynamicBackground/fall/in003179.jpg,76,453,115,556,person
/home/tyrone1/lavkush/reshaped_image_dataset/dynamicBackground/fall/in003180.jpg,76,458,110,553,person
/home/tyrone1/lavkush/reshaped_image_dataset/dynamicBackground/fall/in003181.jpg,76,456,104,557,person
/home/tyrone1/lavkush/reshaped_image_dataset/dynamicBackground/fall/in003182.jpg,71,456,101,558,person
/home/tyrone1/lavkush/reshaped_image_dataset/dynamicBackground/fall/in003183.jpg,70,454,101,563,person
/home/tyrone1/lavkush/reshaped_image_dataset/dynamicBackground/fall/in003184.jpg,65,452,97,562,person
/home/tyrone1/lavkush/reshaped_image_dataset/dynamicBackground/fall/in003185.jpg,65,448,97,558,person
/home/tyrone1/lavkush/reshaped_image_dataset/dynamicBackground/fall/in003186.jpg,65,450,95,558,person
/home/tyrone1/lavkush/reshaped_image_dataset/dynamicBackground/fall/in003187.jpg,63,452,93,562,person
/home/tyrone1/lavkush/reshaped_image_dataset/dynamicBackground/fall/in003188.jpg,58,450,88,561,person
/home/tyrone1/lavkush/reshaped_image_dataset/dynamicBackground/fall/in003189.jpg,58,450,92,561,person
/home/tyrone1/lavkush/reshaped_image_dataset/dynamicBackground/fall/in003190.jpg,51,452,91,561,person
/home/tyrone1/lavkush/reshaped_image_dataset/dynamicBackground/fall/in003191.jpg,48,452,91,562,person
/home/tyrone1/lavkush/reshaped_image_dataset/dynamicBackground/fall/in003192.jpg,44,453,91,562,person
/home/tyrone1/lavkush/reshaped_image_dataset/dynamicBackground/fall/in003193.jpg,42,449,91,563,person
/home/tyrone1/lavkush/reshaped_image_dataset/dynamicBackground/fall/in003194.jpg,39,458,88,561,person
/home/tyrone1/lavkush/reshaped_image_dataset/dynamicBackground/fall/in003195.jpg,39,452,89,558,person
/home/tyrone1/lavkush/reshaped_image_dataset/dynamicBackground/fall/in003196.jpg,38,449,86,558,person
/home/tyrone1/lavkush/reshaped_image_dataset/dynamicBackground/fall/in003197.jpg,38,449,86,561,person
/home/tyrone1/lavkush/reshaped_image_dataset/dynamicBackground/fall/in003198.jpg,39,448,82,558,person
/home/tyrone1/lavkush/reshaped_image_dataset/dynamicBackground/fall/in003199.jpg,39,448,77,558,person
/home/tyrone1/lavkush/reshaped_image_dataset/dynamicBackground/fall/in003200.jpg,39,449,75,561,person
/home/tyrone1/lavkush/reshaped_image_dataset/dynamicBackground/fall/in003201.jpg,38,448,71,568,person
/home/tyrone1/lavkush/reshaped_image_dataset/dynamicBackground/fall/in003202.jpg,30,452,67,563,person
/home/tyrone1/lavkush/reshaped_image_dataset/dynamicBackground/fall/in003203.jpg,32,448,64,564,person
/home/tyrone1/lavkush/reshaped_image_dataset/dynamicBackground/fall/in003204.jpg,31,449,59,562,person
/home/tyrone1/lavkush/reshaped_image_dataset/dynamicBackground/fall/in003205.jpg,30,449,62,559,person
/home/tyrone1/lavkush/reshaped_image_dataset/dynamicBackground/fall/in003206.jpg,26,454,59,561,person
/home/tyrone1/lavkush/reshaped_image_dataset/dynamicBackground/fall/in003207.jpg,26,454,59,561,person
/home/tyrone1/lavkush/reshaped_image_dataset/dynamicBackground/fall/in003208.jpg,23,454,58,558,person
/home/tyrone1/lavkush/reshaped_image_dataset/dynamicBackground/fall/in003209.jpg,22,454,59,563,person
/home/tyrone1/lavkush/reshaped_image_dataset/dynamicBackground/fall/in003210.jpg,21,454,55,561,person
/home/tyrone1/lavkush/reshaped_image_dataset/dynamicBackground/fall/in003211.jpg,21,449,56,561,person
/home/tyrone1/lavkush/reshaped_image_dataset/dynamicBackground/fall/in003212.jpg,18,454,55,561,person
/home/tyrone1/lavkush/reshaped_image_dataset/dynamicBackground/fall/in003213.jpg,18,450,52,558,person
/home/tyrone1/lavkush/reshaped_image_dataset/dynamicBackground/fall/in003214.jpg,20,456,48,558,person
/home/tyrone1/lavkush/reshaped_image_dataset/dynamicBackground/fall/in003215.jpg,19,453,45,556,person
/home/tyrone1/lavkush/reshaped_image_dataset/dynamicBackground/fall/in003216.jpg,15,445,41,561,person
/home/tyrone1/lavkush/reshaped_image_dataset/dynamicBackground/fall/in003218.jpg,15,445,43,562,person
/home/tyrone1/lavkush/reshaped_image_dataset/dynamicBackground/fall/in003219.jpg,9,449,41,562,person
/home/tyrone1/lavkush/reshaped_image_dataset/dynamicBackground/fall/in003220.jpg,9,448,40,561,person
/home/tyrone1/lavkush/reshaped_image_dataset/dynamicBackground/fall/in003221.jpg,6,452,38,562,person
/home/tyrone1/lavkush/reshaped_image_dataset/dynamicBackground/fall/in003222.jpg,6,444,38,559,person
/home/tyrone1/lavkush/reshaped_image_dataset/dynamicBackground/fall/in003224.jpg,1,448,38,561,person
/home/tyrone1/lavkush/reshaped_image_dataset/dynamicBackground/fall/in003225.jpg,1,445,36,562,person
/home/tyrone1/lavkush/reshaped_image_dataset/dynamicBackground/fall/in003226.jpg,0,445,37,562,person
/home/tyrone1/lavkush/reshaped_image_dataset/dynamicBackground/fall/in003227.jpg,0,447,36,567,person
/home/tyrone1/lavkush/reshaped_image_dataset/dynamicBackground/fall/in003228.jpg,0,453,38,563,person
/home/tyrone1/lavkush/reshaped_image_dataset/dynamicBackground/fall/in003229.jpg,0,456,32,561,person
/home/tyrone1/lavkush/reshaped_image_dataset/dynamicBackground/fall/in003230.jpg,0,453,36,562,person
/home/tyrone1/lavkush/reshaped_image_dataset/dynamicBackground/fall/in003231.jpg,0,449,27,558,person
/home/tyrone1/lavkush/reshaped_image_dataset/dynamicBackground/fall/in003232.jpg,0,454,27,558,person
/home/tyrone1/lavkush/reshaped_image_dataset/dynamicBackground/fall/in003233.jpg,0,449,24,561,person
/home/tyrone1/lavkush/reshaped_image_dataset/dynamicBackground/fall/in003234.jpg,0,454,24,561,person
/home/tyrone1/lavkush/reshaped_image_dataset/dynamicBackground/fall/in003235.jpg,1,450,14,561,person
/home/tyrone1/lavkush/reshaped_image_dataset/dynamicBackground/fall/in003236.jpg,0,457,21,562,person
/home/tyrone1/lavkush/reshaped_image_dataset/dynamicBackground/fall/in003237.jpg,0,452,12,554,person
/home/tyrone1/lavkush/reshaped_image_dataset/dynamicBackground/fall/in003238.jpg,0,456,17,552,person
/home/tyrone1/lavkush/reshaped_image_dataset/dynamicBackground/fall/in003239.jpg,0,456,10,561,person
/home/tyrone1/lavkush/reshaped_image_dataset/dynamicBackground/fall/in003240.jpg,1,459,5,558,person
/home/tyrone1/lavkush/reshaped_image_dataset/dynamicBackground/fall/in003241.jpg,0,466,10,554,person
/home/tyrone1/lavkush/reshaped_image_dataset/dynamicBackground/fall/in003242.jpg,2,467,7,559,person
/home/tyrone1/lavkush/reshaped_image_dataset/dynamicBackground/fall/in003243.jpg,0,471,15,558,person
/home/tyrone1/lavkush/reshaped_image_dataset/dynamicBackground/fall/in003244.jpg,1,467,7,552,person
/home/tyrone1/lavkush/reshaped_image_dataset/dynamicBackground/fall/in003245.jpg,0,487,9,553,person
/home/tyrone1/lavkush/reshaped_image_dataset/dynamicBackground/fall/in003246.jpg,0,477,5,516,person
/home/tyrone1/lavkush/reshaped_image_dataset/dynamicBackground/fall/in003525.jpg,591,459,608,514,car
/home/tyrone1/lavkush/reshaped_image_dataset/dynamicBackground/fall/in003526.jpg,582,454,608,516,car
/home/tyrone1/lavkush/reshaped_image_dataset/dynamicBackground/fall/in003527.jpg,574,442,608,515,car
/home/tyrone1/lavkush/reshaped_image_dataset/dynamicBackground/fall/in003528.jpg,564,434,608,523,car
/home/tyrone1/lavkush/reshaped_image_dataset/dynamicBackground/fall/in003529.jpg,553,431,608,525,car
/home/tyrone1/lavkush/reshaped_image_dataset/dynamicBackground/fall/in003530.jpg,545,428,608,521,car
/home/tyrone1/lavkush/reshaped_image_dataset/dynamicBackground/fall/in003531.jpg,534,424,608,523,car
/home/tyrone1/lavkush/reshaped_image_dataset/dynamicBackground/fall/in003532.jpg,524,426,608,526,car
/home/tyrone1/lavkush/reshaped_image_dataset/dynamicBackground/fall/in003533.jpg,519,421,608,524,car
/home/tyrone1/lavkush/reshaped_image_dataset/dynamicBackground/fall/in003534.jpg,508,428,608,523,car
/home/tyrone1/lavkush/reshaped_image_dataset/dynamicBackground/fall/in003535.jpg,497,428,607,523,car
/home/tyrone1/lavkush/reshaped_image_dataset/dynamicBackground/fall/in003537.jpg,484,426,608,529,car
/home/tyrone1/lavkush/reshaped_image_dataset/dynamicBackground/fall/in003538.jpg,467,426,608,529,car
/home/tyrone1/lavkush/reshaped_image_dataset/dynamicBackground/fall/in003539.jpg,456,424,608,529,car
/home/tyrone1/lavkush/reshaped_image_dataset/dynamicBackground/fall/in003540.jpg,441,431,607,534,car
/home/tyrone1/lavkush/reshaped_image_dataset/dynamicBackground/fall/in003541.jpg,433,429,595,529,car
/home/tyrone1/lavkush/reshaped_image_dataset/dynamicBackground/fall/in003542.jpg,418,425,587,532,car
/home/tyrone1/lavkush/reshaped_image_dataset/dynamicBackground/fall/in003543.jpg,406,421,581,525,car
/home/tyrone1/lavkush/reshaped_image_dataset/dynamicBackground/fall/in003544.jpg,400,421,570,539,car
/home/tyrone1/lavkush/reshaped_image_dataset/dynamicBackground/fall/in003545.jpg,386,431,560,534,car
/home/tyrone1/lavkush/reshaped_image_dataset/dynamicBackground/fall/in003546.jpg,374,431,544,544,car
/home/tyrone1/lavkush/reshaped_image_dataset/dynamicBackground/fall/in003547.jpg,366,435,539,547,car
/home/tyrone1/lavkush/reshaped_image_dataset/dynamicBackground/fall/in003548.jpg,356,434,525,533,car
/home/tyrone1/lavkush/reshaped_image_dataset/dynamicBackground/fall/in003549.jpg,337,430,518,535,car
/home/tyrone1/lavkush/reshaped_image_dataset/dynamicBackground/fall/in003550.jpg,325,429,506,544,car
/home/tyrone1/lavkush/reshaped_image_dataset/dynamicBackground/fall/in003551.jpg,325,431,492,537,car
/home/tyrone1/lavkush/reshaped_image_dataset/dynamicBackground/fall/in003552.jpg,299,430,483,547,car
/home/tyrone1/lavkush/reshaped_image_dataset/dynamicBackground/fall/in003553.jpg,286,435,471,549,car
/home/tyrone1/lavkush/reshaped_image_dataset/dynamicBackground/fall/in003554.jpg,276,430,461,547,car
/home/tyrone1/lavkush/reshaped_image_dataset/dynamicBackground/fall/in003555.jpg,259,434,450,543,car
/home/tyrone1/lavkush/reshaped_image_dataset/dynamicBackground/fall/in003556.jpg,247,433,438,545,car
/home/tyrone1/lavkush/reshaped_image_dataset/dynamicBackground/fall/in003557.jpg,238,434,423,547,car
/home/tyrone1/lavkush/reshaped_image_dataset/dynamicBackground/fall/in003558.jpg,228,434,412,556,car
/home/tyrone1/lavkush/reshaped_image_dataset/dynamicBackground/fall/in003559.jpg,207,438,400,547,car
/home/tyrone1/lavkush/reshaped_image_dataset/dynamicBackground/fall/in003560.jpg,200,435,388,547,car
/home/tyrone1/lavkush/reshaped_image_dataset/dynamicBackground/fall/in003561.jpg,184,443,382,545,car
/home/tyrone1/lavkush/reshaped_image_dataset/dynamicBackground/fall/in003562.jpg,168,438,362,551,car
/home/tyrone1/lavkush/reshaped_image_dataset/dynamicBackground/fall/in003564.jpg,151,440,351,545,car
/home/tyrone1/lavkush/reshaped_image_dataset/dynamicBackground/fall/in003564.jpg,142,438,146,439,car
/home/tyrone1/lavkush/reshaped_image_dataset/dynamicBackground/fall/in003565.jpg,126,442,326,561,car
/home/tyrone1/lavkush/reshaped_image_dataset/dynamicBackground/fall/in003566.jpg,111,442,310,559,car
/home/tyrone1/lavkush/reshaped_image_dataset/dynamicBackground/fall/in003567.jpg,95,443,298,558,car
/home/tyrone1/lavkush/reshaped_image_dataset/dynamicBackground/fall/in003568.jpg,76,444,288,572,car
/home/tyrone1/lavkush/reshaped_image_dataset/dynamicBackground/fall/in003569.jpg,64,438,278,568,car
/home/tyrone1/lavkush/reshaped_image_dataset/dynamicBackground/fall/in003570.jpg,53,438,258,558,car
/home/tyrone1/lavkush/reshaped_image_dataset/dynamicBackground/fall/in003571.jpg,36,444,251,559,car
/home/tyrone1/lavkush/reshaped_image_dataset/dynamicBackground/fall/in003572.jpg,21,440,230,567,car
/home/tyrone1/lavkush/reshaped_image_dataset/dynamicBackground/fall/in003573.jpg,1,434,219,563,car
/home/tyrone1/lavkush/reshaped_image_dataset/dynamicBackground/fall/in003574.jpg,0,437,201,562,car
/home/tyrone1/lavkush/reshaped_image_dataset/dynamicBackground/fall/in003575.jpg,0,438,189,573,car
/home/tyrone1/lavkush/reshaped_image_dataset/dynamicBackground/fall/in003576.jpg,0,443,170,570,car
/home/tyrone1/lavkush/reshaped_image_dataset/dynamicBackground/fall/in003577.jpg,0,445,161,572,car
/home/tyrone1/lavkush/reshaped_image_dataset/dynamicBackground/fall/in003578.jpg,1,449,146,581,car
/home/tyrone1/lavkush/reshaped_image_dataset/dynamicBackground/fall/in003579.jpg,0,442,135,585,car
/home/tyrone1/lavkush/reshaped_image_dataset/dynamicBackground/fall/in003580.jpg,0,443,116,573,car
/home/tyrone1/lavkush/reshaped_image_dataset/dynamicBackground/fall/in003581.jpg,0,438,97,567,car
/home/tyrone1/lavkush/reshaped_image_dataset/dynamicBackground/fall/in003582.jpg,1,445,81,573,car
/home/tyrone1/lavkush/reshaped_image_dataset/dynamicBackground/fall/in003583.jpg,0,449,64,577,car
/home/tyrone1/lavkush/reshaped_image_dataset/dynamicBackground/fall/in003584.jpg,0,449,47,575,car
/home/tyrone1/lavkush/reshaped_image_dataset/dynamicBackground/fall/in003585.jpg,0,458,31,582,car
/home/tyrone1/lavkush/reshaped_image_dataset/dynamicBackground/fall/in003586.jpg,0,467,19,564,car
/home/tyrone1/lavkush/reshaped_image_dataset/dynamicBackground/fall/in003972.jpg,0,589,37,606,car
/home/tyrone1/lavkush/reshaped_image_dataset/dynamicBackground/fall/in003973.jpg,0,561,66,606,car
/home/tyrone1/lavkush/reshaped_image_dataset/dynamicBackground/fall/in003974.jpg,0,534,89,606,car
/home/tyrone1/lavkush/reshaped_image_dataset/dynamicBackground/fall/in003975.jpg,0,523,115,606,car
/home/tyrone1/lavkush/reshaped_image_dataset/dynamicBackground/fall/in003976.jpg,0,515,152,606,car
/home/tyrone1/lavkush/reshaped_image_dataset/dynamicBackground/fall/in003977.jpg,1,516,167,606,car
/home/tyrone1/lavkush/reshaped_image_dataset/dynamicBackground/fall/in003978.jpg,0,513,195,606,car
/home/tyrone1/lavkush/reshaped_image_dataset/dynamicBackground/fall/in003979.jpg,0,507,217,606,car
/home/tyrone1/lavkush/reshaped_image_dataset/dynamicBackground/fall/in003980.jpg,0,511,246,606,car
/home/tyrone1/lavkush/reshaped_image_dataset/dynamicBackground/fall/in003981.jpg,1,505,270,606,car
/home/tyrone1/lavkush/reshaped_image_dataset/dynamicBackground/fall/in003982.jpg,15,507,293,606,car
/home/tyrone1/lavkush/reshaped_image_dataset/dynamicBackground/fall/in003983.jpg,40,511,312,606,car
/home/tyrone1/lavkush/reshaped_image_dataset/dynamicBackground/fall/in003984.jpg,67,504,342,606,car
/home/tyrone1/lavkush/reshaped_image_dataset/dynamicBackground/fall/in003985.jpg,97,511,361,606,car
/home/tyrone1/lavkush/reshaped_image_dataset/dynamicBackground/fall/in003986.jpg,113,504,384,606,car
/home/tyrone1/lavkush/reshaped_image_dataset/dynamicBackground/fall/in003987.jpg,139,501,402,606,car
/home/tyrone1/lavkush/reshaped_image_dataset/dynamicBackground/fall/in003988.jpg,166,501,423,606,car
/home/tyrone1/lavkush/reshaped_image_dataset/dynamicBackground/fall/in003989.jpg,191,495,445,606,car
/home/tyrone1/lavkush/reshaped_image_dataset/dynamicBackground/fall/in003990.jpg,215,494,468,606,car
/home/tyrone1/lavkush/reshaped_image_dataset/dynamicBackground/fall/in003991.jpg,241,494,488,606,car
/home/tyrone1/lavkush/reshaped_image_dataset/dynamicBackground/fall/in003992.jpg,266,492,508,606,car
/home/tyrone1/lavkush/reshaped_image_dataset/dynamicBackground/fall/in003993.jpg,283,487,523,606,car
/home/tyrone1/lavkush/reshaped_image_dataset/dynamicBackground/fall/in003994.jpg,307,486,544,606,car
/home/tyrone1/lavkush/reshaped_image_dataset/dynamicBackground/fall/in003995.jpg,331,488,561,606,car
/home/tyrone1/lavkush/reshaped_image_dataset/dynamicBackground/fall/in003996.jpg,349,483,580,606,car
/home/tyrone1/lavkush/reshaped_image_dataset/dynamicBackground/fall/in003997.jpg,367,480,599,606,car
/home/tyrone1/lavkush/reshaped_image_dataset/dynamicBackground/fall/in003998.jpg,392,478,608,606,car
/home/tyrone1/lavkush/reshaped_image_dataset/dynamicBackground/fall/in004000.jpg,409,478,608,606,car
