/home/tyrone1/lavkush/reshaped_image_dataset/baseline/pedestrians/in000505.jpg,266,83,332,311,person
/home/tyrone1/lavkush/reshaped_image_dataset/baseline/pedestrians/in000506.jpg,255,81,324,311,person
/home/tyrone1/lavkush/reshaped_image_dataset/baseline/pedestrians/in000507.jpg,251,83,314,309,person
/home/tyrone1/lavkush/reshaped_image_dataset/baseline/pedestrians/in000508.jpg,251,81,314,306,person
/home/tyrone1/lavkush/reshaped_image_dataset/baseline/pedestrians/in000509.jpg,248,78,305,319,person
/home/tyrone1/lavkush/reshaped_image_dataset/baseline/pedestrians/in000510.jpg,246,76,302,311,person
/home/tyrone1/lavkush/reshaped_image_dataset/baseline/pedestrians/in000511.jpg,238,73,300,311,person
/home/tyrone1/lavkush/reshaped_image_dataset/baseline/pedestrians/in000512.jpg,234,78,298,309,person
/home/tyrone1/lavkush/reshaped_image_dataset/baseline/pedestrians/in000513.jpg,222,81,298,314,person
/home/tyrone1/lavkush/reshaped_image_dataset/baseline/pedestrians/in000514.jpg,219,70,297,309,person
/home/tyrone1/lavkush/reshaped_image_dataset/baseline/pedestrians/in000515.jpg,216,88,292,309,person
/home/tyrone1/lavkush/reshaped_image_dataset/baseline/pedestrians/in000516.jpg,206,93,297,314,person
/home/tyrone1/lavkush/reshaped_image_dataset/baseline/pedestrians/in000517.jpg,199,83,297,306,person
/home/tyrone1/lavkush/reshaped_image_dataset/baseline/pedestrians/in000518.jpg,197,68,295,311,person
/home/tyrone1/lavkush/reshaped_image_dataset/baseline/pedestrians/in000519.jpg,200,91,293,306,person
/home/tyrone1/lavkush/reshaped_image_dataset/baseline/pedestrians/in000520.jpg,195,91,285,309,person
/home/tyrone1/lavkush/reshaped_image_dataset/baseline/pedestrians/in000521.jpg,194,86,283,311,person
/home/tyrone1/lavkush/reshaped_image_dataset/baseline/pedestrians/in000522.jpg,197,83,273,306,person
/home/tyrone1/lavkush/reshaped_image_dataset/baseline/pedestrians/in000523.jpg,194,81,266,311,person
/home/tyrone1/lavkush/reshaped_image_dataset/baseline/pedestrians/in000524.jpg,199,83,260,309,person
/home/tyrone1/lavkush/reshaped_image_dataset/baseline/pedestrians/in000525.jpg,189,81,255,311,person
/home/tyrone1/lavkush/reshaped_image_dataset/baseline/pedestrians/in000526.jpg,189,81,249,311,person
/home/tyrone1/lavkush/reshaped_image_dataset/baseline/pedestrians/in000527.jpg,182,83,244,309,person
/home/tyrone1/lavkush/reshaped_image_dataset/baseline/pedestrians/in000528.jpg,182,86,241,311,person
/home/tyrone1/lavkush/reshaped_image_dataset/baseline/pedestrians/in000529.jpg,173,83,246,309,person
/home/tyrone1/lavkush/reshaped_image_dataset/baseline/pedestrians/in000530.jpg,165,81,246,311,person
/home/tyrone1/lavkush/reshaped_image_dataset/baseline/pedestrians/in000531.jpg,162,88,244,311,person
/home/tyrone1/lavkush/reshaped_image_dataset/baseline/pedestrians/in000532.jpg,160,86,239,309,person
/home/tyrone1/lavkush/reshaped_image_dataset/baseline/pedestrians/in000533.jpg,152,86,243,314,person
/home/tyrone1/lavkush/reshaped_image_dataset/baseline/pedestrians/in000534.jpg,158,88,243,309,person
/home/tyrone1/lavkush/reshaped_image_dataset/baseline/pedestrians/in000535.jpg,143,88,238,309,person
/home/tyrone1/lavkush/reshaped_image_dataset/baseline/pedestrians/in000536.jpg,155,83,229,306,person
/home/tyrone1/lavkush/reshaped_image_dataset/baseline/pedestrians/in000537.jpg,158,88,221,301,person
/home/tyrone1/lavkush/reshaped_image_dataset/baseline/pedestrians/in000538.jpg,155,78,212,311,person
/home/tyrone1/lavkush/reshaped_image_dataset/baseline/pedestrians/in000539.jpg,146,76,207,309,person
/home/tyrone1/lavkush/reshaped_image_dataset/baseline/pedestrians/in000540.jpg,150,83,197,311,person
/home/tyrone1/lavkush/reshaped_image_dataset/baseline/pedestrians/in000541.jpg,145,83,197,311,person
/home/tyrone1/lavkush/reshaped_image_dataset/baseline/pedestrians/in000542.jpg,138,78,195,311,person
/home/tyrone1/lavkush/reshaped_image_dataset/baseline/pedestrians/in000543.jpg,131,86,199,316,person
/home/tyrone1/lavkush/reshaped_image_dataset/baseline/pedestrians/in000544.jpg,128,88,195,311,person
/home/tyrone1/lavkush/reshaped_image_dataset/baseline/pedestrians/in000545.jpg,116,88,192,311,person
/home/tyrone1/lavkush/reshaped_image_dataset/baseline/pedestrians/in000546.jpg,113,91,194,314,person
/home/tyrone1/lavkush/reshaped_image_dataset/baseline/pedestrians/in000547.jpg,114,91,194,311,person
/home/tyrone1/lavkush/reshaped_image_dataset/baseline/pedestrians/in000548.jpg,109,93,195,311,person
/home/tyrone1/lavkush/reshaped_image_dataset/baseline/pedestrians/in000549.jpg,104,93,194,304,person
/home/tyrone1/lavkush/reshaped_image_dataset/baseline/pedestrians/in000550.jpg,103,96,192,309,person
/home/tyrone1/lavkush/reshaped_image_dataset/baseline/pedestrians/in000551.jpg,101,86,187,314,person
/home/tyrone1/lavkush/reshaped_image_dataset/baseline/pedestrians/in000552.jpg,99,86,180,304,person
/home/tyrone1/lavkush/reshaped_image_dataset/baseline/pedestrians/in000553.jpg,94,91,175,306,person
/home/tyrone1/lavkush/reshaped_image_dataset/baseline/pedestrians/in000554.jpg,91,81,168,309,person
/home/tyrone1/lavkush/reshaped_image_dataset/baseline/pedestrians/in000555.jpg,96,83,163,309,person
/home/tyrone1/lavkush/reshaped_image_dataset/baseline/pedestrians/in000556.jpg,94,81,155,314,person
/home/tyrone1/lavkush/reshaped_image_dataset/baseline/pedestrians/in000557.jpg,91,78,152,314,person
/home/tyrone1/lavkush/reshaped_image_dataset/baseline/pedestrians/in000558.jpg,86,83,146,316,person
/home/tyrone1/lavkush/reshaped_image_dataset/baseline/pedestrians/in000559.jpg,84,81,143,309,person
/home/tyrone1/lavkush/reshaped_image_dataset/baseline/pedestrians/in000560.jpg,70,86,145,309,person
/home/tyrone1/lavkush/reshaped_image_dataset/baseline/pedestrians/in000560.jpg,587,141,608,400,person
/home/tyrone1/lavkush/reshaped_image_dataset/baseline/pedestrians/in000561.jpg,67,83,146,309,person
/home/tyrone1/lavkush/reshaped_image_dataset/baseline/pedestrians/in000561.jpg,580,136,608,395,person
/home/tyrone1/lavkush/reshaped_image_dataset/baseline/pedestrians/in000562.jpg,62,91,146,306,person
/home/tyrone1/lavkush/reshaped_image_dataset/baseline/pedestrians/in000562.jpg,567,134,608,392,person
/home/tyrone1/lavkush/reshaped_image_dataset/baseline/pedestrians/in000563.jpg,55,83,150,304,person
/home/tyrone1/lavkush/reshaped_image_dataset/baseline/pedestrians/in000563.jpg,552,134,608,392,person
/home/tyrone1/lavkush/reshaped_image_dataset/baseline/pedestrians/in000564.jpg,52,86,150,304,person
/home/tyrone1/lavkush/reshaped_image_dataset/baseline/pedestrians/in000564.jpg,540,141,608,395,person
/home/tyrone1/lavkush/reshaped_image_dataset/baseline/pedestrians/in000565.jpg,52,91,146,311,person
/home/tyrone1/lavkush/reshaped_image_dataset/baseline/pedestrians/in000565.jpg,532,141,608,392,person
/home/tyrone1/lavkush/reshaped_image_dataset/baseline/pedestrians/in000566.jpg,54,91,138,306,person
/home/tyrone1/lavkush/reshaped_image_dataset/baseline/pedestrians/in000566.jpg,532,139,608,395,person
/home/tyrone1/lavkush/reshaped_image_dataset/baseline/pedestrians/in000567.jpg,52,83,135,306,person
/home/tyrone1/lavkush/reshaped_image_dataset/baseline/pedestrians/in000567.jpg,530,139,608,392,person
/home/tyrone1/lavkush/reshaped_image_dataset/baseline/pedestrians/in000568.jpg,55,83,128,301,person
/home/tyrone1/lavkush/reshaped_image_dataset/baseline/pedestrians/in000568.jpg,535,146,608,395,person
/home/tyrone1/lavkush/reshaped_image_dataset/baseline/pedestrians/in000569.jpg,52,86,116,304,person
/home/tyrone1/lavkush/reshaped_image_dataset/baseline/pedestrians/in000569.jpg,532,141,608,395,person
/home/tyrone1/lavkush/reshaped_image_dataset/baseline/pedestrians/in000570.jpg,52,83,113,304,person
/home/tyrone1/lavkush/reshaped_image_dataset/baseline/pedestrians/in000570.jpg,530,139,608,392,person
/home/tyrone1/lavkush/reshaped_image_dataset/baseline/pedestrians/in000571.jpg,55,86,104,309,person
/home/tyrone1/lavkush/reshaped_image_dataset/baseline/pedestrians/in000571.jpg,532,136,608,395,person
/home/tyrone1/lavkush/reshaped_image_dataset/baseline/pedestrians/in000572.jpg,45,78,104,309,person
/home/tyrone1/lavkush/reshaped_image_dataset/baseline/pedestrians/in000572.jpg,530,129,606,395,person
/home/tyrone1/lavkush/reshaped_image_dataset/baseline/pedestrians/in000573.jpg,45,83,99,311,person
/home/tyrone1/lavkush/reshaped_image_dataset/baseline/pedestrians/in000573.jpg,533,136,599,397,person
/home/tyrone1/lavkush/reshaped_image_dataset/baseline/pedestrians/in000574.jpg,520,134,591,400,person
/home/tyrone1/lavkush/reshaped_image_dataset/baseline/pedestrians/in000574.jpg,40,86,92,304,person
/home/tyrone1/lavkush/reshaped_image_dataset/baseline/pedestrians/in000575.jpg,23,83,101,311,person
/home/tyrone1/lavkush/reshaped_image_dataset/baseline/pedestrians/in000575.jpg,513,136,582,397,person
/home/tyrone1/lavkush/reshaped_image_dataset/baseline/pedestrians/in000576.jpg,21,88,94,311,person
/home/tyrone1/lavkush/reshaped_image_dataset/baseline/pedestrians/in000576.jpg,511,131,575,405,person
/home/tyrone1/lavkush/reshaped_image_dataset/baseline/pedestrians/in000577.jpg,15,86,97,306,person
/home/tyrone1/lavkush/reshaped_image_dataset/baseline/pedestrians/in000577.jpg,501,134,574,400,person
/home/tyrone1/lavkush/reshaped_image_dataset/baseline/pedestrians/in000578.jpg,496,134,570,397,person
/home/tyrone1/lavkush/reshaped_image_dataset/baseline/pedestrians/in000578.jpg,8,83,97,311,person
/home/tyrone1/lavkush/reshaped_image_dataset/baseline/pedestrians/in000579.jpg,10,81,96,311,person
/home/tyrone1/lavkush/reshaped_image_dataset/baseline/pedestrians/in000579.jpg,489,136,575,402,person
/home/tyrone1/lavkush/reshaped_image_dataset/baseline/pedestrians/in000580.jpg,481,139,572,400,person
/home/tyrone1/lavkush/reshaped_image_dataset/baseline/pedestrians/in000580.jpg,8,83,97,301,person
/home/tyrone1/lavkush/reshaped_image_dataset/baseline/pedestrians/in000581.jpg,5,83,94,314,person
/home/tyrone1/lavkush/reshaped_image_dataset/baseline/pedestrians/in000581.jpg,471,139,569,405,person
/home/tyrone1/lavkush/reshaped_image_dataset/baseline/pedestrians/in000582.jpg,3,86,96,314,person
/home/tyrone1/lavkush/reshaped_image_dataset/baseline/pedestrians/in000582.jpg,477,144,570,397,person
/home/tyrone1/lavkush/reshaped_image_dataset/baseline/pedestrians/in000583.jpg,466,146,569,397,person
/home/tyrone1/lavkush/reshaped_image_dataset/baseline/pedestrians/in000583.jpg,5,88,81,306,person
/home/tyrone1/lavkush/reshaped_image_dataset/baseline/pedestrians/in000584.jpg,3,86,74,304,person
/home/tyrone1/lavkush/reshaped_image_dataset/baseline/pedestrians/in000584.jpg,464,149,562,402,person
/home/tyrone1/lavkush/reshaped_image_dataset/baseline/pedestrians/in000585.jpg,3,83,69,304,person
/home/tyrone1/lavkush/reshaped_image_dataset/baseline/pedestrians/in000585.jpg,467,144,560,405,person
/home/tyrone1/lavkush/reshaped_image_dataset/baseline/pedestrians/in000586.jpg,0,83,64,301,person
/home/tyrone1/lavkush/reshaped_image_dataset/baseline/pedestrians/in000586.jpg,467,144,552,407,person
/home/tyrone1/lavkush/reshaped_image_dataset/baseline/pedestrians/in000587.jpg,459,144,547,405,person
/home/tyrone1/lavkush/reshaped_image_dataset/baseline/pedestrians/in000587.jpg,1,81,48,306,person
/home/tyrone1/lavkush/reshaped_image_dataset/baseline/pedestrians/in000588.jpg,1,76,54,306,person
/home/tyrone1/lavkush/reshaped_image_dataset/baseline/pedestrians/in000588.jpg,456,141,545,400,person
/home/tyrone1/lavkush/reshaped_image_dataset/baseline/pedestrians/in000589.jpg,452,139,533,402,person
/home/tyrone1/lavkush/reshaped_image_dataset/baseline/pedestrians/in000589.jpg,0,83,48,298,person
/home/tyrone1/lavkush/reshaped_image_dataset/baseline/pedestrians/in000590.jpg,0,83,76,301,person
/home/tyrone1/lavkush/reshaped_image_dataset/baseline/pedestrians/in000590.jpg,450,139,516,395,person
/home/tyrone1/lavkush/reshaped_image_dataset/baseline/pedestrians/in000591.jpg,0,88,48,306,person
/home/tyrone1/lavkush/reshaped_image_dataset/baseline/pedestrians/in000591.jpg,444,139,515,402,person
/home/tyrone1/lavkush/reshaped_image_dataset/baseline/pedestrians/in000592.jpg,0,83,52,304,person
/home/tyrone1/lavkush/reshaped_image_dataset/baseline/pedestrians/in000592.jpg,442,136,508,400,person
/home/tyrone1/lavkush/reshaped_image_dataset/baseline/pedestrians/in000593.jpg,0,81,57,306,person
/home/tyrone1/lavkush/reshaped_image_dataset/baseline/pedestrians/in000593.jpg,437,139,506,402,person
/home/tyrone1/lavkush/reshaped_image_dataset/baseline/pedestrians/in000594.jpg,0,81,50,301,person
/home/tyrone1/lavkush/reshaped_image_dataset/baseline/pedestrians/in000594.jpg,430,141,508,400,person
/home/tyrone1/lavkush/reshaped_image_dataset/baseline/pedestrians/in000595.jpg,0,83,50,304,person
/home/tyrone1/lavkush/reshaped_image_dataset/baseline/pedestrians/in000595.jpg,420,141,504,402,person
/home/tyrone1/lavkush/reshaped_image_dataset/baseline/pedestrians/in000596.jpg,0,103,59,301,person
/home/tyrone1/lavkush/reshaped_image_dataset/baseline/pedestrians/in000596.jpg,413,146,503,395,person
/home/tyrone1/lavkush/reshaped_image_dataset/baseline/pedestrians/in000597.jpg,0,126,57,304,person
/home/tyrone1/lavkush/reshaped_image_dataset/baseline/pedestrians/in000597.jpg,408,141,504,390,person
/home/tyrone1/lavkush/reshaped_image_dataset/baseline/pedestrians/in000598.jpg,395,146,499,397,person
/home/tyrone1/lavkush/reshaped_image_dataset/baseline/pedestrians/in000599.jpg,386,141,510,400,person
/home/tyrone1/lavkush/reshaped_image_dataset/baseline/pedestrians/in000600.jpg,383,139,504,400,person
/home/tyrone1/lavkush/reshaped_image_dataset/baseline/pedestrians/in000601.jpg,396,141,493,392,person
/home/tyrone1/lavkush/reshaped_image_dataset/baseline/pedestrians/in000602.jpg,381,139,493,392,person
/home/tyrone1/lavkush/reshaped_image_dataset/baseline/pedestrians/in000603.jpg,383,141,489,395,person
/home/tyrone1/lavkush/reshaped_image_dataset/baseline/pedestrians/in000604.jpg,378,139,481,395,person
/home/tyrone1/lavkush/reshaped_image_dataset/baseline/pedestrians/in000605.jpg,376,139,469,392,person
/home/tyrone1/lavkush/reshaped_image_dataset/baseline/pedestrians/in000606.jpg,383,136,459,395,person
/home/tyrone1/lavkush/reshaped_image_dataset/baseline/pedestrians/in000607.jpg,378,131,450,397,person
/home/tyrone1/lavkush/reshaped_image_dataset/baseline/pedestrians/in000608.jpg,374,134,445,402,person
/home/tyrone1/lavkush/reshaped_image_dataset/baseline/pedestrians/in000609.jpg,371,129,440,395,person
/home/tyrone1/lavkush/reshaped_image_dataset/baseline/pedestrians/in000610.jpg,359,136,440,397,person
/home/tyrone1/lavkush/reshaped_image_dataset/baseline/pedestrians/in000611.jpg,351,139,437,402,person
/home/tyrone1/lavkush/reshaped_image_dataset/baseline/pedestrians/in000612.jpg,347,141,437,402,person
/home/tyrone1/lavkush/reshaped_image_dataset/baseline/pedestrians/in000613.jpg,337,141,434,400,person
/home/tyrone1/lavkush/reshaped_image_dataset/baseline/pedestrians/in000614.jpg,341,144,435,397,person
/home/tyrone1/lavkush/reshaped_image_dataset/baseline/pedestrians/in000615.jpg,327,144,430,400,person
/home/tyrone1/lavkush/reshaped_image_dataset/baseline/pedestrians/in000616.jpg,332,146,423,400,person
/home/tyrone1/lavkush/reshaped_image_dataset/baseline/pedestrians/in000617.jpg,320,139,427,397,person
/home/tyrone1/lavkush/reshaped_image_dataset/baseline/pedestrians/in000618.jpg,327,141,417,395,person
/home/tyrone1/lavkush/reshaped_image_dataset/baseline/pedestrians/in000619.jpg,322,141,410,405,person
/home/tyrone1/lavkush/reshaped_image_dataset/baseline/pedestrians/in000620.jpg,320,139,403,405,person
/home/tyrone1/lavkush/reshaped_image_dataset/baseline/pedestrians/in000621.jpg,315,136,393,405,person
/home/tyrone1/lavkush/reshaped_image_dataset/baseline/pedestrians/in000622.jpg,315,134,390,405,person
/home/tyrone1/lavkush/reshaped_image_dataset/baseline/pedestrians/in000623.jpg,317,131,373,402,person
/home/tyrone1/lavkush/reshaped_image_dataset/baseline/pedestrians/in000624.jpg,307,134,373,407,person
/home/tyrone1/lavkush/reshaped_image_dataset/baseline/pedestrians/in000625.jpg,304,139,373,402,person
/home/tyrone1/lavkush/reshaped_image_dataset/baseline/pedestrians/in000626.jpg,297,141,371,405,person
/home/tyrone1/lavkush/reshaped_image_dataset/baseline/pedestrians/in000627.jpg,273,141,371,405,person
/home/tyrone1/lavkush/reshaped_image_dataset/baseline/pedestrians/in000628.jpg,271,141,371,407,person
/home/tyrone1/lavkush/reshaped_image_dataset/baseline/pedestrians/in000629.jpg,266,139,371,407,person
/home/tyrone1/lavkush/reshaped_image_dataset/baseline/pedestrians/in000630.jpg,266,141,371,405,person
/home/tyrone1/lavkush/reshaped_image_dataset/baseline/pedestrians/in000631.jpg,256,144,366,405,person
/home/tyrone1/lavkush/reshaped_image_dataset/baseline/pedestrians/in000632.jpg,251,139,363,407,person
/home/tyrone1/lavkush/reshaped_image_dataset/baseline/pedestrians/in000633.jpg,244,141,359,415,person
/home/tyrone1/lavkush/reshaped_image_dataset/baseline/pedestrians/in000634.jpg,253,141,351,400,person
/home/tyrone1/lavkush/reshaped_image_dataset/baseline/pedestrians/in000635.jpg,251,136,346,402,person
/home/tyrone1/lavkush/reshaped_image_dataset/baseline/pedestrians/in000636.jpg,249,134,332,400,person
/home/tyrone1/lavkush/reshaped_image_dataset/baseline/pedestrians/in000637.jpg,246,131,322,400,person
/home/tyrone1/lavkush/reshaped_image_dataset/baseline/pedestrians/in000638.jpg,246,126,317,412,person
/home/tyrone1/lavkush/reshaped_image_dataset/baseline/pedestrians/in000639.jpg,248,131,309,412,person
/home/tyrone1/lavkush/reshaped_image_dataset/baseline/pedestrians/in000640.jpg,234,131,302,410,person
/home/tyrone1/lavkush/reshaped_image_dataset/baseline/pedestrians/in000641.jpg,228,131,304,415,person
/home/tyrone1/lavkush/reshaped_image_dataset/baseline/pedestrians/in000642.jpg,219,131,300,410,person
/home/tyrone1/lavkush/reshaped_image_dataset/baseline/pedestrians/in000643.jpg,212,136,297,407,person
/home/tyrone1/lavkush/reshaped_image_dataset/baseline/pedestrians/in000644.jpg,207,139,297,415,person
/home/tyrone1/lavkush/reshaped_image_dataset/baseline/pedestrians/in000645.jpg,195,139,297,405,person
/home/tyrone1/lavkush/reshaped_image_dataset/baseline/pedestrians/in000646.jpg,194,134,297,407,person
/home/tyrone1/lavkush/reshaped_image_dataset/baseline/pedestrians/in000647.jpg,195,139,292,412,person
/home/tyrone1/lavkush/reshaped_image_dataset/baseline/pedestrians/in000648.jpg,179,134,290,415,person
/home/tyrone1/lavkush/reshaped_image_dataset/baseline/pedestrians/in000649.jpg,187,131,283,410,person
/home/tyrone1/lavkush/reshaped_image_dataset/baseline/pedestrians/in000650.jpg,182,126,275,415,person
/home/tyrone1/lavkush/reshaped_image_dataset/baseline/pedestrians/in000651.jpg,180,129,273,412,person
/home/tyrone1/lavkush/reshaped_image_dataset/baseline/pedestrians/in000652.jpg,180,126,258,410,person
/home/tyrone1/lavkush/reshaped_image_dataset/baseline/pedestrians/in000653.jpg,182,134,248,412,person
/home/tyrone1/lavkush/reshaped_image_dataset/baseline/pedestrians/in000654.jpg,182,131,236,410,person
/home/tyrone1/lavkush/reshaped_image_dataset/baseline/pedestrians/in000655.jpg,177,136,236,397,person
/home/tyrone1/lavkush/reshaped_image_dataset/baseline/pedestrians/in000656.jpg,168,126,236,412,person
/home/tyrone1/lavkush/reshaped_image_dataset/baseline/pedestrians/in000657.jpg,157,129,233,410,person
/home/tyrone1/lavkush/reshaped_image_dataset/baseline/pedestrians/in000658.jpg,148,129,231,407,person
/home/tyrone1/lavkush/reshaped_image_dataset/baseline/pedestrians/in000659.jpg,135,134,236,407,person
/home/tyrone1/lavkush/reshaped_image_dataset/baseline/pedestrians/in000660.jpg,130,126,233,407,person
/home/tyrone1/lavkush/reshaped_image_dataset/baseline/pedestrians/in000661.jpg,114,131,234,410,person
/home/tyrone1/lavkush/reshaped_image_dataset/baseline/pedestrians/in000662.jpg,119,139,226,402,person
/home/tyrone1/lavkush/reshaped_image_dataset/baseline/pedestrians/in000663.jpg,124,129,229,405,person
/home/tyrone1/lavkush/reshaped_image_dataset/baseline/pedestrians/in000664.jpg,118,139,231,410,person
/home/tyrone1/lavkush/reshaped_image_dataset/baseline/pedestrians/in000665.jpg,104,139,221,400,person
/home/tyrone1/lavkush/reshaped_image_dataset/baseline/pedestrians/in000666.jpg,111,139,202,407,person
/home/tyrone1/lavkush/reshaped_image_dataset/baseline/pedestrians/in000667.jpg,97,126,204,402,person
/home/tyrone1/lavkush/reshaped_image_dataset/baseline/pedestrians/in000668.jpg,116,139,197,405,person
/home/tyrone1/lavkush/reshaped_image_dataset/baseline/pedestrians/in000669.jpg,109,134,187,412,person
/home/tyrone1/lavkush/reshaped_image_dataset/baseline/pedestrians/in000670.jpg,104,134,170,402,person
/home/tyrone1/lavkush/reshaped_image_dataset/baseline/pedestrians/in000671.jpg,99,134,168,407,person
/home/tyrone1/lavkush/reshaped_image_dataset/baseline/pedestrians/in000672.jpg,89,134,165,412,person
/home/tyrone1/lavkush/reshaped_image_dataset/baseline/pedestrians/in000673.jpg,89,136,163,405,person
/home/tyrone1/lavkush/reshaped_image_dataset/baseline/pedestrians/in000674.jpg,65,131,163,415,person
/home/tyrone1/lavkush/reshaped_image_dataset/baseline/pedestrians/in000675.jpg,69,136,165,407,person
/home/tyrone1/lavkush/reshaped_image_dataset/baseline/pedestrians/in000676.jpg,59,136,160,402,person
/home/tyrone1/lavkush/reshaped_image_dataset/baseline/pedestrians/in000677.jpg,55,141,160,407,person
/home/tyrone1/lavkush/reshaped_image_dataset/baseline/pedestrians/in000678.jpg,52,139,160,410,person
/home/tyrone1/lavkush/reshaped_image_dataset/baseline/pedestrians/in000679.jpg,47,139,158,410,person
/home/tyrone1/lavkush/reshaped_image_dataset/baseline/pedestrians/in000680.jpg,48,139,150,405,person
/home/tyrone1/lavkush/reshaped_image_dataset/baseline/pedestrians/in000681.jpg,47,136,146,412,person
/home/tyrone1/lavkush/reshaped_image_dataset/baseline/pedestrians/in000682.jpg,48,139,135,407,person
/home/tyrone1/lavkush/reshaped_image_dataset/baseline/pedestrians/in000683.jpg,42,139,130,410,person
/home/tyrone1/lavkush/reshaped_image_dataset/baseline/pedestrians/in000684.jpg,47,139,116,410,person
/home/tyrone1/lavkush/reshaped_image_dataset/baseline/pedestrians/in000685.jpg,40,136,106,410,person
/home/tyrone1/lavkush/reshaped_image_dataset/baseline/pedestrians/in000686.jpg,40,131,94,410,person
/home/tyrone1/lavkush/reshaped_image_dataset/baseline/pedestrians/in000687.jpg,30,134,99,407,person
/home/tyrone1/lavkush/reshaped_image_dataset/baseline/pedestrians/in000688.jpg,27,136,94,407,person
/home/tyrone1/lavkush/reshaped_image_dataset/baseline/pedestrians/in000689.jpg,15,141,96,415,person
/home/tyrone1/lavkush/reshaped_image_dataset/baseline/pedestrians/in000690.jpg,1,139,92,407,person
/home/tyrone1/lavkush/reshaped_image_dataset/baseline/pedestrians/in000691.jpg,0,141,104,410,person
/home/tyrone1/lavkush/reshaped_image_dataset/baseline/pedestrians/in000692.jpg,0,146,108,410,person
/home/tyrone1/lavkush/reshaped_image_dataset/baseline/pedestrians/in000693.jpg,0,146,109,410,person
/home/tyrone1/lavkush/reshaped_image_dataset/baseline/pedestrians/in000694.jpg,1,144,103,415,person
/home/tyrone1/lavkush/reshaped_image_dataset/baseline/pedestrians/in000695.jpg,0,136,99,410,person
/home/tyrone1/lavkush/reshaped_image_dataset/baseline/pedestrians/in000696.jpg,0,139,109,410,person
/home/tyrone1/lavkush/reshaped_image_dataset/baseline/pedestrians/in000697.jpg,1,139,101,412,person
/home/tyrone1/lavkush/reshaped_image_dataset/baseline/pedestrians/in000698.jpg,1,134,82,407,person
/home/tyrone1/lavkush/reshaped_image_dataset/baseline/pedestrians/in000699.jpg,0,129,70,402,person
/home/tyrone1/lavkush/reshaped_image_dataset/baseline/pedestrians/in000700.jpg,0,141,76,407,person
/home/tyrone1/lavkush/reshaped_image_dataset/baseline/pedestrians/in000701.jpg,1,141,55,407,person
/home/tyrone1/lavkush/reshaped_image_dataset/baseline/pedestrians/in000702.jpg,0,136,67,407,person
/home/tyrone1/lavkush/reshaped_image_dataset/baseline/pedestrians/in000703.jpg,0,154,38,402,person
/home/tyrone1/lavkush/reshaped_image_dataset/baseline/pedestrians/in000704.jpg,0,164,55,402,person
/home/tyrone1/lavkush/reshaped_image_dataset/baseline/pedestrians/in000705.jpg,1,184,48,400,person
/home/tyrone1/lavkush/reshaped_image_dataset/baseline/pedestrians/in000831.jpg,586,146,608,395,person
/home/tyrone1/lavkush/reshaped_image_dataset/baseline/pedestrians/in000832.jpg,580,154,608,392,person
/home/tyrone1/lavkush/reshaped_image_dataset/baseline/pedestrians/in000833.jpg,586,136,608,395,person
/home/tyrone1/lavkush/reshaped_image_dataset/baseline/pedestrians/in000834.jpg,586,149,608,395,person
/home/tyrone1/lavkush/reshaped_image_dataset/baseline/pedestrians/in000835.jpg,584,152,608,397,person
/home/tyrone1/lavkush/reshaped_image_dataset/baseline/pedestrians/in000836.jpg,584,152,608,397,person
/home/tyrone1/lavkush/reshaped_image_dataset/baseline/pedestrians/in000837.jpg,586,139,608,395,person
/home/tyrone1/lavkush/reshaped_image_dataset/baseline/pedestrians/in000838.jpg,580,146,608,395,person
/home/tyrone1/lavkush/reshaped_image_dataset/baseline/pedestrians/in000839.jpg,570,139,608,392,person
/home/tyrone1/lavkush/reshaped_image_dataset/baseline/pedestrians/in000840.jpg,569,134,608,392,person
/home/tyrone1/lavkush/reshaped_image_dataset/baseline/pedestrians/in000841.jpg,567,141,608,390,person
/home/tyrone1/lavkush/reshaped_image_dataset/baseline/pedestrians/in000842.jpg,565,141,608,395,person
/home/tyrone1/lavkush/reshaped_image_dataset/baseline/pedestrians/in000843.jpg,560,136,608,397,person
/home/tyrone1/lavkush/reshaped_image_dataset/baseline/pedestrians/in000844.jpg,557,136,608,387,person
/home/tyrone1/lavkush/reshaped_image_dataset/baseline/pedestrians/in000845.jpg,553,134,608,395,person
/home/tyrone1/lavkush/reshaped_image_dataset/baseline/pedestrians/in000846.jpg,555,136,608,397,person
/home/tyrone1/lavkush/reshaped_image_dataset/baseline/pedestrians/in000847.jpg,553,136,608,397,person
/home/tyrone1/lavkush/reshaped_image_dataset/baseline/pedestrians/in000848.jpg,545,134,608,400,person
/home/tyrone1/lavkush/reshaped_image_dataset/baseline/pedestrians/in000849.jpg,545,136,608,397,person
/home/tyrone1/lavkush/reshaped_image_dataset/baseline/pedestrians/in000850.jpg,538,131,608,395,person
/home/tyrone1/lavkush/reshaped_image_dataset/baseline/pedestrians/in000851.jpg,533,136,608,397,person
/home/tyrone1/lavkush/reshaped_image_dataset/baseline/pedestrians/in000852.jpg,535,139,608,395,person
/home/tyrone1/lavkush/reshaped_image_dataset/baseline/pedestrians/in000853.jpg,520,136,608,397,person
/home/tyrone1/lavkush/reshaped_image_dataset/baseline/pedestrians/in000854.jpg,528,136,608,397,person
/home/tyrone1/lavkush/reshaped_image_dataset/baseline/pedestrians/in000855.jpg,518,136,608,397,person
/home/tyrone1/lavkush/reshaped_image_dataset/baseline/pedestrians/in000856.jpg,511,136,608,397,person
/home/tyrone1/lavkush/reshaped_image_dataset/baseline/pedestrians/in000857.jpg,515,139,608,397,person
/home/tyrone1/lavkush/reshaped_image_dataset/baseline/pedestrians/in000858.jpg,510,144,608,397,person
/home/tyrone1/lavkush/reshaped_image_dataset/baseline/pedestrians/in000859.jpg,515,139,601,395,person
/home/tyrone1/lavkush/reshaped_image_dataset/baseline/pedestrians/in000860.jpg,510,139,592,397,person
/home/tyrone1/lavkush/reshaped_image_dataset/baseline/pedestrians/in000861.jpg,511,139,589,402,person
/home/tyrone1/lavkush/reshaped_image_dataset/baseline/pedestrians/in000862.jpg,508,141,589,395,person
/home/tyrone1/lavkush/reshaped_image_dataset/baseline/pedestrians/in000863.jpg,506,139,584,407,person
/home/tyrone1/lavkush/reshaped_image_dataset/baseline/pedestrians/in000864.jpg,508,139,575,400,person
/home/tyrone1/lavkush/reshaped_image_dataset/baseline/pedestrians/in000865.jpg,501,136,575,397,person
/home/tyrone1/lavkush/reshaped_image_dataset/baseline/pedestrians/in000866.jpg,499,134,575,405,person
/home/tyrone1/lavkush/reshaped_image_dataset/baseline/pedestrians/in000867.jpg,499,134,574,400,person
/home/tyrone1/lavkush/reshaped_image_dataset/baseline/pedestrians/in000868.jpg,501,134,579,407,person
/home/tyrone1/lavkush/reshaped_image_dataset/baseline/pedestrians/in000869.jpg,504,136,570,395,person
/home/tyrone1/lavkush/reshaped_image_dataset/baseline/pedestrians/in000870.jpg,501,126,569,400,person
/home/tyrone1/lavkush/reshaped_image_dataset/baseline/pedestrians/in000871.jpg,501,139,567,395,person
/home/tyrone1/lavkush/reshaped_image_dataset/baseline/pedestrians/in000872.jpg,496,134,564,395,person
/home/tyrone1/lavkush/reshaped_image_dataset/baseline/pedestrians/in000873.jpg,493,139,565,402,person
/home/tyrone1/lavkush/reshaped_image_dataset/baseline/pedestrians/in000874.jpg,494,139,562,402,person
/home/tyrone1/lavkush/reshaped_image_dataset/baseline/pedestrians/in000875.jpg,489,136,562,395,person
/home/tyrone1/lavkush/reshaped_image_dataset/baseline/pedestrians/in000876.jpg,491,139,562,407,person
/home/tyrone1/lavkush/reshaped_image_dataset/baseline/pedestrians/in000877.jpg,488,136,557,397,person
/home/tyrone1/lavkush/reshaped_image_dataset/baseline/pedestrians/in000878.jpg,476,136,564,410,person
/home/tyrone1/lavkush/reshaped_image_dataset/baseline/pedestrians/in000879.jpg,472,149,560,400,person
/home/tyrone1/lavkush/reshaped_image_dataset/baseline/pedestrians/in000880.jpg,474,139,564,405,person
/home/tyrone1/lavkush/reshaped_image_dataset/baseline/pedestrians/in000881.jpg,469,141,553,395,person
/home/tyrone1/lavkush/reshaped_image_dataset/baseline/pedestrians/in000882.jpg,472,146,562,402,person
/home/tyrone1/lavkush/reshaped_image_dataset/baseline/pedestrians/in000883.jpg,466,149,553,397,person
/home/tyrone1/lavkush/reshaped_image_dataset/baseline/pedestrians/in000884.jpg,469,149,550,402,person
/home/tyrone1/lavkush/reshaped_image_dataset/baseline/pedestrians/in000885.jpg,466,144,545,412,person
/home/tyrone1/lavkush/reshaped_image_dataset/baseline/pedestrians/in000886.jpg,466,144,542,405,person
/home/tyrone1/lavkush/reshaped_image_dataset/baseline/pedestrians/in000887.jpg,466,144,532,407,person
/home/tyrone1/lavkush/reshaped_image_dataset/baseline/pedestrians/in000888.jpg,456,141,533,402,person
/home/tyrone1/lavkush/reshaped_image_dataset/baseline/pedestrians/in000889.jpg,454,141,532,402,person
/home/tyrone1/lavkush/reshaped_image_dataset/baseline/pedestrians/in000890.jpg,447,144,532,402,person
/home/tyrone1/lavkush/reshaped_image_dataset/baseline/pedestrians/in000891.jpg,447,141,530,405,person
/home/tyrone1/lavkush/reshaped_image_dataset/baseline/pedestrians/in000892.jpg,454,136,530,405,person
/home/tyrone1/lavkush/reshaped_image_dataset/baseline/pedestrians/in000893.jpg,454,139,518,397,person
/home/tyrone1/lavkush/reshaped_image_dataset/baseline/pedestrians/in000894.jpg,452,141,523,405,person
/home/tyrone1/lavkush/reshaped_image_dataset/baseline/pedestrians/in000895.jpg,445,134,518,402,person
/home/tyrone1/lavkush/reshaped_image_dataset/baseline/pedestrians/in000896.jpg,445,139,521,407,person
/home/tyrone1/lavkush/reshaped_image_dataset/baseline/pedestrians/in000897.jpg,440,144,521,405,person
/home/tyrone1/lavkush/reshaped_image_dataset/baseline/pedestrians/in000898.jpg,439,141,520,402,person
/home/tyrone1/lavkush/reshaped_image_dataset/baseline/pedestrians/in000899.jpg,428,144,518,402,person
/home/tyrone1/lavkush/reshaped_image_dataset/baseline/pedestrians/in000900.jpg,430,136,506,402,person
/home/tyrone1/lavkush/reshaped_image_dataset/baseline/pedestrians/in000901.jpg,425,139,504,405,person
/home/tyrone1/lavkush/reshaped_image_dataset/baseline/pedestrians/in000902.jpg,425,144,504,402,person
/home/tyrone1/lavkush/reshaped_image_dataset/baseline/pedestrians/in000903.jpg,415,154,504,402,person
/home/tyrone1/lavkush/reshaped_image_dataset/baseline/pedestrians/in000904.jpg,407,157,504,395,person
/home/tyrone1/lavkush/reshaped_image_dataset/baseline/pedestrians/in000905.jpg,408,152,506,402,person
/home/tyrone1/lavkush/reshaped_image_dataset/baseline/pedestrians/in000906.jpg,408,152,504,397,person
/home/tyrone1/lavkush/reshaped_image_dataset/baseline/pedestrians/in000907.jpg,407,152,499,405,person
/home/tyrone1/lavkush/reshaped_image_dataset/baseline/pedestrians/in000908.jpg,401,152,499,400,person
/home/tyrone1/lavkush/reshaped_image_dataset/baseline/pedestrians/in000909.jpg,401,152,499,405,person
/home/tyrone1/lavkush/reshaped_image_dataset/baseline/pedestrians/in000910.jpg,398,152,486,402,person
/home/tyrone1/lavkush/reshaped_image_dataset/baseline/pedestrians/in000911.jpg,398,146,481,402,person
/home/tyrone1/lavkush/reshaped_image_dataset/baseline/pedestrians/in000912.jpg,393,141,471,402,person
/home/tyrone1/lavkush/reshaped_image_dataset/baseline/pedestrians/in000913.jpg,393,141,461,402,person
/home/tyrone1/lavkush/reshaped_image_dataset/baseline/pedestrians/in000914.jpg,385,136,454,407,person
/home/tyrone1/lavkush/reshaped_image_dataset/baseline/pedestrians/in000915.jpg,383,136,452,405,person
/home/tyrone1/lavkush/reshaped_image_dataset/baseline/pedestrians/in000916.jpg,371,139,449,407,person
/home/tyrone1/lavkush/reshaped_image_dataset/baseline/pedestrians/in000917.jpg,373,141,450,402,person
/home/tyrone1/lavkush/reshaped_image_dataset/baseline/pedestrians/in000918.jpg,358,144,449,407,person
/home/tyrone1/lavkush/reshaped_image_dataset/baseline/pedestrians/in000919.jpg,354,141,445,402,person
/home/tyrone1/lavkush/reshaped_image_dataset/baseline/pedestrians/in000920.jpg,344,149,444,405,person
/home/tyrone1/lavkush/reshaped_image_dataset/baseline/pedestrians/in000921.jpg,341,149,450,400,person
/home/tyrone1/lavkush/reshaped_image_dataset/baseline/pedestrians/in000922.jpg,336,154,439,395,person
/home/tyrone1/lavkush/reshaped_image_dataset/baseline/pedestrians/in000923.jpg,331,141,445,412,person
/home/tyrone1/lavkush/reshaped_image_dataset/baseline/pedestrians/in000924.jpg,332,149,442,407,person
/home/tyrone1/lavkush/reshaped_image_dataset/baseline/pedestrians/in000925.jpg,327,144,437,405,person
/home/tyrone1/lavkush/reshaped_image_dataset/baseline/pedestrians/in000926.jpg,332,139,423,402,person
/home/tyrone1/lavkush/reshaped_image_dataset/baseline/pedestrians/in000927.jpg,327,139,417,405,person
/home/tyrone1/lavkush/reshaped_image_dataset/baseline/pedestrians/in000928.jpg,332,129,415,405,person
/home/tyrone1/lavkush/reshaped_image_dataset/baseline/pedestrians/in000929.jpg,329,136,400,407,person
/home/tyrone1/lavkush/reshaped_image_dataset/baseline/pedestrians/in000930.jpg,329,136,393,400,person
/home/tyrone1/lavkush/reshaped_image_dataset/baseline/pedestrians/in000931.jpg,329,131,388,402,person
/home/tyrone1/lavkush/reshaped_image_dataset/baseline/pedestrians/in000932.jpg,322,139,390,405,person
/home/tyrone1/lavkush/reshaped_image_dataset/baseline/pedestrians/in000933.jpg,315,136,386,407,person
/home/tyrone1/lavkush/reshaped_image_dataset/baseline/pedestrians/in000934.jpg,304,141,391,410,person
/home/tyrone1/lavkush/reshaped_image_dataset/baseline/pedestrians/in000935.jpg,295,146,390,410,person
/home/tyrone1/lavkush/reshaped_image_dataset/baseline/pedestrians/in000936.jpg,292,154,390,405,person
/home/tyrone1/lavkush/reshaped_image_dataset/baseline/pedestrians/in000937.jpg,285,141,386,407,person
/home/tyrone1/lavkush/reshaped_image_dataset/baseline/pedestrians/in000938.jpg,283,159,388,397,person
/home/tyrone1/lavkush/reshaped_image_dataset/baseline/pedestrians/in000939.jpg,275,152,386,418,person
/home/tyrone1/lavkush/reshaped_image_dataset/baseline/pedestrians/in000940.jpg,280,149,376,407,person
/home/tyrone1/lavkush/reshaped_image_dataset/baseline/pedestrians/in000941.jpg,278,144,366,387,person
/home/tyrone1/lavkush/reshaped_image_dataset/baseline/pedestrians/in000942.jpg,283,152,352,402,person
/home/tyrone1/lavkush/reshaped_image_dataset/baseline/pedestrians/in000943.jpg,283,144,356,412,person
/home/tyrone1/lavkush/reshaped_image_dataset/baseline/pedestrians/in000944.jpg,273,144,344,405,person
/home/tyrone1/lavkush/reshaped_image_dataset/baseline/pedestrians/in000945.jpg,271,136,334,407,person
/home/tyrone1/lavkush/reshaped_image_dataset/baseline/pedestrians/in000946.jpg,260,139,332,405,person
/home/tyrone1/lavkush/reshaped_image_dataset/baseline/pedestrians/in000947.jpg,249,146,332,407,person
/home/tyrone1/lavkush/reshaped_image_dataset/baseline/pedestrians/in000948.jpg,243,136,324,410,person
/home/tyrone1/lavkush/reshaped_image_dataset/baseline/pedestrians/in000949.jpg,238,139,325,415,person
/home/tyrone1/lavkush/reshaped_image_dataset/baseline/pedestrians/in000950.jpg,233,141,325,415,person
/home/tyrone1/lavkush/reshaped_image_dataset/baseline/pedestrians/in000951.jpg,222,144,329,412,person
/home/tyrone1/lavkush/reshaped_image_dataset/baseline/pedestrians/in000952.jpg,224,146,322,415,person
/home/tyrone1/lavkush/reshaped_image_dataset/baseline/pedestrians/in000953.jpg,222,144,324,415,person
/home/tyrone1/lavkush/reshaped_image_dataset/baseline/pedestrians/in000954.jpg,217,144,322,410,person
/home/tyrone1/lavkush/reshaped_image_dataset/baseline/pedestrians/in000955.jpg,216,144,324,415,person
/home/tyrone1/lavkush/reshaped_image_dataset/baseline/pedestrians/in000956.jpg,221,149,317,410,person
/home/tyrone1/lavkush/reshaped_image_dataset/baseline/pedestrians/in000957.jpg,217,139,309,415,person
/home/tyrone1/lavkush/reshaped_image_dataset/baseline/pedestrians/in000958.jpg,221,136,304,415,person
/home/tyrone1/lavkush/reshaped_image_dataset/baseline/pedestrians/in000959.jpg,217,134,295,412,person
/home/tyrone1/lavkush/reshaped_image_dataset/baseline/pedestrians/in000960.jpg,217,136,285,412,person
/home/tyrone1/lavkush/reshaped_image_dataset/baseline/pedestrians/in000962.jpg,214,139,285,415,person
/home/tyrone1/lavkush/reshaped_image_dataset/baseline/pedestrians/in000963.jpg,206,131,283,410,person
/home/tyrone1/lavkush/reshaped_image_dataset/baseline/pedestrians/in000964.jpg,204,141,282,412,person
/home/tyrone1/lavkush/reshaped_image_dataset/baseline/pedestrians/in000965.jpg,197,146,282,410,person
/home/tyrone1/lavkush/reshaped_image_dataset/baseline/pedestrians/in000966.jpg,189,139,278,407,person
/home/tyrone1/lavkush/reshaped_image_dataset/baseline/pedestrians/in000967.jpg,180,146,282,410,person
/home/tyrone1/lavkush/reshaped_image_dataset/baseline/pedestrians/in000968.jpg,177,136,275,415,person
/home/tyrone1/lavkush/reshaped_image_dataset/baseline/pedestrians/in000969.jpg,185,141,271,405,person
/home/tyrone1/lavkush/reshaped_image_dataset/baseline/pedestrians/in000970.jpg,180,144,270,410,person
/home/tyrone1/lavkush/reshaped_image_dataset/baseline/pedestrians/in000971.jpg,184,152,270,410,person
/home/tyrone1/lavkush/reshaped_image_dataset/baseline/pedestrians/in000972.jpg,173,141,263,410,person
/home/tyrone1/lavkush/reshaped_image_dataset/baseline/pedestrians/in000973.jpg,173,139,256,410,person
/home/tyrone1/lavkush/reshaped_image_dataset/baseline/pedestrians/in000974.jpg,182,139,255,410,person
/home/tyrone1/lavkush/reshaped_image_dataset/baseline/pedestrians/in000975.jpg,170,136,251,415,person
/home/tyrone1/lavkush/reshaped_image_dataset/baseline/pedestrians/in000976.jpg,177,136,243,397,person
/home/tyrone1/lavkush/reshaped_image_dataset/baseline/pedestrians/in000977.jpg,173,134,239,418,person
/home/tyrone1/lavkush/reshaped_image_dataset/baseline/pedestrians/in000978.jpg,167,134,238,418,person
/home/tyrone1/lavkush/reshaped_image_dataset/baseline/pedestrians/in000979.jpg,168,134,236,418,person
/home/tyrone1/lavkush/reshaped_image_dataset/baseline/pedestrians/in000980.jpg,163,139,238,415,person
/home/tyrone1/lavkush/reshaped_image_dataset/baseline/pedestrians/in000981.jpg,167,139,238,412,person
/home/tyrone1/lavkush/reshaped_image_dataset/baseline/pedestrians/in000982.jpg,162,131,233,412,person
/home/tyrone1/lavkush/reshaped_image_dataset/baseline/pedestrians/in000983.jpg,162,134,233,415,person
/home/tyrone1/lavkush/reshaped_image_dataset/baseline/pedestrians/in000984.jpg,160,141,234,415,person
/home/tyrone1/lavkush/reshaped_image_dataset/baseline/pedestrians/in000985.jpg,160,141,231,415,person
/home/tyrone1/lavkush/reshaped_image_dataset/baseline/pedestrians/in000986.jpg,158,129,234,423,person
/home/tyrone1/lavkush/reshaped_image_dataset/baseline/pedestrians/in000987.jpg,160,134,228,402,person
/home/tyrone1/lavkush/reshaped_image_dataset/baseline/pedestrians/in000988.jpg,162,141,234,415,person
/home/tyrone1/lavkush/reshaped_image_dataset/baseline/pedestrians/in000989.jpg,155,131,229,410,person
/home/tyrone1/lavkush/reshaped_image_dataset/baseline/pedestrians/in000990.jpg,155,136,231,412,person
/home/tyrone1/lavkush/reshaped_image_dataset/baseline/pedestrians/in000991.jpg,153,131,229,407,person
/home/tyrone1/lavkush/reshaped_image_dataset/baseline/pedestrians/in000992.jpg,146,126,222,410,person
/home/tyrone1/lavkush/reshaped_image_dataset/baseline/pedestrians/in000993.jpg,146,136,224,412,person
/home/tyrone1/lavkush/reshaped_image_dataset/baseline/pedestrians/in000994.jpg,150,136,224,410,person
/home/tyrone1/lavkush/reshaped_image_dataset/baseline/pedestrians/in000995.jpg,150,141,219,410,person
/home/tyrone1/lavkush/reshaped_image_dataset/baseline/pedestrians/in000996.jpg,141,144,217,410,person
/home/tyrone1/lavkush/reshaped_image_dataset/baseline/pedestrians/in000997.jpg,140,144,221,407,person
/home/tyrone1/lavkush/reshaped_image_dataset/baseline/pedestrians/in000998.jpg,140,154,221,410,person
/home/tyrone1/lavkush/reshaped_image_dataset/baseline/pedestrians/in000999.jpg,140,154,219,407,person
/home/tyrone1/lavkush/reshaped_image_dataset/baseline/pedestrians/in001000.jpg,121,149,217,410,person
/home/tyrone1/lavkush/reshaped_image_dataset/baseline/pedestrians/in001001.jpg,121,152,217,412,person
/home/tyrone1/lavkush/reshaped_image_dataset/baseline/pedestrians/in001002.jpg,113,162,217,410,person
/home/tyrone1/lavkush/reshaped_image_dataset/baseline/pedestrians/in001003.jpg,111,149,226,410,person
/home/tyrone1/lavkush/reshaped_image_dataset/baseline/pedestrians/in001004.jpg,106,149,226,410,person
/home/tyrone1/lavkush/reshaped_image_dataset/baseline/pedestrians/in001005.jpg,106,146,212,415,person
/home/tyrone1/lavkush/reshaped_image_dataset/baseline/pedestrians/in001006.jpg,106,152,207,412,person
/home/tyrone1/lavkush/reshaped_image_dataset/baseline/pedestrians/in001007.jpg,103,152,204,410,person
/home/tyrone1/lavkush/reshaped_image_dataset/baseline/pedestrians/in001008.jpg,97,144,190,405,person
/home/tyrone1/lavkush/reshaped_image_dataset/baseline/pedestrians/in001009.jpg,99,136,192,412,person
/home/tyrone1/lavkush/reshaped_image_dataset/baseline/pedestrians/in001010.jpg,96,141,187,418,person
/home/tyrone1/lavkush/reshaped_image_dataset/baseline/pedestrians/in001011.jpg,96,149,170,418,person
/home/tyrone1/lavkush/reshaped_image_dataset/baseline/pedestrians/in001012.jpg,92,141,168,410,person
/home/tyrone1/lavkush/reshaped_image_dataset/baseline/pedestrians/in001013.jpg,86,141,165,410,person
/home/tyrone1/lavkush/reshaped_image_dataset/baseline/pedestrians/in001014.jpg,84,141,165,418,person
/home/tyrone1/lavkush/reshaped_image_dataset/baseline/pedestrians/in001015.jpg,65,144,160,415,person
/home/tyrone1/lavkush/reshaped_image_dataset/baseline/pedestrians/in001016.jpg,64,139,168,410,person
/home/tyrone1/lavkush/reshaped_image_dataset/baseline/pedestrians/in001017.jpg,54,159,163,415,person
/home/tyrone1/lavkush/reshaped_image_dataset/baseline/pedestrians/in001018.jpg,54,154,160,412,person
/home/tyrone1/lavkush/reshaped_image_dataset/baseline/pedestrians/in001019.jpg,57,146,162,412,person
/home/tyrone1/lavkush/reshaped_image_dataset/baseline/pedestrians/in001020.jpg,47,144,160,410,person
/home/tyrone1/lavkush/reshaped_image_dataset/baseline/pedestrians/in001021.jpg,40,141,158,410,person
/home/tyrone1/lavkush/reshaped_image_dataset/baseline/pedestrians/in001022.jpg,54,146,138,410,person
/home/tyrone1/lavkush/reshaped_image_dataset/baseline/pedestrians/in001023.jpg,52,146,133,415,person
/home/tyrone1/lavkush/reshaped_image_dataset/baseline/pedestrians/in001024.jpg,48,139,121,415,person
/home/tyrone1/lavkush/reshaped_image_dataset/baseline/pedestrians/in001025.jpg,47,144,113,415,person
/home/tyrone1/lavkush/reshaped_image_dataset/baseline/pedestrians/in001026.jpg,37,144,116,407,person
/home/tyrone1/lavkush/reshaped_image_dataset/baseline/pedestrians/in001027.jpg,27,134,101,412,person
/home/tyrone1/lavkush/reshaped_image_dataset/baseline/pedestrians/in001028.jpg,25,139,104,412,person
/home/tyrone1/lavkush/reshaped_image_dataset/baseline/pedestrians/in001029.jpg,11,134,101,415,person
/home/tyrone1/lavkush/reshaped_image_dataset/baseline/pedestrians/in001030.jpg,8,134,101,410,person
/home/tyrone1/lavkush/reshaped_image_dataset/baseline/pedestrians/in001031.jpg,1,139,101,412,person
/home/tyrone1/lavkush/reshaped_image_dataset/baseline/pedestrians/in001032.jpg,1,146,101,407,person
/home/tyrone1/lavkush/reshaped_image_dataset/baseline/pedestrians/in001033.jpg,0,141,89,395,person
/home/tyrone1/lavkush/reshaped_image_dataset/baseline/pedestrians/in001034.jpg,0,149,104,405,person
/home/tyrone1/lavkush/reshaped_image_dataset/baseline/pedestrians/in001035.jpg,1,141,113,402,person
/home/tyrone1/lavkush/reshaped_image_dataset/baseline/pedestrians/in001036.jpg,0,139,97,400,person
/home/tyrone1/lavkush/reshaped_image_dataset/baseline/pedestrians/in001037.jpg,0,146,79,402,person
/home/tyrone1/lavkush/reshaped_image_dataset/baseline/pedestrians/in001038.jpg,1,139,77,410,person
/home/tyrone1/lavkush/reshaped_image_dataset/baseline/pedestrians/in001039.jpg,1,136,62,418,person
/home/tyrone1/lavkush/reshaped_image_dataset/baseline/pedestrians/in001040.jpg,0,139,60,415,person
/home/tyrone1/lavkush/reshaped_image_dataset/baseline/pedestrians/in001041.jpg,1,139,67,418,person
/home/tyrone1/lavkush/reshaped_image_dataset/baseline/pedestrians/in001042.jpg,0,131,76,415,person
/home/tyrone1/lavkush/reshaped_image_dataset/baseline/pedestrians/in001043.jpg,1,126,70,410,person
/home/tyrone1/lavkush/reshaped_image_dataset/baseline/pedestrians/in001044.jpg,1,149,62,407,person
/home/tyrone1/lavkush/reshaped_image_dataset/baseline/pedestrians/in001045.jpg,0,134,62,410,person
/home/tyrone1/lavkush/reshaped_image_dataset/baseline/pedestrians/in001046.jpg,0,172,50,412,person
/home/tyrone1/lavkush/reshaped_image_dataset/baseline/pedestrians/in001047.jpg,0,174,74,415,person
/home/tyrone1/lavkush/reshaped_image_dataset/baseline/pedestrians/in001048.jpg,0,184,70,415,person
/home/tyrone1/lavkush/reshaped_image_dataset/baseline/pedestrians/in001049.jpg,1,207,55,410,person
